-- phpMyAdmin SQL Dump
-- version 5.2.0
-- https://www.phpmyadmin.net/
--
-- Host: localhost:3306
-- Generation Time: May 12, 2024 at 04:16 PM
-- Server version: 8.0.30
-- PHP Version: 8.1.10

SET SQL_MODE = "NO_AUTO_VALUE_ON_ZERO";
START TRANSACTION;
SET time_zone = "+00:00";


/*!40101 SET @OLD_CHARACTER_SET_CLIENT=@@CHARACTER_SET_CLIENT */;
/*!40101 SET @OLD_CHARACTER_SET_RESULTS=@@CHARACTER_SET_RESULTS */;
/*!40101 SET @OLD_COLLATION_CONNECTION=@@COLLATION_CONNECTION */;
/*!40101 SET NAMES utf8mb4 */;

--
-- Database: `chamcong_chamcong`
--

-- --------------------------------------------------------

--
-- Table structure for table `admins`
--

CREATE TABLE `admins` (
  `id` char(36) COLLATE utf8mb4_unicode_ci NOT NULL,
  `username` varchar(255) COLLATE utf8mb4_unicode_ci NOT NULL,
  `email` varchar(255) COLLATE utf8mb4_unicode_ci DEFAULT NULL,
  `phone` varchar(255) COLLATE utf8mb4_unicode_ci DEFAULT NULL,
  `image` varchar(255) COLLATE utf8mb4_unicode_ci DEFAULT NULL,
  `password` varchar(255) COLLATE utf8mb4_unicode_ci NOT NULL,
  `remember_token` varchar(100) COLLATE utf8mb4_unicode_ci DEFAULT NULL,
  `last_activity` timestamp NULL DEFAULT NULL,
  `created_at` timestamp NULL DEFAULT NULL,
  `updated_at` timestamp NULL DEFAULT NULL
) ENGINE=InnoDB DEFAULT CHARSET=utf8mb4 COLLATE=utf8mb4_unicode_ci;

--
-- Dumping data for table `admins`
--

INSERT INTO `admins` (`id`, `username`, `email`, `phone`, `image`, `password`, `remember_token`, `last_activity`, `created_at`, `updated_at`) VALUES
('c69b8576-7b61-40ff-8871-5582cb1b70cb', 'admin', 'admin@gmail.com', '0374078020', 'avatar-admin-1.jpg', '$2y$12$q0PSEPWYpQIS7k6xvKfwgu0nXnG.tHs7wZhyj7bFOYd6mvEYbExue', 'b0eefd50-a498-4866-913e-50fb5981cef5', NULL, '2024-05-12 16:13:07', '2024-05-12 16:13:07');

-- --------------------------------------------------------

--
-- Table structure for table `calendars`
--

CREATE TABLE `calendars` (
  `id` bigint UNSIGNED NOT NULL,
  `start_date` datetime DEFAULT NULL,
  `end_date` datetime DEFAULT NULL,
  `open_port` varchar(255) COLLATE utf8mb4_unicode_ci NOT NULL DEFAULT '0',
  `created_at` timestamp NULL DEFAULT NULL,
  `updated_at` timestamp NULL DEFAULT NULL
) ENGINE=InnoDB DEFAULT CHARSET=utf8mb4 COLLATE=utf8mb4_unicode_ci;

--
-- Dumping data for table `calendars`
--

INSERT INTO `calendars` (`id`, `start_date`, `end_date`, `open_port`, `created_at`, `updated_at`) VALUES
(1, '2024-05-06 00:00:00', '2024-05-12 00:00:00', '1', '2024-05-12 16:13:11', '2024-05-12 16:13:11'),
(2, '2024-04-29 00:00:00', '2024-05-05 00:00:00', '1', '2024-05-12 16:13:11', '2024-05-12 16:13:11'),
(3, '2024-04-22 00:00:00', '2024-04-28 00:00:00', '1', '2024-05-12 16:13:11', '2024-05-12 16:13:11'),
(4, '2024-04-15 00:00:00', '2024-04-21 00:00:00', '1', '2024-05-12 16:13:11', '2024-05-12 16:13:11'),
(5, '2024-04-08 00:00:00', '2024-04-14 00:00:00', '1', '2024-05-12 16:13:11', '2024-05-12 16:13:11'),
(6, '2024-04-08 00:00:00', '2024-04-14 00:00:00', '1', '2024-05-12 16:13:11', '2024-05-12 16:13:11'),
(7, '2024-04-01 00:00:00', '2024-04-07 00:00:00', '1', '2024-05-12 16:13:11', '2024-05-12 16:13:11'),
(8, '2024-03-25 00:00:00', '2024-03-31 00:00:00', '1', '2024-05-12 16:13:11', '2024-05-12 16:13:11'),
(9, '2024-04-08 00:00:00', '2024-04-14 00:00:00', '1', '2024-05-12 16:13:11', '2024-05-12 16:13:11'),
(10, '2024-03-18 00:00:00', '2024-03-24 00:00:00', '1', '2024-05-12 16:13:11', '2024-05-12 16:13:11');

-- --------------------------------------------------------

--
-- Table structure for table `calendar_users`
--

CREATE TABLE `calendar_users` (
  `id` bigint UNSIGNED NOT NULL,
  `calendar_id` bigint UNSIGNED DEFAULT NULL,
  `user_id` char(36) COLLATE utf8mb4_unicode_ci DEFAULT NULL,
  `created_at` timestamp NULL DEFAULT NULL,
  `updated_at` timestamp NULL DEFAULT NULL
) ENGINE=InnoDB DEFAULT CHARSET=utf8mb4 COLLATE=utf8mb4_unicode_ci;

--
-- Dumping data for table `calendar_users`
--

INSERT INTO `calendar_users` (`id`, `calendar_id`, `user_id`, `created_at`, `updated_at`) VALUES
(1, 1, '0853b6db-db10-48e7-ac45-45f728a3d6e4', '2024-05-12 16:13:11', '2024-05-12 16:13:11'),
(2, 2, '0853b6db-db10-48e7-ac45-45f728a3d6e4', '2024-05-12 16:13:11', '2024-05-12 16:13:11'),
(3, 3, '0853b6db-db10-48e7-ac45-45f728a3d6e4', '2024-05-12 16:13:11', '2024-05-12 16:13:11'),
(4, 4, '0853b6db-db10-48e7-ac45-45f728a3d6e4', '2024-05-12 16:13:11', '2024-05-12 16:13:11'),
(5, 5, '0853b6db-db10-48e7-ac45-45f728a3d6e4', '2024-05-12 16:13:11', '2024-05-12 16:13:11'),
(6, 6, '0853b6db-db10-48e7-ac45-45f728a3d6e4', '2024-05-12 16:13:11', '2024-05-12 16:13:11'),
(7, 7, '0853b6db-db10-48e7-ac45-45f728a3d6e4', '2024-05-12 16:13:11', '2024-05-12 16:13:11'),
(8, 8, '0853b6db-db10-48e7-ac45-45f728a3d6e4', '2024-05-12 16:13:11', '2024-05-12 16:13:11'),
(9, 9, '0853b6db-db10-48e7-ac45-45f728a3d6e4', '2024-05-12 16:13:11', '2024-05-12 16:13:11'),
(10, 10, '0853b6db-db10-48e7-ac45-45f728a3d6e4', '2024-05-12 16:13:11', '2024-05-12 16:13:11'),
(11, 1, '233d626d-de50-4244-8dd1-6d598f6f9360', '2024-05-12 16:13:11', '2024-05-12 16:13:11'),
(12, 2, '233d626d-de50-4244-8dd1-6d598f6f9360', '2024-05-12 16:13:11', '2024-05-12 16:13:11'),
(13, 3, '233d626d-de50-4244-8dd1-6d598f6f9360', '2024-05-12 16:13:11', '2024-05-12 16:13:11'),
(14, 4, '233d626d-de50-4244-8dd1-6d598f6f9360', '2024-05-12 16:13:11', '2024-05-12 16:13:11'),
(15, 5, '233d626d-de50-4244-8dd1-6d598f6f9360', '2024-05-12 16:13:11', '2024-05-12 16:13:11'),
(16, 6, '233d626d-de50-4244-8dd1-6d598f6f9360', '2024-05-12 16:13:11', '2024-05-12 16:13:11'),
(17, 7, '233d626d-de50-4244-8dd1-6d598f6f9360', '2024-05-12 16:13:11', '2024-05-12 16:13:11'),
(18, 8, '233d626d-de50-4244-8dd1-6d598f6f9360', '2024-05-12 16:13:11', '2024-05-12 16:13:11'),
(19, 9, '233d626d-de50-4244-8dd1-6d598f6f9360', '2024-05-12 16:13:11', '2024-05-12 16:13:11'),
(20, 10, '233d626d-de50-4244-8dd1-6d598f6f9360', '2024-05-12 16:13:11', '2024-05-12 16:13:11'),
(21, 1, '3fe8dad9-94db-40e9-86e8-be95c868f550', '2024-05-12 16:13:11', '2024-05-12 16:13:11'),
(22, 2, '3fe8dad9-94db-40e9-86e8-be95c868f550', '2024-05-12 16:13:11', '2024-05-12 16:13:11'),
(23, 3, '3fe8dad9-94db-40e9-86e8-be95c868f550', '2024-05-12 16:13:11', '2024-05-12 16:13:11'),
(24, 4, '3fe8dad9-94db-40e9-86e8-be95c868f550', '2024-05-12 16:13:11', '2024-05-12 16:13:11'),
(25, 5, '3fe8dad9-94db-40e9-86e8-be95c868f550', '2024-05-12 16:13:11', '2024-05-12 16:13:11'),
(26, 6, '3fe8dad9-94db-40e9-86e8-be95c868f550', '2024-05-12 16:13:11', '2024-05-12 16:13:11'),
(27, 7, '3fe8dad9-94db-40e9-86e8-be95c868f550', '2024-05-12 16:13:11', '2024-05-12 16:13:11'),
(28, 8, '3fe8dad9-94db-40e9-86e8-be95c868f550', '2024-05-12 16:13:11', '2024-05-12 16:13:11'),
(29, 9, '3fe8dad9-94db-40e9-86e8-be95c868f550', '2024-05-12 16:13:11', '2024-05-12 16:13:11'),
(30, 10, '3fe8dad9-94db-40e9-86e8-be95c868f550', '2024-05-12 16:13:11', '2024-05-12 16:13:11'),
(31, 1, '60258b59-f1ec-4873-985c-f5008d33410c', '2024-05-12 16:13:11', '2024-05-12 16:13:11'),
(32, 2, '60258b59-f1ec-4873-985c-f5008d33410c', '2024-05-12 16:13:11', '2024-05-12 16:13:11'),
(33, 3, '60258b59-f1ec-4873-985c-f5008d33410c', '2024-05-12 16:13:11', '2024-05-12 16:13:11'),
(34, 4, '60258b59-f1ec-4873-985c-f5008d33410c', '2024-05-12 16:13:11', '2024-05-12 16:13:11'),
(35, 5, '60258b59-f1ec-4873-985c-f5008d33410c', '2024-05-12 16:13:11', '2024-05-12 16:13:11'),
(36, 6, '60258b59-f1ec-4873-985c-f5008d33410c', '2024-05-12 16:13:11', '2024-05-12 16:13:11'),
(37, 7, '60258b59-f1ec-4873-985c-f5008d33410c', '2024-05-12 16:13:11', '2024-05-12 16:13:11'),
(38, 8, '60258b59-f1ec-4873-985c-f5008d33410c', '2024-05-12 16:13:11', '2024-05-12 16:13:11'),
(39, 9, '60258b59-f1ec-4873-985c-f5008d33410c', '2024-05-12 16:13:11', '2024-05-12 16:13:11'),
(40, 10, '60258b59-f1ec-4873-985c-f5008d33410c', '2024-05-12 16:13:11', '2024-05-12 16:13:11'),
(41, 1, '8af006cf-b93d-4f6a-aad3-385e94fc0fd2', '2024-05-12 16:13:11', '2024-05-12 16:13:11'),
(42, 2, '8af006cf-b93d-4f6a-aad3-385e94fc0fd2', '2024-05-12 16:13:11', '2024-05-12 16:13:11'),
(43, 3, '8af006cf-b93d-4f6a-aad3-385e94fc0fd2', '2024-05-12 16:13:11', '2024-05-12 16:13:11'),
(44, 4, '8af006cf-b93d-4f6a-aad3-385e94fc0fd2', '2024-05-12 16:13:11', '2024-05-12 16:13:11'),
(45, 5, '8af006cf-b93d-4f6a-aad3-385e94fc0fd2', '2024-05-12 16:13:11', '2024-05-12 16:13:11'),
(46, 6, '8af006cf-b93d-4f6a-aad3-385e94fc0fd2', '2024-05-12 16:13:11', '2024-05-12 16:13:11'),
(47, 7, '8af006cf-b93d-4f6a-aad3-385e94fc0fd2', '2024-05-12 16:13:11', '2024-05-12 16:13:11'),
(48, 8, '8af006cf-b93d-4f6a-aad3-385e94fc0fd2', '2024-05-12 16:13:11', '2024-05-12 16:13:11'),
(49, 9, '8af006cf-b93d-4f6a-aad3-385e94fc0fd2', '2024-05-12 16:13:11', '2024-05-12 16:13:11'),
(50, 10, '8af006cf-b93d-4f6a-aad3-385e94fc0fd2', '2024-05-12 16:13:11', '2024-05-12 16:13:11'),
(51, 1, '92e13d3c-4da1-4458-acb9-1ebd68c02cf0', '2024-05-12 16:13:11', '2024-05-12 16:13:11'),
(52, 2, '92e13d3c-4da1-4458-acb9-1ebd68c02cf0', '2024-05-12 16:13:11', '2024-05-12 16:13:11'),
(53, 3, '92e13d3c-4da1-4458-acb9-1ebd68c02cf0', '2024-05-12 16:13:11', '2024-05-12 16:13:11'),
(54, 4, '92e13d3c-4da1-4458-acb9-1ebd68c02cf0', '2024-05-12 16:13:11', '2024-05-12 16:13:11'),
(55, 5, '92e13d3c-4da1-4458-acb9-1ebd68c02cf0', '2024-05-12 16:13:11', '2024-05-12 16:13:11'),
(56, 6, '92e13d3c-4da1-4458-acb9-1ebd68c02cf0', '2024-05-12 16:13:11', '2024-05-12 16:13:11'),
(57, 7, '92e13d3c-4da1-4458-acb9-1ebd68c02cf0', '2024-05-12 16:13:11', '2024-05-12 16:13:11'),
(58, 8, '92e13d3c-4da1-4458-acb9-1ebd68c02cf0', '2024-05-12 16:13:11', '2024-05-12 16:13:11'),
(59, 9, '92e13d3c-4da1-4458-acb9-1ebd68c02cf0', '2024-05-12 16:13:11', '2024-05-12 16:13:11'),
(60, 10, '92e13d3c-4da1-4458-acb9-1ebd68c02cf0', '2024-05-12 16:13:11', '2024-05-12 16:13:11'),
(61, 1, '9e248025-e7c5-4ff9-a470-c82184671297', '2024-05-12 16:13:11', '2024-05-12 16:13:11'),
(62, 2, '9e248025-e7c5-4ff9-a470-c82184671297', '2024-05-12 16:13:11', '2024-05-12 16:13:11'),
(63, 3, '9e248025-e7c5-4ff9-a470-c82184671297', '2024-05-12 16:13:11', '2024-05-12 16:13:11'),
(64, 4, '9e248025-e7c5-4ff9-a470-c82184671297', '2024-05-12 16:13:11', '2024-05-12 16:13:11'),
(65, 5, '9e248025-e7c5-4ff9-a470-c82184671297', '2024-05-12 16:13:11', '2024-05-12 16:13:11'),
(66, 6, '9e248025-e7c5-4ff9-a470-c82184671297', '2024-05-12 16:13:11', '2024-05-12 16:13:11'),
(67, 7, '9e248025-e7c5-4ff9-a470-c82184671297', '2024-05-12 16:13:11', '2024-05-12 16:13:11'),
(68, 8, '9e248025-e7c5-4ff9-a470-c82184671297', '2024-05-12 16:13:11', '2024-05-12 16:13:11'),
(69, 9, '9e248025-e7c5-4ff9-a470-c82184671297', '2024-05-12 16:13:11', '2024-05-12 16:13:11'),
(70, 10, '9e248025-e7c5-4ff9-a470-c82184671297', '2024-05-12 16:13:11', '2024-05-12 16:13:11'),
(71, 1, 'bc8b5621-1b7e-4654-90b0-dd27f64a5d47', '2024-05-12 16:13:11', '2024-05-12 16:13:11'),
(72, 2, 'bc8b5621-1b7e-4654-90b0-dd27f64a5d47', '2024-05-12 16:13:11', '2024-05-12 16:13:11'),
(73, 3, 'bc8b5621-1b7e-4654-90b0-dd27f64a5d47', '2024-05-12 16:13:11', '2024-05-12 16:13:11'),
(74, 4, 'bc8b5621-1b7e-4654-90b0-dd27f64a5d47', '2024-05-12 16:13:11', '2024-05-12 16:13:11'),
(75, 5, 'bc8b5621-1b7e-4654-90b0-dd27f64a5d47', '2024-05-12 16:13:11', '2024-05-12 16:13:11'),
(76, 6, 'bc8b5621-1b7e-4654-90b0-dd27f64a5d47', '2024-05-12 16:13:11', '2024-05-12 16:13:11'),
(77, 7, 'bc8b5621-1b7e-4654-90b0-dd27f64a5d47', '2024-05-12 16:13:11', '2024-05-12 16:13:11'),
(78, 8, 'bc8b5621-1b7e-4654-90b0-dd27f64a5d47', '2024-05-12 16:13:11', '2024-05-12 16:13:11'),
(79, 9, 'bc8b5621-1b7e-4654-90b0-dd27f64a5d47', '2024-05-12 16:13:11', '2024-05-12 16:13:11'),
(80, 10, 'bc8b5621-1b7e-4654-90b0-dd27f64a5d47', '2024-05-12 16:13:11', '2024-05-12 16:13:11'),
(81, 1, 'd82a1f22-0fd6-47e6-a6de-baae5fbf017a', '2024-05-12 16:13:11', '2024-05-12 16:13:11'),
(82, 2, 'd82a1f22-0fd6-47e6-a6de-baae5fbf017a', '2024-05-12 16:13:11', '2024-05-12 16:13:11'),
(83, 3, 'd82a1f22-0fd6-47e6-a6de-baae5fbf017a', '2024-05-12 16:13:11', '2024-05-12 16:13:11'),
(84, 4, 'd82a1f22-0fd6-47e6-a6de-baae5fbf017a', '2024-05-12 16:13:11', '2024-05-12 16:13:11'),
(85, 5, 'd82a1f22-0fd6-47e6-a6de-baae5fbf017a', '2024-05-12 16:13:11', '2024-05-12 16:13:11'),
(86, 6, 'd82a1f22-0fd6-47e6-a6de-baae5fbf017a', '2024-05-12 16:13:11', '2024-05-12 16:13:11'),
(87, 7, 'd82a1f22-0fd6-47e6-a6de-baae5fbf017a', '2024-05-12 16:13:11', '2024-05-12 16:13:11'),
(88, 8, 'd82a1f22-0fd6-47e6-a6de-baae5fbf017a', '2024-05-12 16:13:11', '2024-05-12 16:13:11'),
(89, 9, 'd82a1f22-0fd6-47e6-a6de-baae5fbf017a', '2024-05-12 16:13:11', '2024-05-12 16:13:11'),
(90, 10, 'd82a1f22-0fd6-47e6-a6de-baae5fbf017a', '2024-05-12 16:13:11', '2024-05-12 16:13:11'),
(91, 1, 'ec2625bf-612c-4f5a-a68b-081c946820a3', '2024-05-12 16:13:11', '2024-05-12 16:13:11'),
(92, 2, 'ec2625bf-612c-4f5a-a68b-081c946820a3', '2024-05-12 16:13:11', '2024-05-12 16:13:11'),
(93, 3, 'ec2625bf-612c-4f5a-a68b-081c946820a3', '2024-05-12 16:13:11', '2024-05-12 16:13:11'),
(94, 4, 'ec2625bf-612c-4f5a-a68b-081c946820a3', '2024-05-12 16:13:11', '2024-05-12 16:13:11'),
(95, 5, 'ec2625bf-612c-4f5a-a68b-081c946820a3', '2024-05-12 16:13:11', '2024-05-12 16:13:11'),
(96, 6, 'ec2625bf-612c-4f5a-a68b-081c946820a3', '2024-05-12 16:13:11', '2024-05-12 16:13:11'),
(97, 7, 'ec2625bf-612c-4f5a-a68b-081c946820a3', '2024-05-12 16:13:11', '2024-05-12 16:13:11'),
(98, 8, 'ec2625bf-612c-4f5a-a68b-081c946820a3', '2024-05-12 16:13:11', '2024-05-12 16:13:11'),
(99, 9, 'ec2625bf-612c-4f5a-a68b-081c946820a3', '2024-05-12 16:13:11', '2024-05-12 16:13:11'),
(100, 10, 'ec2625bf-612c-4f5a-a68b-081c946820a3', '2024-05-12 16:13:11', '2024-05-12 16:13:11'),
(101, 1, 'ef6e1ec4-592a-4d6f-a795-e93f2e7acfc6', '2024-05-12 16:13:11', '2024-05-12 16:13:11'),
(102, 2, 'ef6e1ec4-592a-4d6f-a795-e93f2e7acfc6', '2024-05-12 16:13:11', '2024-05-12 16:13:11'),
(103, 3, 'ef6e1ec4-592a-4d6f-a795-e93f2e7acfc6', '2024-05-12 16:13:11', '2024-05-12 16:13:11'),
(104, 4, 'ef6e1ec4-592a-4d6f-a795-e93f2e7acfc6', '2024-05-12 16:13:11', '2024-05-12 16:13:11'),
(105, 5, 'ef6e1ec4-592a-4d6f-a795-e93f2e7acfc6', '2024-05-12 16:13:11', '2024-05-12 16:13:11'),
(106, 6, 'ef6e1ec4-592a-4d6f-a795-e93f2e7acfc6', '2024-05-12 16:13:11', '2024-05-12 16:13:11'),
(107, 7, 'ef6e1ec4-592a-4d6f-a795-e93f2e7acfc6', '2024-05-12 16:13:11', '2024-05-12 16:13:11'),
(108, 8, 'ef6e1ec4-592a-4d6f-a795-e93f2e7acfc6', '2024-05-12 16:13:11', '2024-05-12 16:13:11'),
(109, 9, 'ef6e1ec4-592a-4d6f-a795-e93f2e7acfc6', '2024-05-12 16:13:11', '2024-05-12 16:13:11'),
(110, 10, 'ef6e1ec4-592a-4d6f-a795-e93f2e7acfc6', '2024-05-12 16:13:11', '2024-05-12 16:13:11');

-- --------------------------------------------------------

--
-- Table structure for table `detail_timekeeps`
--

CREATE TABLE `detail_timekeeps` (
  `id` bigint UNSIGNED NOT NULL,
  `timekeep_id` bigint UNSIGNED DEFAULT NULL,
  `calendar_id` bigint UNSIGNED DEFAULT NULL,
  `user_id` char(36) COLLATE utf8mb4_unicode_ci DEFAULT NULL,
  `month` int UNSIGNED DEFAULT NULL,
  `shift` int UNSIGNED NOT NULL DEFAULT '0',
  `status` varchar(255) COLLATE utf8mb4_unicode_ci DEFAULT NULL,
  `created_at` timestamp NULL DEFAULT NULL,
  `updated_at` timestamp NULL DEFAULT NULL
) ENGINE=InnoDB DEFAULT CHARSET=utf8mb4 COLLATE=utf8mb4_unicode_ci;

--
-- Dumping data for table `detail_timekeeps`
--

INSERT INTO `detail_timekeeps` (`id`, `timekeep_id`, `calendar_id`, `user_id`, `month`, `shift`, `status`, `created_at`, `updated_at`) VALUES
(1, 1, 1, '0853b6db-db10-48e7-ac45-45f728a3d6e4', 5, 0, '1', '2024-05-12 16:13:14', '2024-05-12 16:13:14'),
(2, 2, 1, '0853b6db-db10-48e7-ac45-45f728a3d6e4', 5, 3, '1', '2024-05-12 16:13:14', '2024-05-12 16:13:14'),
(3, 3, 1, '0853b6db-db10-48e7-ac45-45f728a3d6e4', 5, 0, '3', '2024-05-12 16:13:14', '2024-05-12 16:13:14'),
(4, 4, 1, '0853b6db-db10-48e7-ac45-45f728a3d6e4', 5, 0, '1', '2024-05-12 16:13:14', '2024-05-12 16:13:14'),
(5, 5, 1, '0853b6db-db10-48e7-ac45-45f728a3d6e4', 5, 0, '1', '2024-05-12 16:13:14', '2024-05-12 16:13:14'),
(6, 6, 1, '0853b6db-db10-48e7-ac45-45f728a3d6e4', 5, 0, '1', '2024-05-12 16:13:14', '2024-05-12 16:13:14'),
(7, 7, 1, '0853b6db-db10-48e7-ac45-45f728a3d6e4', 5, 0, '3', '2024-05-12 16:13:14', '2024-05-12 16:13:14'),
(8, 8, 2, '0853b6db-db10-48e7-ac45-45f728a3d6e4', 4, 3, '2', '2024-05-12 16:13:14', '2024-05-12 16:13:14'),
(9, 9, 2, '0853b6db-db10-48e7-ac45-45f728a3d6e4', 4, 0, '1', '2024-05-12 16:13:14', '2024-05-12 16:13:14'),
(10, 10, 2, '0853b6db-db10-48e7-ac45-45f728a3d6e4', 4, 0, '1', '2024-05-12 16:13:14', '2024-05-12 16:13:14'),
(11, 11, 2, '0853b6db-db10-48e7-ac45-45f728a3d6e4', 4, 0, '4', '2024-05-12 16:13:14', '2024-05-12 16:13:14'),
(12, 12, 2, '0853b6db-db10-48e7-ac45-45f728a3d6e4', 4, 2, '1', '2024-05-12 16:13:14', '2024-05-12 16:13:14'),
(13, 13, 2, '0853b6db-db10-48e7-ac45-45f728a3d6e4', 4, 3, '1', '2024-05-12 16:13:14', '2024-05-12 16:13:14'),
(14, 14, 2, '0853b6db-db10-48e7-ac45-45f728a3d6e4', 4, 3, '1', '2024-05-12 16:13:14', '2024-05-12 16:13:14'),
(15, 15, 3, '0853b6db-db10-48e7-ac45-45f728a3d6e4', 4, 0, '1', '2024-05-12 16:13:14', '2024-05-12 16:13:14'),
(16, 16, 3, '0853b6db-db10-48e7-ac45-45f728a3d6e4', 4, 2, '2', '2024-05-12 16:13:14', '2024-05-12 16:13:14'),
(17, 17, 3, '0853b6db-db10-48e7-ac45-45f728a3d6e4', 4, 0, '1', '2024-05-12 16:13:14', '2024-05-12 16:13:14'),
(18, 18, 3, '0853b6db-db10-48e7-ac45-45f728a3d6e4', 4, 0, '1', '2024-05-12 16:13:14', '2024-05-12 16:13:14'),
(19, 19, 3, '0853b6db-db10-48e7-ac45-45f728a3d6e4', 4, 3, '2', '2024-05-12 16:13:14', '2024-05-12 16:13:14'),
(20, 19, 3, '0853b6db-db10-48e7-ac45-45f728a3d6e4', 4, 3, '3', '2024-05-12 16:13:14', '2024-05-12 16:13:14'),
(21, 20, 3, '0853b6db-db10-48e7-ac45-45f728a3d6e4', 4, 2, '2', '2024-05-12 16:13:14', '2024-05-12 16:13:14'),
(22, 21, 3, '0853b6db-db10-48e7-ac45-45f728a3d6e4', 4, 0, '2', '2024-05-12 16:13:14', '2024-05-12 16:13:14'),
(23, 22, 4, '0853b6db-db10-48e7-ac45-45f728a3d6e4', 4, 2, '1', '2024-05-12 16:13:14', '2024-05-12 16:13:14'),
(24, 23, 4, '0853b6db-db10-48e7-ac45-45f728a3d6e4', 4, 0, '1', '2024-05-12 16:13:14', '2024-05-12 16:13:14'),
(25, 24, 4, '0853b6db-db10-48e7-ac45-45f728a3d6e4', 4, 3, '1', '2024-05-12 16:13:14', '2024-05-12 16:13:14'),
(26, 25, 4, '0853b6db-db10-48e7-ac45-45f728a3d6e4', 4, 0, '3', '2024-05-12 16:13:14', '2024-05-12 16:13:14'),
(27, 27, 4, '0853b6db-db10-48e7-ac45-45f728a3d6e4', 4, 0, '3', '2024-05-12 16:13:14', '2024-05-12 16:13:14'),
(28, 28, 4, '0853b6db-db10-48e7-ac45-45f728a3d6e4', 4, 0, '1', '2024-05-12 16:13:14', '2024-05-12 16:13:14'),
(29, 29, 5, '0853b6db-db10-48e7-ac45-45f728a3d6e4', 4, 0, '4', '2024-05-12 16:13:14', '2024-05-12 16:13:14'),
(30, 30, 5, '0853b6db-db10-48e7-ac45-45f728a3d6e4', 4, 0, '1', '2024-05-12 16:13:14', '2024-05-12 16:13:14'),
(31, 31, 5, '0853b6db-db10-48e7-ac45-45f728a3d6e4', 4, 0, '4', '2024-05-12 16:13:14', '2024-05-12 16:13:14'),
(32, 32, 5, '0853b6db-db10-48e7-ac45-45f728a3d6e4', 4, 0, '1', '2024-05-12 16:13:14', '2024-05-12 16:13:14'),
(33, 33, 5, '0853b6db-db10-48e7-ac45-45f728a3d6e4', 4, 3, '3', '2024-05-12 16:13:14', '2024-05-12 16:13:14'),
(34, 34, 5, '0853b6db-db10-48e7-ac45-45f728a3d6e4', 4, 3, '2', '2024-05-12 16:13:14', '2024-05-12 16:13:14'),
(35, 35, 5, '0853b6db-db10-48e7-ac45-45f728a3d6e4', 4, 0, '1', '2024-05-12 16:13:14', '2024-05-12 16:13:14'),
(36, 36, 6, '0853b6db-db10-48e7-ac45-45f728a3d6e4', 4, 0, '1', '2024-05-12 16:13:14', '2024-05-12 16:13:14'),
(37, 37, 6, '0853b6db-db10-48e7-ac45-45f728a3d6e4', 4, 0, '1', '2024-05-12 16:13:14', '2024-05-12 16:13:14'),
(38, 38, 6, '0853b6db-db10-48e7-ac45-45f728a3d6e4', 4, 0, '2', '2024-05-12 16:13:14', '2024-05-12 16:13:14'),
(39, 39, 6, '0853b6db-db10-48e7-ac45-45f728a3d6e4', 4, 0, '1', '2024-05-12 16:13:14', '2024-05-12 16:13:14'),
(40, 40, 6, '0853b6db-db10-48e7-ac45-45f728a3d6e4', 4, 0, '2', '2024-05-12 16:13:14', '2024-05-12 16:13:14'),
(41, 41, 6, '0853b6db-db10-48e7-ac45-45f728a3d6e4', 4, 0, '1', '2024-05-12 16:13:14', '2024-05-12 16:13:14'),
(42, 42, 6, '0853b6db-db10-48e7-ac45-45f728a3d6e4', 4, 3, '3', '2024-05-12 16:13:14', '2024-05-12 16:13:14'),
(43, 43, 7, '0853b6db-db10-48e7-ac45-45f728a3d6e4', 4, 0, '1', '2024-05-12 16:13:14', '2024-05-12 16:13:14'),
(44, 44, 7, '0853b6db-db10-48e7-ac45-45f728a3d6e4', 4, 3, '1', '2024-05-12 16:13:14', '2024-05-12 16:13:14'),
(45, 45, 7, '0853b6db-db10-48e7-ac45-45f728a3d6e4', 4, 3, '1', '2024-05-12 16:13:14', '2024-05-12 16:13:14'),
(46, 46, 7, '0853b6db-db10-48e7-ac45-45f728a3d6e4', 4, 3, '1', '2024-05-12 16:13:14', '2024-05-12 16:13:14'),
(47, 47, 7, '0853b6db-db10-48e7-ac45-45f728a3d6e4', 4, 0, '1', '2024-05-12 16:13:14', '2024-05-12 16:13:14'),
(48, 48, 7, '0853b6db-db10-48e7-ac45-45f728a3d6e4', 4, 3, '3', '2024-05-12 16:13:14', '2024-05-12 16:13:14'),
(49, 49, 7, '0853b6db-db10-48e7-ac45-45f728a3d6e4', 4, 0, '3', '2024-05-12 16:13:14', '2024-05-12 16:13:14'),
(50, 50, 8, '0853b6db-db10-48e7-ac45-45f728a3d6e4', 3, 2, '1', '2024-05-12 16:13:14', '2024-05-12 16:13:14'),
(51, 51, 8, '0853b6db-db10-48e7-ac45-45f728a3d6e4', 3, 0, '2', '2024-05-12 16:13:14', '2024-05-12 16:13:14'),
(52, 52, 8, '0853b6db-db10-48e7-ac45-45f728a3d6e4', 3, 0, '3', '2024-05-12 16:13:14', '2024-05-12 16:13:14'),
(53, 53, 8, '0853b6db-db10-48e7-ac45-45f728a3d6e4', 3, 0, '4', '2024-05-12 16:13:14', '2024-05-12 16:13:14'),
(54, 54, 8, '0853b6db-db10-48e7-ac45-45f728a3d6e4', 3, 0, '1', '2024-05-12 16:13:14', '2024-05-12 16:13:14'),
(55, 55, 8, '0853b6db-db10-48e7-ac45-45f728a3d6e4', 3, 0, '1', '2024-05-12 16:13:14', '2024-05-12 16:13:14'),
(56, 56, 8, '0853b6db-db10-48e7-ac45-45f728a3d6e4', 3, 2, '2', '2024-05-12 16:13:14', '2024-05-12 16:13:14'),
(57, 57, 9, '0853b6db-db10-48e7-ac45-45f728a3d6e4', 4, 0, '1', '2024-05-12 16:13:14', '2024-05-12 16:13:14'),
(58, 58, 9, '0853b6db-db10-48e7-ac45-45f728a3d6e4', 4, 0, '1', '2024-05-12 16:13:14', '2024-05-12 16:13:14'),
(59, 59, 9, '0853b6db-db10-48e7-ac45-45f728a3d6e4', 4, 0, '1', '2024-05-12 16:13:14', '2024-05-12 16:13:14'),
(60, 60, 9, '0853b6db-db10-48e7-ac45-45f728a3d6e4', 4, 3, '3', '2024-05-12 16:13:14', '2024-05-12 16:13:14'),
(61, 61, 9, '0853b6db-db10-48e7-ac45-45f728a3d6e4', 4, 0, '3', '2024-05-12 16:13:14', '2024-05-12 16:13:14'),
(62, 62, 9, '0853b6db-db10-48e7-ac45-45f728a3d6e4', 4, 0, '1', '2024-05-12 16:13:14', '2024-05-12 16:13:14'),
(63, 63, 9, '0853b6db-db10-48e7-ac45-45f728a3d6e4', 4, 0, '4', '2024-05-12 16:13:14', '2024-05-12 16:13:14'),
(64, 64, 10, '0853b6db-db10-48e7-ac45-45f728a3d6e4', 3, 0, '4', '2024-05-12 16:13:14', '2024-05-12 16:13:14'),
(65, 65, 10, '0853b6db-db10-48e7-ac45-45f728a3d6e4', 3, 0, '1', '2024-05-12 16:13:14', '2024-05-12 16:13:14'),
(66, 66, 10, '0853b6db-db10-48e7-ac45-45f728a3d6e4', 3, 0, '4', '2024-05-12 16:13:14', '2024-05-12 16:13:14'),
(67, 67, 10, '0853b6db-db10-48e7-ac45-45f728a3d6e4', 3, 0, '1', '2024-05-12 16:13:14', '2024-05-12 16:13:14'),
(68, 68, 10, '0853b6db-db10-48e7-ac45-45f728a3d6e4', 3, 0, '1', '2024-05-12 16:13:14', '2024-05-12 16:13:14'),
(69, 69, 10, '0853b6db-db10-48e7-ac45-45f728a3d6e4', 3, 0, '1', '2024-05-12 16:13:14', '2024-05-12 16:13:14'),
(70, 70, 10, '0853b6db-db10-48e7-ac45-45f728a3d6e4', 3, 0, '4', '2024-05-12 16:13:14', '2024-05-12 16:13:14'),
(71, 71, 1, '233d626d-de50-4244-8dd1-6d598f6f9360', 5, 0, '1', '2024-05-12 16:13:14', '2024-05-12 16:13:14'),
(72, 72, 1, '233d626d-de50-4244-8dd1-6d598f6f9360', 5, 0, '1', '2024-05-12 16:13:14', '2024-05-12 16:13:14'),
(73, 73, 1, '233d626d-de50-4244-8dd1-6d598f6f9360', 5, 0, '1', '2024-05-12 16:13:14', '2024-05-12 16:13:14'),
(74, 74, 1, '233d626d-de50-4244-8dd1-6d598f6f9360', 5, 0, '4', '2024-05-12 16:13:14', '2024-05-12 16:13:14'),
(75, 75, 1, '233d626d-de50-4244-8dd1-6d598f6f9360', 5, 0, '1', '2024-05-12 16:13:14', '2024-05-12 16:13:14'),
(76, 76, 1, '233d626d-de50-4244-8dd1-6d598f6f9360', 5, 0, '1', '2024-05-12 16:13:14', '2024-05-12 16:13:14'),
(77, 77, 1, '233d626d-de50-4244-8dd1-6d598f6f9360', 5, 2, '1', '2024-05-12 16:13:14', '2024-05-12 16:13:14'),
(78, 78, 2, '233d626d-de50-4244-8dd1-6d598f6f9360', 4, 3, '2', '2024-05-12 16:13:14', '2024-05-12 16:13:14'),
(79, 78, 2, '233d626d-de50-4244-8dd1-6d598f6f9360', 4, 3, '3', '2024-05-12 16:13:14', '2024-05-12 16:13:14'),
(80, 79, 2, '233d626d-de50-4244-8dd1-6d598f6f9360', 4, 0, '1', '2024-05-12 16:13:14', '2024-05-12 16:13:14'),
(81, 80, 2, '233d626d-de50-4244-8dd1-6d598f6f9360', 4, 2, '1', '2024-05-12 16:13:14', '2024-05-12 16:13:14'),
(82, 81, 2, '233d626d-de50-4244-8dd1-6d598f6f9360', 4, 0, '1', '2024-05-12 16:13:14', '2024-05-12 16:13:14'),
(83, 82, 2, '233d626d-de50-4244-8dd1-6d598f6f9360', 4, 0, '3', '2024-05-12 16:13:14', '2024-05-12 16:13:14'),
(84, 83, 2, '233d626d-de50-4244-8dd1-6d598f6f9360', 4, 3, '2', '2024-05-12 16:13:14', '2024-05-12 16:13:14'),
(85, 84, 2, '233d626d-de50-4244-8dd1-6d598f6f9360', 4, 0, '4', '2024-05-12 16:13:14', '2024-05-12 16:13:14'),
(86, 85, 3, '233d626d-de50-4244-8dd1-6d598f6f9360', 4, 0, '1', '2024-05-12 16:13:14', '2024-05-12 16:13:14'),
(87, 86, 3, '233d626d-de50-4244-8dd1-6d598f6f9360', 4, 2, '1', '2024-05-12 16:13:14', '2024-05-12 16:13:14'),
(88, 87, 3, '233d626d-de50-4244-8dd1-6d598f6f9360', 4, 0, '1', '2024-05-12 16:13:14', '2024-05-12 16:13:14'),
(89, 88, 3, '233d626d-de50-4244-8dd1-6d598f6f9360', 4, 0, '3', '2024-05-12 16:13:14', '2024-05-12 16:13:14'),
(90, 89, 3, '233d626d-de50-4244-8dd1-6d598f6f9360', 4, 0, '3', '2024-05-12 16:13:14', '2024-05-12 16:13:14'),
(91, 90, 3, '233d626d-de50-4244-8dd1-6d598f6f9360', 4, 0, '1', '2024-05-12 16:13:14', '2024-05-12 16:13:14'),
(92, 91, 3, '233d626d-de50-4244-8dd1-6d598f6f9360', 4, 0, '1', '2024-05-12 16:13:14', '2024-05-12 16:13:14'),
(93, 92, 4, '233d626d-de50-4244-8dd1-6d598f6f9360', 4, 0, '1', '2024-05-12 16:13:14', '2024-05-12 16:13:14'),
(94, 93, 4, '233d626d-de50-4244-8dd1-6d598f6f9360', 4, 0, '1', '2024-05-12 16:13:14', '2024-05-12 16:13:14'),
(95, 94, 4, '233d626d-de50-4244-8dd1-6d598f6f9360', 4, 3, '2', '2024-05-12 16:13:14', '2024-05-12 16:13:14'),
(96, 95, 4, '233d626d-de50-4244-8dd1-6d598f6f9360', 4, 0, '1', '2024-05-12 16:13:14', '2024-05-12 16:13:14'),
(97, 96, 4, '233d626d-de50-4244-8dd1-6d598f6f9360', 4, 0, '1', '2024-05-12 16:13:14', '2024-05-12 16:13:14'),
(98, 97, 4, '233d626d-de50-4244-8dd1-6d598f6f9360', 4, 2, '1', '2024-05-12 16:13:14', '2024-05-12 16:13:14'),
(99, 98, 4, '233d626d-de50-4244-8dd1-6d598f6f9360', 4, 3, '3', '2024-05-12 16:13:14', '2024-05-12 16:13:14'),
(100, 99, 5, '233d626d-de50-4244-8dd1-6d598f6f9360', 4, 2, '2', '2024-05-12 16:13:14', '2024-05-12 16:13:14'),
(101, 100, 5, '233d626d-de50-4244-8dd1-6d598f6f9360', 4, 0, '2', '2024-05-12 16:13:14', '2024-05-12 16:13:14'),
(102, 100, 5, '233d626d-de50-4244-8dd1-6d598f6f9360', 4, 0, '3', '2024-05-12 16:13:14', '2024-05-12 16:13:14'),
(103, 101, 5, '233d626d-de50-4244-8dd1-6d598f6f9360', 4, 0, '2', '2024-05-12 16:13:14', '2024-05-12 16:13:14'),
(104, 102, 5, '233d626d-de50-4244-8dd1-6d598f6f9360', 4, 0, '1', '2024-05-12 16:13:14', '2024-05-12 16:13:14'),
(105, 103, 5, '233d626d-de50-4244-8dd1-6d598f6f9360', 4, 0, '1', '2024-05-12 16:13:14', '2024-05-12 16:13:14'),
(106, 104, 5, '233d626d-de50-4244-8dd1-6d598f6f9360', 4, 0, '1', '2024-05-12 16:13:14', '2024-05-12 16:13:14'),
(107, 105, 5, '233d626d-de50-4244-8dd1-6d598f6f9360', 4, 3, '1', '2024-05-12 16:13:14', '2024-05-12 16:13:14'),
(108, 106, 6, '233d626d-de50-4244-8dd1-6d598f6f9360', 4, 0, '4', '2024-05-12 16:13:14', '2024-05-12 16:13:14'),
(109, 107, 6, '233d626d-de50-4244-8dd1-6d598f6f9360', 4, 0, '1', '2024-05-12 16:13:14', '2024-05-12 16:13:14'),
(110, 108, 6, '233d626d-de50-4244-8dd1-6d598f6f9360', 4, 0, '1', '2024-05-12 16:13:14', '2024-05-12 16:13:14'),
(111, 109, 6, '233d626d-de50-4244-8dd1-6d598f6f9360', 4, 0, '4', '2024-05-12 16:13:14', '2024-05-12 16:13:14'),
(112, 110, 6, '233d626d-de50-4244-8dd1-6d598f6f9360', 4, 0, '1', '2024-05-12 16:13:14', '2024-05-12 16:13:14'),
(113, 111, 6, '233d626d-de50-4244-8dd1-6d598f6f9360', 4, 0, '1', '2024-05-12 16:13:14', '2024-05-12 16:13:14'),
(114, 112, 6, '233d626d-de50-4244-8dd1-6d598f6f9360', 4, 0, '3', '2024-05-12 16:13:14', '2024-05-12 16:13:14'),
(115, 113, 7, '233d626d-de50-4244-8dd1-6d598f6f9360', 4, 0, '1', '2024-05-12 16:13:14', '2024-05-12 16:13:14'),
(116, 114, 7, '233d626d-de50-4244-8dd1-6d598f6f9360', 4, 0, '3', '2024-05-12 16:13:14', '2024-05-12 16:13:14'),
(117, 115, 7, '233d626d-de50-4244-8dd1-6d598f6f9360', 4, 0, '1', '2024-05-12 16:13:14', '2024-05-12 16:13:14'),
(118, 116, 7, '233d626d-de50-4244-8dd1-6d598f6f9360', 4, 0, '3', '2024-05-12 16:13:14', '2024-05-12 16:13:14'),
(119, 117, 7, '233d626d-de50-4244-8dd1-6d598f6f9360', 4, 2, '1', '2024-05-12 16:13:15', '2024-05-12 16:13:15'),
(120, 118, 7, '233d626d-de50-4244-8dd1-6d598f6f9360', 4, 0, '1', '2024-05-12 16:13:15', '2024-05-12 16:13:15'),
(121, 119, 7, '233d626d-de50-4244-8dd1-6d598f6f9360', 4, 0, '4', '2024-05-12 16:13:15', '2024-05-12 16:13:15'),
(122, 120, 8, '233d626d-de50-4244-8dd1-6d598f6f9360', 3, 2, '1', '2024-05-12 16:13:15', '2024-05-12 16:13:15'),
(123, 121, 8, '233d626d-de50-4244-8dd1-6d598f6f9360', 3, 2, '1', '2024-05-12 16:13:15', '2024-05-12 16:13:15'),
(124, 122, 8, '233d626d-de50-4244-8dd1-6d598f6f9360', 3, 0, '1', '2024-05-12 16:13:15', '2024-05-12 16:13:15'),
(125, 123, 8, '233d626d-de50-4244-8dd1-6d598f6f9360', 3, 0, '2', '2024-05-12 16:13:15', '2024-05-12 16:13:15'),
(126, 124, 8, '233d626d-de50-4244-8dd1-6d598f6f9360', 3, 0, '2', '2024-05-12 16:13:15', '2024-05-12 16:13:15'),
(127, 124, 8, '233d626d-de50-4244-8dd1-6d598f6f9360', 3, 0, '3', '2024-05-12 16:13:15', '2024-05-12 16:13:15'),
(128, 125, 8, '233d626d-de50-4244-8dd1-6d598f6f9360', 3, 0, '1', '2024-05-12 16:13:15', '2024-05-12 16:13:15'),
(129, 126, 8, '233d626d-de50-4244-8dd1-6d598f6f9360', 3, 0, '2', '2024-05-12 16:13:15', '2024-05-12 16:13:15'),
(130, 126, 8, '233d626d-de50-4244-8dd1-6d598f6f9360', 3, 0, '3', '2024-05-12 16:13:15', '2024-05-12 16:13:15'),
(131, 127, 9, '233d626d-de50-4244-8dd1-6d598f6f9360', 4, 0, '1', '2024-05-12 16:13:15', '2024-05-12 16:13:15'),
(132, 128, 9, '233d626d-de50-4244-8dd1-6d598f6f9360', 4, 2, '2', '2024-05-12 16:13:15', '2024-05-12 16:13:15'),
(133, 129, 9, '233d626d-de50-4244-8dd1-6d598f6f9360', 4, 0, '1', '2024-05-12 16:13:15', '2024-05-12 16:13:15'),
(134, 130, 9, '233d626d-de50-4244-8dd1-6d598f6f9360', 4, 0, '1', '2024-05-12 16:13:15', '2024-05-12 16:13:15'),
(135, 131, 9, '233d626d-de50-4244-8dd1-6d598f6f9360', 4, 0, '1', '2024-05-12 16:13:15', '2024-05-12 16:13:15'),
(136, 132, 9, '233d626d-de50-4244-8dd1-6d598f6f9360', 4, 0, '4', '2024-05-12 16:13:15', '2024-05-12 16:13:15'),
(137, 133, 9, '233d626d-de50-4244-8dd1-6d598f6f9360', 4, 0, '1', '2024-05-12 16:13:15', '2024-05-12 16:13:15'),
(138, 134, 10, '233d626d-de50-4244-8dd1-6d598f6f9360', 3, 0, '4', '2024-05-12 16:13:15', '2024-05-12 16:13:15'),
(139, 135, 10, '233d626d-de50-4244-8dd1-6d598f6f9360', 3, 0, '1', '2024-05-12 16:13:15', '2024-05-12 16:13:15'),
(140, 136, 10, '233d626d-de50-4244-8dd1-6d598f6f9360', 3, 0, '3', '2024-05-12 16:13:15', '2024-05-12 16:13:15'),
(141, 137, 10, '233d626d-de50-4244-8dd1-6d598f6f9360', 3, 0, '1', '2024-05-12 16:13:15', '2024-05-12 16:13:15'),
(142, 138, 10, '233d626d-de50-4244-8dd1-6d598f6f9360', 3, 0, '1', '2024-05-12 16:13:15', '2024-05-12 16:13:15'),
(143, 139, 10, '233d626d-de50-4244-8dd1-6d598f6f9360', 3, 0, '1', '2024-05-12 16:13:15', '2024-05-12 16:13:15'),
(144, 140, 10, '233d626d-de50-4244-8dd1-6d598f6f9360', 3, 0, '1', '2024-05-12 16:13:15', '2024-05-12 16:13:15'),
(145, 141, 1, '3fe8dad9-94db-40e9-86e8-be95c868f550', 5, 2, '2', '2024-05-12 16:13:15', '2024-05-12 16:13:15'),
(146, 142, 1, '3fe8dad9-94db-40e9-86e8-be95c868f550', 5, 0, '1', '2024-05-12 16:13:15', '2024-05-12 16:13:15'),
(147, 143, 1, '3fe8dad9-94db-40e9-86e8-be95c868f550', 5, 0, '3', '2024-05-12 16:13:15', '2024-05-12 16:13:15'),
(148, 144, 1, '3fe8dad9-94db-40e9-86e8-be95c868f550', 5, 0, '4', '2024-05-12 16:13:15', '2024-05-12 16:13:15'),
(149, 145, 1, '3fe8dad9-94db-40e9-86e8-be95c868f550', 5, 0, '3', '2024-05-12 16:13:15', '2024-05-12 16:13:15'),
(150, 146, 1, '3fe8dad9-94db-40e9-86e8-be95c868f550', 5, 0, '1', '2024-05-12 16:13:15', '2024-05-12 16:13:15'),
(151, 147, 1, '3fe8dad9-94db-40e9-86e8-be95c868f550', 5, 0, '1', '2024-05-12 16:13:15', '2024-05-12 16:13:15'),
(152, 148, 2, '3fe8dad9-94db-40e9-86e8-be95c868f550', 4, 0, '1', '2024-05-12 16:13:15', '2024-05-12 16:13:15'),
(153, 149, 2, '3fe8dad9-94db-40e9-86e8-be95c868f550', 4, 0, '1', '2024-05-12 16:13:15', '2024-05-12 16:13:15'),
(154, 150, 2, '3fe8dad9-94db-40e9-86e8-be95c868f550', 4, 0, '1', '2024-05-12 16:13:15', '2024-05-12 16:13:15'),
(155, 151, 2, '3fe8dad9-94db-40e9-86e8-be95c868f550', 4, 0, '3', '2024-05-12 16:13:15', '2024-05-12 16:13:15'),
(156, 152, 2, '3fe8dad9-94db-40e9-86e8-be95c868f550', 4, 0, '3', '2024-05-12 16:13:15', '2024-05-12 16:13:15'),
(157, 153, 2, '3fe8dad9-94db-40e9-86e8-be95c868f550', 4, 0, '1', '2024-05-12 16:13:15', '2024-05-12 16:13:15'),
(158, 154, 2, '3fe8dad9-94db-40e9-86e8-be95c868f550', 4, 3, '3', '2024-05-12 16:13:15', '2024-05-12 16:13:15'),
(159, 155, 3, '3fe8dad9-94db-40e9-86e8-be95c868f550', 4, 3, '1', '2024-05-12 16:13:15', '2024-05-12 16:13:15'),
(160, 156, 3, '3fe8dad9-94db-40e9-86e8-be95c868f550', 4, 0, '4', '2024-05-12 16:13:15', '2024-05-12 16:13:15'),
(161, 157, 3, '3fe8dad9-94db-40e9-86e8-be95c868f550', 4, 0, '1', '2024-05-12 16:13:15', '2024-05-12 16:13:15'),
(162, 158, 3, '3fe8dad9-94db-40e9-86e8-be95c868f550', 4, 0, '3', '2024-05-12 16:13:15', '2024-05-12 16:13:15'),
(163, 159, 3, '3fe8dad9-94db-40e9-86e8-be95c868f550', 4, 0, '3', '2024-05-12 16:13:15', '2024-05-12 16:13:15'),
(164, 160, 3, '3fe8dad9-94db-40e9-86e8-be95c868f550', 4, 3, '1', '2024-05-12 16:13:15', '2024-05-12 16:13:15'),
(165, 161, 3, '3fe8dad9-94db-40e9-86e8-be95c868f550', 4, 2, '1', '2024-05-12 16:13:15', '2024-05-12 16:13:15'),
(166, 162, 4, '3fe8dad9-94db-40e9-86e8-be95c868f550', 4, 0, '1', '2024-05-12 16:13:15', '2024-05-12 16:13:15'),
(167, 163, 4, '3fe8dad9-94db-40e9-86e8-be95c868f550', 4, 0, '4', '2024-05-12 16:13:15', '2024-05-12 16:13:15'),
(168, 164, 4, '3fe8dad9-94db-40e9-86e8-be95c868f550', 4, 0, '1', '2024-05-12 16:13:15', '2024-05-12 16:13:15'),
(169, 165, 4, '3fe8dad9-94db-40e9-86e8-be95c868f550', 4, 0, '1', '2024-05-12 16:13:15', '2024-05-12 16:13:15'),
(170, 166, 4, '3fe8dad9-94db-40e9-86e8-be95c868f550', 4, 0, '3', '2024-05-12 16:13:15', '2024-05-12 16:13:15'),
(171, 168, 4, '3fe8dad9-94db-40e9-86e8-be95c868f550', 4, 0, '4', '2024-05-12 16:13:15', '2024-05-12 16:13:15'),
(172, 169, 5, '3fe8dad9-94db-40e9-86e8-be95c868f550', 4, 0, '1', '2024-05-12 16:13:15', '2024-05-12 16:13:15'),
(173, 170, 5, '3fe8dad9-94db-40e9-86e8-be95c868f550', 4, 0, '3', '2024-05-12 16:13:15', '2024-05-12 16:13:15'),
(174, 171, 5, '3fe8dad9-94db-40e9-86e8-be95c868f550', 4, 0, '3', '2024-05-12 16:13:15', '2024-05-12 16:13:15'),
(175, 172, 5, '3fe8dad9-94db-40e9-86e8-be95c868f550', 4, 2, '1', '2024-05-12 16:13:15', '2024-05-12 16:13:15'),
(176, 173, 5, '3fe8dad9-94db-40e9-86e8-be95c868f550', 4, 0, '1', '2024-05-12 16:13:15', '2024-05-12 16:13:15'),
(177, 174, 5, '3fe8dad9-94db-40e9-86e8-be95c868f550', 4, 0, '3', '2024-05-12 16:13:15', '2024-05-12 16:13:15'),
(178, 175, 5, '3fe8dad9-94db-40e9-86e8-be95c868f550', 4, 0, '3', '2024-05-12 16:13:15', '2024-05-12 16:13:15'),
(179, 176, 6, '3fe8dad9-94db-40e9-86e8-be95c868f550', 4, 3, '2', '2024-05-12 16:13:15', '2024-05-12 16:13:15'),
(180, 176, 6, '3fe8dad9-94db-40e9-86e8-be95c868f550', 4, 3, '3', '2024-05-12 16:13:15', '2024-05-12 16:13:15'),
(181, 177, 6, '3fe8dad9-94db-40e9-86e8-be95c868f550', 4, 0, '1', '2024-05-12 16:13:15', '2024-05-12 16:13:15'),
(182, 178, 6, '3fe8dad9-94db-40e9-86e8-be95c868f550', 4, 0, '2', '2024-05-12 16:13:15', '2024-05-12 16:13:15'),
(183, 179, 6, '3fe8dad9-94db-40e9-86e8-be95c868f550', 4, 0, '2', '2024-05-12 16:13:15', '2024-05-12 16:13:15'),
(184, 180, 6, '3fe8dad9-94db-40e9-86e8-be95c868f550', 4, 0, '1', '2024-05-12 16:13:15', '2024-05-12 16:13:15'),
(185, 181, 6, '3fe8dad9-94db-40e9-86e8-be95c868f550', 4, 2, '1', '2024-05-12 16:13:15', '2024-05-12 16:13:15'),
(186, 182, 6, '3fe8dad9-94db-40e9-86e8-be95c868f550', 4, 0, '1', '2024-05-12 16:13:15', '2024-05-12 16:13:15'),
(187, 183, 7, '3fe8dad9-94db-40e9-86e8-be95c868f550', 4, 0, '1', '2024-05-12 16:13:15', '2024-05-12 16:13:15'),
(188, 184, 7, '3fe8dad9-94db-40e9-86e8-be95c868f550', 4, 0, '1', '2024-05-12 16:13:15', '2024-05-12 16:13:15'),
(189, 185, 7, '3fe8dad9-94db-40e9-86e8-be95c868f550', 4, 3, '1', '2024-05-12 16:13:15', '2024-05-12 16:13:15'),
(190, 186, 7, '3fe8dad9-94db-40e9-86e8-be95c868f550', 4, 0, '4', '2024-05-12 16:13:15', '2024-05-12 16:13:15'),
(191, 187, 7, '3fe8dad9-94db-40e9-86e8-be95c868f550', 4, 0, '1', '2024-05-12 16:13:15', '2024-05-12 16:13:15'),
(192, 188, 7, '3fe8dad9-94db-40e9-86e8-be95c868f550', 4, 0, '2', '2024-05-12 16:13:15', '2024-05-12 16:13:15'),
(193, 189, 7, '3fe8dad9-94db-40e9-86e8-be95c868f550', 4, 2, '1', '2024-05-12 16:13:15', '2024-05-12 16:13:15'),
(194, 190, 8, '3fe8dad9-94db-40e9-86e8-be95c868f550', 3, 0, '1', '2024-05-12 16:13:15', '2024-05-12 16:13:15'),
(195, 192, 8, '3fe8dad9-94db-40e9-86e8-be95c868f550', 3, 0, '1', '2024-05-12 16:13:15', '2024-05-12 16:13:15'),
(196, 193, 8, '3fe8dad9-94db-40e9-86e8-be95c868f550', 3, 0, '1', '2024-05-12 16:13:15', '2024-05-12 16:13:15'),
(197, 194, 8, '3fe8dad9-94db-40e9-86e8-be95c868f550', 3, 0, '1', '2024-05-12 16:13:15', '2024-05-12 16:13:15'),
(198, 195, 8, '3fe8dad9-94db-40e9-86e8-be95c868f550', 3, 0, '3', '2024-05-12 16:13:15', '2024-05-12 16:13:15'),
(199, 196, 8, '3fe8dad9-94db-40e9-86e8-be95c868f550', 3, 0, '1', '2024-05-12 16:13:15', '2024-05-12 16:13:15'),
(200, 197, 9, '3fe8dad9-94db-40e9-86e8-be95c868f550', 4, 0, '1', '2024-05-12 16:13:15', '2024-05-12 16:13:15'),
(201, 198, 9, '3fe8dad9-94db-40e9-86e8-be95c868f550', 4, 0, '1', '2024-05-12 16:13:15', '2024-05-12 16:13:15'),
(202, 199, 9, '3fe8dad9-94db-40e9-86e8-be95c868f550', 4, 3, '2', '2024-05-12 16:13:15', '2024-05-12 16:13:15'),
(203, 200, 9, '3fe8dad9-94db-40e9-86e8-be95c868f550', 4, 3, '2', '2024-05-12 16:13:15', '2024-05-12 16:13:15'),
(204, 200, 9, '3fe8dad9-94db-40e9-86e8-be95c868f550', 4, 3, '3', '2024-05-12 16:13:15', '2024-05-12 16:13:15'),
(205, 201, 9, '3fe8dad9-94db-40e9-86e8-be95c868f550', 4, 2, '1', '2024-05-12 16:13:15', '2024-05-12 16:13:15'),
(206, 202, 9, '3fe8dad9-94db-40e9-86e8-be95c868f550', 4, 2, '1', '2024-05-12 16:13:15', '2024-05-12 16:13:15'),
(207, 203, 9, '3fe8dad9-94db-40e9-86e8-be95c868f550', 4, 0, '3', '2024-05-12 16:13:15', '2024-05-12 16:13:15'),
(208, 204, 10, '3fe8dad9-94db-40e9-86e8-be95c868f550', 3, 3, '1', '2024-05-12 16:13:15', '2024-05-12 16:13:15'),
(209, 205, 10, '3fe8dad9-94db-40e9-86e8-be95c868f550', 3, 0, '3', '2024-05-12 16:13:15', '2024-05-12 16:13:15'),
(210, 206, 10, '3fe8dad9-94db-40e9-86e8-be95c868f550', 3, 0, '4', '2024-05-12 16:13:15', '2024-05-12 16:13:15'),
(211, 207, 10, '3fe8dad9-94db-40e9-86e8-be95c868f550', 3, 0, '1', '2024-05-12 16:13:15', '2024-05-12 16:13:15'),
(212, 208, 10, '3fe8dad9-94db-40e9-86e8-be95c868f550', 3, 0, '1', '2024-05-12 16:13:15', '2024-05-12 16:13:15'),
(213, 209, 10, '3fe8dad9-94db-40e9-86e8-be95c868f550', 3, 0, '3', '2024-05-12 16:13:15', '2024-05-12 16:13:15'),
(214, 210, 10, '3fe8dad9-94db-40e9-86e8-be95c868f550', 3, 0, '3', '2024-05-12 16:13:15', '2024-05-12 16:13:15'),
(215, 211, 1, '60258b59-f1ec-4873-985c-f5008d33410c', 5, 0, '3', '2024-05-12 16:13:15', '2024-05-12 16:13:15'),
(216, 212, 1, '60258b59-f1ec-4873-985c-f5008d33410c', 5, 0, '3', '2024-05-12 16:13:15', '2024-05-12 16:13:15'),
(217, 213, 1, '60258b59-f1ec-4873-985c-f5008d33410c', 5, 0, '1', '2024-05-12 16:13:15', '2024-05-12 16:13:15'),
(218, 214, 1, '60258b59-f1ec-4873-985c-f5008d33410c', 5, 2, '1', '2024-05-12 16:13:15', '2024-05-12 16:13:15'),
(219, 215, 1, '60258b59-f1ec-4873-985c-f5008d33410c', 5, 3, '2', '2024-05-12 16:13:15', '2024-05-12 16:13:15'),
(220, 216, 1, '60258b59-f1ec-4873-985c-f5008d33410c', 5, 0, '1', '2024-05-12 16:13:15', '2024-05-12 16:13:15'),
(221, 217, 1, '60258b59-f1ec-4873-985c-f5008d33410c', 5, 0, '3', '2024-05-12 16:13:15', '2024-05-12 16:13:15'),
(222, 218, 2, '60258b59-f1ec-4873-985c-f5008d33410c', 4, 2, '2', '2024-05-12 16:13:15', '2024-05-12 16:13:15'),
(223, 219, 2, '60258b59-f1ec-4873-985c-f5008d33410c', 4, 0, '3', '2024-05-12 16:13:15', '2024-05-12 16:13:15'),
(224, 220, 2, '60258b59-f1ec-4873-985c-f5008d33410c', 4, 0, '1', '2024-05-12 16:13:15', '2024-05-12 16:13:15'),
(225, 221, 2, '60258b59-f1ec-4873-985c-f5008d33410c', 4, 2, '2', '2024-05-12 16:13:15', '2024-05-12 16:13:15'),
(226, 222, 2, '60258b59-f1ec-4873-985c-f5008d33410c', 4, 3, '2', '2024-05-12 16:13:15', '2024-05-12 16:13:15'),
(227, 223, 2, '60258b59-f1ec-4873-985c-f5008d33410c', 4, 0, '1', '2024-05-12 16:13:15', '2024-05-12 16:13:15'),
(228, 224, 2, '60258b59-f1ec-4873-985c-f5008d33410c', 4, 0, '4', '2024-05-12 16:13:15', '2024-05-12 16:13:15'),
(229, 225, 3, '60258b59-f1ec-4873-985c-f5008d33410c', 4, 0, '2', '2024-05-12 16:13:15', '2024-05-12 16:13:15'),
(230, 226, 3, '60258b59-f1ec-4873-985c-f5008d33410c', 4, 0, '1', '2024-05-12 16:13:15', '2024-05-12 16:13:15'),
(231, 227, 3, '60258b59-f1ec-4873-985c-f5008d33410c', 4, 3, '1', '2024-05-12 16:13:15', '2024-05-12 16:13:15'),
(232, 228, 3, '60258b59-f1ec-4873-985c-f5008d33410c', 4, 0, '1', '2024-05-12 16:13:15', '2024-05-12 16:13:15'),
(233, 229, 3, '60258b59-f1ec-4873-985c-f5008d33410c', 4, 3, '1', '2024-05-12 16:13:15', '2024-05-12 16:13:15'),
(234, 230, 3, '60258b59-f1ec-4873-985c-f5008d33410c', 4, 0, '1', '2024-05-12 16:13:15', '2024-05-12 16:13:15'),
(235, 231, 3, '60258b59-f1ec-4873-985c-f5008d33410c', 4, 0, '3', '2024-05-12 16:13:15', '2024-05-12 16:13:15'),
(236, 232, 4, '60258b59-f1ec-4873-985c-f5008d33410c', 4, 2, '1', '2024-05-12 16:13:15', '2024-05-12 16:13:15'),
(237, 233, 4, '60258b59-f1ec-4873-985c-f5008d33410c', 4, 0, '2', '2024-05-12 16:13:15', '2024-05-12 16:13:15'),
(238, 234, 4, '60258b59-f1ec-4873-985c-f5008d33410c', 4, 0, '1', '2024-05-12 16:13:15', '2024-05-12 16:13:15'),
(239, 235, 4, '60258b59-f1ec-4873-985c-f5008d33410c', 4, 2, '2', '2024-05-12 16:13:15', '2024-05-12 16:13:15'),
(240, 236, 4, '60258b59-f1ec-4873-985c-f5008d33410c', 4, 0, '1', '2024-05-12 16:13:15', '2024-05-12 16:13:15'),
(241, 237, 4, '60258b59-f1ec-4873-985c-f5008d33410c', 4, 0, '1', '2024-05-12 16:13:15', '2024-05-12 16:13:15'),
(242, 238, 4, '60258b59-f1ec-4873-985c-f5008d33410c', 4, 0, '1', '2024-05-12 16:13:15', '2024-05-12 16:13:15'),
(243, 239, 5, '60258b59-f1ec-4873-985c-f5008d33410c', 4, 0, '3', '2024-05-12 16:13:15', '2024-05-12 16:13:15'),
(244, 240, 5, '60258b59-f1ec-4873-985c-f5008d33410c', 4, 0, '3', '2024-05-12 16:13:15', '2024-05-12 16:13:15'),
(245, 241, 5, '60258b59-f1ec-4873-985c-f5008d33410c', 4, 0, '2', '2024-05-12 16:13:15', '2024-05-12 16:13:15'),
(246, 242, 5, '60258b59-f1ec-4873-985c-f5008d33410c', 4, 0, '1', '2024-05-12 16:13:15', '2024-05-12 16:13:15'),
(247, 243, 5, '60258b59-f1ec-4873-985c-f5008d33410c', 4, 2, '1', '2024-05-12 16:13:15', '2024-05-12 16:13:15'),
(248, 244, 5, '60258b59-f1ec-4873-985c-f5008d33410c', 4, 0, '3', '2024-05-12 16:13:15', '2024-05-12 16:13:15'),
(249, 245, 5, '60258b59-f1ec-4873-985c-f5008d33410c', 4, 2, '1', '2024-05-12 16:13:15', '2024-05-12 16:13:15'),
(250, 246, 6, '60258b59-f1ec-4873-985c-f5008d33410c', 4, 0, '1', '2024-05-12 16:13:15', '2024-05-12 16:13:15'),
(251, 247, 6, '60258b59-f1ec-4873-985c-f5008d33410c', 4, 3, '2', '2024-05-12 16:13:15', '2024-05-12 16:13:15'),
(252, 247, 6, '60258b59-f1ec-4873-985c-f5008d33410c', 4, 3, '3', '2024-05-12 16:13:15', '2024-05-12 16:13:15'),
(253, 248, 6, '60258b59-f1ec-4873-985c-f5008d33410c', 4, 0, '1', '2024-05-12 16:13:15', '2024-05-12 16:13:15'),
(254, 249, 6, '60258b59-f1ec-4873-985c-f5008d33410c', 4, 0, '1', '2024-05-12 16:13:15', '2024-05-12 16:13:15'),
(255, 250, 6, '60258b59-f1ec-4873-985c-f5008d33410c', 4, 0, '4', '2024-05-12 16:13:15', '2024-05-12 16:13:15'),
(256, 251, 6, '60258b59-f1ec-4873-985c-f5008d33410c', 4, 0, '1', '2024-05-12 16:13:15', '2024-05-12 16:13:15'),
(257, 252, 6, '60258b59-f1ec-4873-985c-f5008d33410c', 4, 0, '3', '2024-05-12 16:13:15', '2024-05-12 16:13:15'),
(258, 253, 7, '60258b59-f1ec-4873-985c-f5008d33410c', 4, 0, '1', '2024-05-12 16:13:15', '2024-05-12 16:13:15'),
(259, 254, 7, '60258b59-f1ec-4873-985c-f5008d33410c', 4, 0, '1', '2024-05-12 16:13:15', '2024-05-12 16:13:15'),
(260, 255, 7, '60258b59-f1ec-4873-985c-f5008d33410c', 4, 3, '3', '2024-05-12 16:13:15', '2024-05-12 16:13:15'),
(261, 256, 7, '60258b59-f1ec-4873-985c-f5008d33410c', 4, 0, '2', '2024-05-12 16:13:15', '2024-05-12 16:13:15'),
(262, 257, 7, '60258b59-f1ec-4873-985c-f5008d33410c', 4, 0, '1', '2024-05-12 16:13:15', '2024-05-12 16:13:15'),
(263, 258, 7, '60258b59-f1ec-4873-985c-f5008d33410c', 4, 0, '1', '2024-05-12 16:13:15', '2024-05-12 16:13:15'),
(264, 259, 7, '60258b59-f1ec-4873-985c-f5008d33410c', 4, 0, '4', '2024-05-12 16:13:15', '2024-05-12 16:13:15'),
(265, 260, 8, '60258b59-f1ec-4873-985c-f5008d33410c', 3, 0, '1', '2024-05-12 16:13:15', '2024-05-12 16:13:15'),
(266, 261, 8, '60258b59-f1ec-4873-985c-f5008d33410c', 3, 0, '1', '2024-05-12 16:13:15', '2024-05-12 16:13:15'),
(267, 262, 8, '60258b59-f1ec-4873-985c-f5008d33410c', 3, 0, '1', '2024-05-12 16:13:15', '2024-05-12 16:13:15'),
(268, 263, 8, '60258b59-f1ec-4873-985c-f5008d33410c', 3, 0, '3', '2024-05-12 16:13:15', '2024-05-12 16:13:15'),
(269, 264, 8, '60258b59-f1ec-4873-985c-f5008d33410c', 3, 2, '2', '2024-05-12 16:13:15', '2024-05-12 16:13:15'),
(270, 265, 8, '60258b59-f1ec-4873-985c-f5008d33410c', 3, 0, '1', '2024-05-12 16:13:15', '2024-05-12 16:13:15'),
(271, 266, 8, '60258b59-f1ec-4873-985c-f5008d33410c', 3, 0, '1', '2024-05-12 16:13:15', '2024-05-12 16:13:15'),
(272, 267, 9, '60258b59-f1ec-4873-985c-f5008d33410c', 4, 0, '1', '2024-05-12 16:13:15', '2024-05-12 16:13:15'),
(273, 268, 9, '60258b59-f1ec-4873-985c-f5008d33410c', 4, 0, '3', '2024-05-12 16:13:15', '2024-05-12 16:13:15'),
(274, 269, 9, '60258b59-f1ec-4873-985c-f5008d33410c', 4, 0, '1', '2024-05-12 16:13:15', '2024-05-12 16:13:15'),
(275, 270, 9, '60258b59-f1ec-4873-985c-f5008d33410c', 4, 0, '1', '2024-05-12 16:13:15', '2024-05-12 16:13:15'),
(276, 271, 9, '60258b59-f1ec-4873-985c-f5008d33410c', 4, 2, '1', '2024-05-12 16:13:15', '2024-05-12 16:13:15'),
(277, 272, 9, '60258b59-f1ec-4873-985c-f5008d33410c', 4, 3, '2', '2024-05-12 16:13:15', '2024-05-12 16:13:15'),
(278, 273, 9, '60258b59-f1ec-4873-985c-f5008d33410c', 4, 2, '1', '2024-05-12 16:13:15', '2024-05-12 16:13:15'),
(279, 274, 10, '60258b59-f1ec-4873-985c-f5008d33410c', 3, 0, '4', '2024-05-12 16:13:15', '2024-05-12 16:13:15'),
(280, 275, 10, '60258b59-f1ec-4873-985c-f5008d33410c', 3, 0, '1', '2024-05-12 16:13:15', '2024-05-12 16:13:15'),
(281, 276, 10, '60258b59-f1ec-4873-985c-f5008d33410c', 3, 0, '1', '2024-05-12 16:13:15', '2024-05-12 16:13:15'),
(282, 277, 10, '60258b59-f1ec-4873-985c-f5008d33410c', 3, 0, '1', '2024-05-12 16:13:15', '2024-05-12 16:13:15'),
(283, 278, 10, '60258b59-f1ec-4873-985c-f5008d33410c', 3, 2, '1', '2024-05-12 16:13:15', '2024-05-12 16:13:15'),
(284, 279, 10, '60258b59-f1ec-4873-985c-f5008d33410c', 3, 2, '1', '2024-05-12 16:13:15', '2024-05-12 16:13:15'),
(285, 280, 10, '60258b59-f1ec-4873-985c-f5008d33410c', 3, 0, '2', '2024-05-12 16:13:15', '2024-05-12 16:13:15'),
(286, 281, 1, '8af006cf-b93d-4f6a-aad3-385e94fc0fd2', 5, 0, '4', '2024-05-12 16:13:15', '2024-05-12 16:13:15'),
(287, 282, 1, '8af006cf-b93d-4f6a-aad3-385e94fc0fd2', 5, 0, '2', '2024-05-12 16:13:15', '2024-05-12 16:13:15'),
(288, 283, 1, '8af006cf-b93d-4f6a-aad3-385e94fc0fd2', 5, 0, '1', '2024-05-12 16:13:15', '2024-05-12 16:13:15'),
(289, 284, 1, '8af006cf-b93d-4f6a-aad3-385e94fc0fd2', 5, 2, '1', '2024-05-12 16:13:15', '2024-05-12 16:13:15'),
(290, 285, 1, '8af006cf-b93d-4f6a-aad3-385e94fc0fd2', 5, 0, '1', '2024-05-12 16:13:15', '2024-05-12 16:13:15'),
(291, 286, 1, '8af006cf-b93d-4f6a-aad3-385e94fc0fd2', 5, 0, '3', '2024-05-12 16:13:15', '2024-05-12 16:13:15'),
(292, 287, 1, '8af006cf-b93d-4f6a-aad3-385e94fc0fd2', 5, 0, '4', '2024-05-12 16:13:15', '2024-05-12 16:13:15'),
(293, 288, 2, '8af006cf-b93d-4f6a-aad3-385e94fc0fd2', 4, 0, '2', '2024-05-12 16:13:15', '2024-05-12 16:13:15'),
(294, 289, 2, '8af006cf-b93d-4f6a-aad3-385e94fc0fd2', 4, 0, '1', '2024-05-12 16:13:15', '2024-05-12 16:13:15'),
(295, 290, 2, '8af006cf-b93d-4f6a-aad3-385e94fc0fd2', 4, 0, '3', '2024-05-12 16:13:15', '2024-05-12 16:13:15'),
(296, 291, 2, '8af006cf-b93d-4f6a-aad3-385e94fc0fd2', 4, 0, '1', '2024-05-12 16:13:15', '2024-05-12 16:13:15'),
(297, 292, 2, '8af006cf-b93d-4f6a-aad3-385e94fc0fd2', 4, 0, '1', '2024-05-12 16:13:15', '2024-05-12 16:13:15'),
(298, 293, 2, '8af006cf-b93d-4f6a-aad3-385e94fc0fd2', 4, 0, '2', '2024-05-12 16:13:15', '2024-05-12 16:13:15'),
(299, 294, 2, '8af006cf-b93d-4f6a-aad3-385e94fc0fd2', 4, 0, '3', '2024-05-12 16:13:15', '2024-05-12 16:13:15'),
(300, 295, 3, '8af006cf-b93d-4f6a-aad3-385e94fc0fd2', 4, 0, '1', '2024-05-12 16:13:15', '2024-05-12 16:13:15'),
(301, 296, 3, '8af006cf-b93d-4f6a-aad3-385e94fc0fd2', 4, 0, '3', '2024-05-12 16:13:15', '2024-05-12 16:13:15'),
(302, 297, 3, '8af006cf-b93d-4f6a-aad3-385e94fc0fd2', 4, 2, '1', '2024-05-12 16:13:15', '2024-05-12 16:13:15'),
(303, 298, 3, '8af006cf-b93d-4f6a-aad3-385e94fc0fd2', 4, 0, '3', '2024-05-12 16:13:15', '2024-05-12 16:13:15'),
(304, 299, 3, '8af006cf-b93d-4f6a-aad3-385e94fc0fd2', 4, 0, '1', '2024-05-12 16:13:15', '2024-05-12 16:13:15'),
(305, 300, 3, '8af006cf-b93d-4f6a-aad3-385e94fc0fd2', 4, 3, '1', '2024-05-12 16:13:15', '2024-05-12 16:13:15'),
(306, 301, 3, '8af006cf-b93d-4f6a-aad3-385e94fc0fd2', 4, 0, '2', '2024-05-12 16:13:15', '2024-05-12 16:13:15'),
(307, 302, 4, '8af006cf-b93d-4f6a-aad3-385e94fc0fd2', 4, 0, '2', '2024-05-12 16:13:15', '2024-05-12 16:13:15'),
(308, 303, 4, '8af006cf-b93d-4f6a-aad3-385e94fc0fd2', 4, 3, '1', '2024-05-12 16:13:15', '2024-05-12 16:13:15'),
(309, 304, 4, '8af006cf-b93d-4f6a-aad3-385e94fc0fd2', 4, 2, '2', '2024-05-12 16:13:15', '2024-05-12 16:13:15'),
(310, 305, 4, '8af006cf-b93d-4f6a-aad3-385e94fc0fd2', 4, 0, '4', '2024-05-12 16:13:15', '2024-05-12 16:13:15'),
(311, 306, 4, '8af006cf-b93d-4f6a-aad3-385e94fc0fd2', 4, 0, '2', '2024-05-12 16:13:16', '2024-05-12 16:13:16'),
(312, 306, 4, '8af006cf-b93d-4f6a-aad3-385e94fc0fd2', 4, 0, '3', '2024-05-12 16:13:16', '2024-05-12 16:13:16'),
(313, 307, 4, '8af006cf-b93d-4f6a-aad3-385e94fc0fd2', 4, 0, '1', '2024-05-12 16:13:16', '2024-05-12 16:13:16'),
(314, 308, 4, '8af006cf-b93d-4f6a-aad3-385e94fc0fd2', 4, 0, '1', '2024-05-12 16:13:16', '2024-05-12 16:13:16'),
(315, 309, 5, '8af006cf-b93d-4f6a-aad3-385e94fc0fd2', 4, 0, '3', '2024-05-12 16:13:16', '2024-05-12 16:13:16'),
(316, 310, 5, '8af006cf-b93d-4f6a-aad3-385e94fc0fd2', 4, 0, '2', '2024-05-12 16:13:16', '2024-05-12 16:13:16'),
(317, 311, 5, '8af006cf-b93d-4f6a-aad3-385e94fc0fd2', 4, 0, '3', '2024-05-12 16:13:16', '2024-05-12 16:13:16'),
(318, 312, 5, '8af006cf-b93d-4f6a-aad3-385e94fc0fd2', 4, 0, '1', '2024-05-12 16:13:16', '2024-05-12 16:13:16'),
(319, 313, 5, '8af006cf-b93d-4f6a-aad3-385e94fc0fd2', 4, 0, '1', '2024-05-12 16:13:16', '2024-05-12 16:13:16'),
(320, 314, 5, '8af006cf-b93d-4f6a-aad3-385e94fc0fd2', 4, 0, '1', '2024-05-12 16:13:16', '2024-05-12 16:13:16'),
(321, 315, 5, '8af006cf-b93d-4f6a-aad3-385e94fc0fd2', 4, 3, '1', '2024-05-12 16:13:16', '2024-05-12 16:13:16'),
(322, 316, 6, '8af006cf-b93d-4f6a-aad3-385e94fc0fd2', 4, 0, '4', '2024-05-12 16:13:16', '2024-05-12 16:13:16'),
(323, 317, 6, '8af006cf-b93d-4f6a-aad3-385e94fc0fd2', 4, 0, '1', '2024-05-12 16:13:16', '2024-05-12 16:13:16'),
(324, 318, 6, '8af006cf-b93d-4f6a-aad3-385e94fc0fd2', 4, 2, '1', '2024-05-12 16:13:16', '2024-05-12 16:13:16'),
(325, 319, 6, '8af006cf-b93d-4f6a-aad3-385e94fc0fd2', 4, 0, '1', '2024-05-12 16:13:16', '2024-05-12 16:13:16'),
(326, 320, 6, '8af006cf-b93d-4f6a-aad3-385e94fc0fd2', 4, 0, '4', '2024-05-12 16:13:16', '2024-05-12 16:13:16'),
(327, 321, 6, '8af006cf-b93d-4f6a-aad3-385e94fc0fd2', 4, 0, '4', '2024-05-12 16:13:16', '2024-05-12 16:13:16'),
(328, 322, 6, '8af006cf-b93d-4f6a-aad3-385e94fc0fd2', 4, 0, '1', '2024-05-12 16:13:16', '2024-05-12 16:13:16'),
(329, 323, 7, '8af006cf-b93d-4f6a-aad3-385e94fc0fd2', 4, 0, '3', '2024-05-12 16:13:16', '2024-05-12 16:13:16'),
(330, 324, 7, '8af006cf-b93d-4f6a-aad3-385e94fc0fd2', 4, 0, '1', '2024-05-12 16:13:16', '2024-05-12 16:13:16'),
(331, 325, 7, '8af006cf-b93d-4f6a-aad3-385e94fc0fd2', 4, 2, '1', '2024-05-12 16:13:16', '2024-05-12 16:13:16'),
(332, 326, 7, '8af006cf-b93d-4f6a-aad3-385e94fc0fd2', 4, 0, '3', '2024-05-12 16:13:16', '2024-05-12 16:13:16'),
(333, 327, 7, '8af006cf-b93d-4f6a-aad3-385e94fc0fd2', 4, 0, '1', '2024-05-12 16:13:16', '2024-05-12 16:13:16'),
(334, 328, 7, '8af006cf-b93d-4f6a-aad3-385e94fc0fd2', 4, 2, '2', '2024-05-12 16:13:16', '2024-05-12 16:13:16'),
(335, 329, 7, '8af006cf-b93d-4f6a-aad3-385e94fc0fd2', 4, 0, '2', '2024-05-12 16:13:16', '2024-05-12 16:13:16'),
(336, 329, 7, '8af006cf-b93d-4f6a-aad3-385e94fc0fd2', 4, 0, '3', '2024-05-12 16:13:16', '2024-05-12 16:13:16'),
(337, 330, 8, '8af006cf-b93d-4f6a-aad3-385e94fc0fd2', 3, 0, '2', '2024-05-12 16:13:16', '2024-05-12 16:13:16'),
(338, 331, 8, '8af006cf-b93d-4f6a-aad3-385e94fc0fd2', 3, 0, '1', '2024-05-12 16:13:16', '2024-05-12 16:13:16'),
(339, 332, 8, '8af006cf-b93d-4f6a-aad3-385e94fc0fd2', 3, 0, '1', '2024-05-12 16:13:16', '2024-05-12 16:13:16'),
(340, 333, 8, '8af006cf-b93d-4f6a-aad3-385e94fc0fd2', 3, 2, '2', '2024-05-12 16:13:16', '2024-05-12 16:13:16'),
(341, 334, 8, '8af006cf-b93d-4f6a-aad3-385e94fc0fd2', 3, 0, '3', '2024-05-12 16:13:16', '2024-05-12 16:13:16'),
(342, 335, 8, '8af006cf-b93d-4f6a-aad3-385e94fc0fd2', 3, 3, '1', '2024-05-12 16:13:16', '2024-05-12 16:13:16'),
(343, 336, 8, '8af006cf-b93d-4f6a-aad3-385e94fc0fd2', 3, 0, '3', '2024-05-12 16:13:16', '2024-05-12 16:13:16'),
(344, 337, 9, '8af006cf-b93d-4f6a-aad3-385e94fc0fd2', 4, 2, '1', '2024-05-12 16:13:16', '2024-05-12 16:13:16'),
(345, 338, 9, '8af006cf-b93d-4f6a-aad3-385e94fc0fd2', 4, 2, '2', '2024-05-12 16:13:16', '2024-05-12 16:13:16'),
(346, 339, 9, '8af006cf-b93d-4f6a-aad3-385e94fc0fd2', 4, 0, '1', '2024-05-12 16:13:16', '2024-05-12 16:13:16'),
(347, 340, 9, '8af006cf-b93d-4f6a-aad3-385e94fc0fd2', 4, 0, '4', '2024-05-12 16:13:16', '2024-05-12 16:13:16'),
(348, 341, 9, '8af006cf-b93d-4f6a-aad3-385e94fc0fd2', 4, 2, '1', '2024-05-12 16:13:16', '2024-05-12 16:13:16'),
(349, 342, 9, '8af006cf-b93d-4f6a-aad3-385e94fc0fd2', 4, 0, '1', '2024-05-12 16:13:16', '2024-05-12 16:13:16'),
(350, 343, 9, '8af006cf-b93d-4f6a-aad3-385e94fc0fd2', 4, 0, '2', '2024-05-12 16:13:16', '2024-05-12 16:13:16'),
(351, 344, 10, '8af006cf-b93d-4f6a-aad3-385e94fc0fd2', 3, 0, '4', '2024-05-12 16:13:16', '2024-05-12 16:13:16'),
(352, 345, 10, '8af006cf-b93d-4f6a-aad3-385e94fc0fd2', 3, 0, '2', '2024-05-12 16:13:16', '2024-05-12 16:13:16'),
(353, 346, 10, '8af006cf-b93d-4f6a-aad3-385e94fc0fd2', 3, 0, '3', '2024-05-12 16:13:16', '2024-05-12 16:13:16'),
(354, 347, 10, '8af006cf-b93d-4f6a-aad3-385e94fc0fd2', 3, 0, '4', '2024-05-12 16:13:16', '2024-05-12 16:13:16'),
(355, 348, 10, '8af006cf-b93d-4f6a-aad3-385e94fc0fd2', 3, 0, '1', '2024-05-12 16:13:16', '2024-05-12 16:13:16'),
(356, 349, 10, '8af006cf-b93d-4f6a-aad3-385e94fc0fd2', 3, 3, '2', '2024-05-12 16:13:16', '2024-05-12 16:13:16'),
(357, 350, 10, '8af006cf-b93d-4f6a-aad3-385e94fc0fd2', 3, 0, '1', '2024-05-12 16:13:16', '2024-05-12 16:13:16'),
(358, 351, 1, '92e13d3c-4da1-4458-acb9-1ebd68c02cf0', 5, 2, '1', '2024-05-12 16:13:16', '2024-05-12 16:13:16'),
(359, 352, 1, '92e13d3c-4da1-4458-acb9-1ebd68c02cf0', 5, 0, '1', '2024-05-12 16:13:16', '2024-05-12 16:13:16'),
(360, 353, 1, '92e13d3c-4da1-4458-acb9-1ebd68c02cf0', 5, 0, '1', '2024-05-12 16:13:16', '2024-05-12 16:13:16'),
(361, 354, 1, '92e13d3c-4da1-4458-acb9-1ebd68c02cf0', 5, 3, '2', '2024-05-12 16:13:16', '2024-05-12 16:13:16'),
(362, 355, 1, '92e13d3c-4da1-4458-acb9-1ebd68c02cf0', 5, 0, '1', '2024-05-12 16:13:16', '2024-05-12 16:13:16'),
(363, 356, 1, '92e13d3c-4da1-4458-acb9-1ebd68c02cf0', 5, 0, '1', '2024-05-12 16:13:16', '2024-05-12 16:13:16'),
(364, 357, 1, '92e13d3c-4da1-4458-acb9-1ebd68c02cf0', 5, 0, '1', '2024-05-12 16:13:16', '2024-05-12 16:13:16'),
(365, 358, 2, '92e13d3c-4da1-4458-acb9-1ebd68c02cf0', 4, 0, '1', '2024-05-12 16:13:16', '2024-05-12 16:13:16'),
(366, 359, 2, '92e13d3c-4da1-4458-acb9-1ebd68c02cf0', 4, 0, '1', '2024-05-12 16:13:16', '2024-05-12 16:13:16'),
(367, 360, 2, '92e13d3c-4da1-4458-acb9-1ebd68c02cf0', 4, 0, '1', '2024-05-12 16:13:16', '2024-05-12 16:13:16'),
(368, 361, 2, '92e13d3c-4da1-4458-acb9-1ebd68c02cf0', 4, 0, '4', '2024-05-12 16:13:16', '2024-05-12 16:13:16'),
(369, 362, 2, '92e13d3c-4da1-4458-acb9-1ebd68c02cf0', 4, 0, '1', '2024-05-12 16:13:16', '2024-05-12 16:13:16'),
(370, 363, 2, '92e13d3c-4da1-4458-acb9-1ebd68c02cf0', 4, 3, '1', '2024-05-12 16:13:16', '2024-05-12 16:13:16'),
(371, 364, 2, '92e13d3c-4da1-4458-acb9-1ebd68c02cf0', 4, 0, '1', '2024-05-12 16:13:16', '2024-05-12 16:13:16'),
(372, 365, 3, '92e13d3c-4da1-4458-acb9-1ebd68c02cf0', 4, 0, '1', '2024-05-12 16:13:16', '2024-05-12 16:13:16'),
(373, 366, 3, '92e13d3c-4da1-4458-acb9-1ebd68c02cf0', 4, 3, '2', '2024-05-12 16:13:16', '2024-05-12 16:13:16'),
(374, 367, 3, '92e13d3c-4da1-4458-acb9-1ebd68c02cf0', 4, 0, '1', '2024-05-12 16:13:16', '2024-05-12 16:13:16'),
(375, 368, 3, '92e13d3c-4da1-4458-acb9-1ebd68c02cf0', 4, 3, '2', '2024-05-12 16:13:16', '2024-05-12 16:13:16'),
(376, 369, 3, '92e13d3c-4da1-4458-acb9-1ebd68c02cf0', 4, 0, '4', '2024-05-12 16:13:16', '2024-05-12 16:13:16'),
(377, 370, 3, '92e13d3c-4da1-4458-acb9-1ebd68c02cf0', 4, 0, '1', '2024-05-12 16:13:16', '2024-05-12 16:13:16'),
(378, 371, 3, '92e13d3c-4da1-4458-acb9-1ebd68c02cf0', 4, 0, '2', '2024-05-12 16:13:16', '2024-05-12 16:13:16'),
(379, 372, 4, '92e13d3c-4da1-4458-acb9-1ebd68c02cf0', 4, 0, '2', '2024-05-12 16:13:16', '2024-05-12 16:13:16'),
(380, 373, 4, '92e13d3c-4da1-4458-acb9-1ebd68c02cf0', 4, 0, '1', '2024-05-12 16:13:16', '2024-05-12 16:13:16'),
(381, 374, 4, '92e13d3c-4da1-4458-acb9-1ebd68c02cf0', 4, 3, '3', '2024-05-12 16:13:16', '2024-05-12 16:13:16'),
(382, 375, 4, '92e13d3c-4da1-4458-acb9-1ebd68c02cf0', 4, 0, '1', '2024-05-12 16:13:16', '2024-05-12 16:13:16'),
(383, 376, 4, '92e13d3c-4da1-4458-acb9-1ebd68c02cf0', 4, 0, '1', '2024-05-12 16:13:16', '2024-05-12 16:13:16'),
(384, 377, 4, '92e13d3c-4da1-4458-acb9-1ebd68c02cf0', 4, 2, '1', '2024-05-12 16:13:16', '2024-05-12 16:13:16'),
(385, 378, 4, '92e13d3c-4da1-4458-acb9-1ebd68c02cf0', 4, 0, '1', '2024-05-12 16:13:16', '2024-05-12 16:13:16'),
(386, 379, 5, '92e13d3c-4da1-4458-acb9-1ebd68c02cf0', 4, 0, '1', '2024-05-12 16:13:16', '2024-05-12 16:13:16'),
(387, 380, 5, '92e13d3c-4da1-4458-acb9-1ebd68c02cf0', 4, 0, '4', '2024-05-12 16:13:16', '2024-05-12 16:13:16'),
(388, 381, 5, '92e13d3c-4da1-4458-acb9-1ebd68c02cf0', 4, 0, '1', '2024-05-12 16:13:16', '2024-05-12 16:13:16'),
(389, 382, 5, '92e13d3c-4da1-4458-acb9-1ebd68c02cf0', 4, 2, '1', '2024-05-12 16:13:16', '2024-05-12 16:13:16'),
(390, 383, 5, '92e13d3c-4da1-4458-acb9-1ebd68c02cf0', 4, 0, '4', '2024-05-12 16:13:16', '2024-05-12 16:13:16'),
(391, 384, 5, '92e13d3c-4da1-4458-acb9-1ebd68c02cf0', 4, 0, '1', '2024-05-12 16:13:16', '2024-05-12 16:13:16'),
(392, 385, 5, '92e13d3c-4da1-4458-acb9-1ebd68c02cf0', 4, 2, '2', '2024-05-12 16:13:16', '2024-05-12 16:13:16'),
(393, 386, 6, '92e13d3c-4da1-4458-acb9-1ebd68c02cf0', 4, 0, '1', '2024-05-12 16:13:16', '2024-05-12 16:13:16'),
(394, 387, 6, '92e13d3c-4da1-4458-acb9-1ebd68c02cf0', 4, 0, '2', '2024-05-12 16:13:16', '2024-05-12 16:13:16'),
(395, 388, 6, '92e13d3c-4da1-4458-acb9-1ebd68c02cf0', 4, 0, '1', '2024-05-12 16:13:16', '2024-05-12 16:13:16'),
(396, 389, 6, '92e13d3c-4da1-4458-acb9-1ebd68c02cf0', 4, 3, '1', '2024-05-12 16:13:16', '2024-05-12 16:13:16'),
(397, 390, 6, '92e13d3c-4da1-4458-acb9-1ebd68c02cf0', 4, 0, '3', '2024-05-12 16:13:16', '2024-05-12 16:13:16'),
(398, 391, 6, '92e13d3c-4da1-4458-acb9-1ebd68c02cf0', 4, 2, '1', '2024-05-12 16:13:16', '2024-05-12 16:13:16'),
(399, 392, 6, '92e13d3c-4da1-4458-acb9-1ebd68c02cf0', 4, 0, '1', '2024-05-12 16:13:16', '2024-05-12 16:13:16'),
(400, 393, 7, '92e13d3c-4da1-4458-acb9-1ebd68c02cf0', 4, 0, '1', '2024-05-12 16:13:16', '2024-05-12 16:13:16'),
(401, 394, 7, '92e13d3c-4da1-4458-acb9-1ebd68c02cf0', 4, 0, '3', '2024-05-12 16:13:16', '2024-05-12 16:13:16'),
(402, 395, 7, '92e13d3c-4da1-4458-acb9-1ebd68c02cf0', 4, 0, '3', '2024-05-12 16:13:16', '2024-05-12 16:13:16'),
(403, 396, 7, '92e13d3c-4da1-4458-acb9-1ebd68c02cf0', 4, 0, '1', '2024-05-12 16:13:16', '2024-05-12 16:13:16'),
(404, 397, 7, '92e13d3c-4da1-4458-acb9-1ebd68c02cf0', 4, 0, '3', '2024-05-12 16:13:16', '2024-05-12 16:13:16'),
(405, 398, 7, '92e13d3c-4da1-4458-acb9-1ebd68c02cf0', 4, 0, '1', '2024-05-12 16:13:16', '2024-05-12 16:13:16'),
(406, 399, 7, '92e13d3c-4da1-4458-acb9-1ebd68c02cf0', 4, 0, '1', '2024-05-12 16:13:16', '2024-05-12 16:13:16'),
(407, 400, 8, '92e13d3c-4da1-4458-acb9-1ebd68c02cf0', 3, 0, '1', '2024-05-12 16:13:16', '2024-05-12 16:13:16'),
(408, 401, 8, '92e13d3c-4da1-4458-acb9-1ebd68c02cf0', 3, 0, '1', '2024-05-12 16:13:16', '2024-05-12 16:13:16'),
(409, 402, 8, '92e13d3c-4da1-4458-acb9-1ebd68c02cf0', 3, 0, '1', '2024-05-12 16:13:16', '2024-05-12 16:13:16'),
(410, 403, 8, '92e13d3c-4da1-4458-acb9-1ebd68c02cf0', 3, 3, '2', '2024-05-12 16:13:16', '2024-05-12 16:13:16'),
(411, 404, 8, '92e13d3c-4da1-4458-acb9-1ebd68c02cf0', 3, 0, '4', '2024-05-12 16:13:16', '2024-05-12 16:13:16'),
(412, 405, 8, '92e13d3c-4da1-4458-acb9-1ebd68c02cf0', 3, 0, '1', '2024-05-12 16:13:16', '2024-05-12 16:13:16'),
(413, 406, 8, '92e13d3c-4da1-4458-acb9-1ebd68c02cf0', 3, 3, '2', '2024-05-12 16:13:16', '2024-05-12 16:13:16'),
(414, 407, 9, '92e13d3c-4da1-4458-acb9-1ebd68c02cf0', 4, 0, '3', '2024-05-12 16:13:16', '2024-05-12 16:13:16'),
(415, 408, 9, '92e13d3c-4da1-4458-acb9-1ebd68c02cf0', 4, 0, '4', '2024-05-12 16:13:16', '2024-05-12 16:13:16'),
(416, 409, 9, '92e13d3c-4da1-4458-acb9-1ebd68c02cf0', 4, 0, '1', '2024-05-12 16:13:16', '2024-05-12 16:13:16'),
(417, 410, 9, '92e13d3c-4da1-4458-acb9-1ebd68c02cf0', 4, 0, '3', '2024-05-12 16:13:16', '2024-05-12 16:13:16'),
(418, 411, 9, '92e13d3c-4da1-4458-acb9-1ebd68c02cf0', 4, 0, '3', '2024-05-12 16:13:16', '2024-05-12 16:13:16'),
(419, 412, 9, '92e13d3c-4da1-4458-acb9-1ebd68c02cf0', 4, 0, '2', '2024-05-12 16:13:16', '2024-05-12 16:13:16'),
(420, 413, 9, '92e13d3c-4da1-4458-acb9-1ebd68c02cf0', 4, 0, '1', '2024-05-12 16:13:16', '2024-05-12 16:13:16'),
(421, 414, 10, '92e13d3c-4da1-4458-acb9-1ebd68c02cf0', 3, 0, '3', '2024-05-12 16:13:16', '2024-05-12 16:13:16'),
(422, 415, 10, '92e13d3c-4da1-4458-acb9-1ebd68c02cf0', 3, 0, '1', '2024-05-12 16:13:16', '2024-05-12 16:13:16'),
(423, 416, 10, '92e13d3c-4da1-4458-acb9-1ebd68c02cf0', 3, 2, '1', '2024-05-12 16:13:16', '2024-05-12 16:13:16'),
(424, 417, 10, '92e13d3c-4da1-4458-acb9-1ebd68c02cf0', 3, 3, '2', '2024-05-12 16:13:16', '2024-05-12 16:13:16'),
(425, 418, 10, '92e13d3c-4da1-4458-acb9-1ebd68c02cf0', 3, 0, '3', '2024-05-12 16:13:16', '2024-05-12 16:13:16'),
(426, 419, 10, '92e13d3c-4da1-4458-acb9-1ebd68c02cf0', 3, 0, '1', '2024-05-12 16:13:16', '2024-05-12 16:13:16'),
(427, 420, 10, '92e13d3c-4da1-4458-acb9-1ebd68c02cf0', 3, 0, '2', '2024-05-12 16:13:16', '2024-05-12 16:13:16'),
(428, 421, 1, '9e248025-e7c5-4ff9-a470-c82184671297', 5, 0, '1', '2024-05-12 16:13:16', '2024-05-12 16:13:16'),
(429, 422, 1, '9e248025-e7c5-4ff9-a470-c82184671297', 5, 0, '1', '2024-05-12 16:13:16', '2024-05-12 16:13:16'),
(430, 423, 1, '9e248025-e7c5-4ff9-a470-c82184671297', 5, 0, '4', '2024-05-12 16:13:16', '2024-05-12 16:13:16'),
(431, 424, 1, '9e248025-e7c5-4ff9-a470-c82184671297', 5, 0, '2', '2024-05-12 16:13:16', '2024-05-12 16:13:16'),
(432, 425, 1, '9e248025-e7c5-4ff9-a470-c82184671297', 5, 3, '1', '2024-05-12 16:13:16', '2024-05-12 16:13:16'),
(433, 426, 1, '9e248025-e7c5-4ff9-a470-c82184671297', 5, 0, '3', '2024-05-12 16:13:16', '2024-05-12 16:13:16'),
(434, 427, 1, '9e248025-e7c5-4ff9-a470-c82184671297', 5, 3, '3', '2024-05-12 16:13:16', '2024-05-12 16:13:16'),
(435, 428, 2, '9e248025-e7c5-4ff9-a470-c82184671297', 4, 0, '1', '2024-05-12 16:13:16', '2024-05-12 16:13:16'),
(436, 429, 2, '9e248025-e7c5-4ff9-a470-c82184671297', 4, 3, '1', '2024-05-12 16:13:16', '2024-05-12 16:13:16'),
(437, 430, 2, '9e248025-e7c5-4ff9-a470-c82184671297', 4, 2, '1', '2024-05-12 16:13:16', '2024-05-12 16:13:16'),
(438, 431, 2, '9e248025-e7c5-4ff9-a470-c82184671297', 4, 0, '3', '2024-05-12 16:13:16', '2024-05-12 16:13:16'),
(439, 432, 2, '9e248025-e7c5-4ff9-a470-c82184671297', 4, 0, '1', '2024-05-12 16:13:16', '2024-05-12 16:13:16'),
(440, 433, 2, '9e248025-e7c5-4ff9-a470-c82184671297', 4, 3, '2', '2024-05-12 16:13:16', '2024-05-12 16:13:16'),
(441, 434, 2, '9e248025-e7c5-4ff9-a470-c82184671297', 4, 0, '1', '2024-05-12 16:13:16', '2024-05-12 16:13:16'),
(442, 435, 3, '9e248025-e7c5-4ff9-a470-c82184671297', 4, 0, '3', '2024-05-12 16:13:16', '2024-05-12 16:13:16'),
(443, 436, 3, '9e248025-e7c5-4ff9-a470-c82184671297', 4, 0, '2', '2024-05-12 16:13:16', '2024-05-12 16:13:16'),
(444, 436, 3, '9e248025-e7c5-4ff9-a470-c82184671297', 4, 0, '3', '2024-05-12 16:13:16', '2024-05-12 16:13:16'),
(445, 437, 3, '9e248025-e7c5-4ff9-a470-c82184671297', 4, 0, '4', '2024-05-12 16:13:16', '2024-05-12 16:13:16'),
(446, 438, 3, '9e248025-e7c5-4ff9-a470-c82184671297', 4, 2, '1', '2024-05-12 16:13:16', '2024-05-12 16:13:16'),
(447, 439, 3, '9e248025-e7c5-4ff9-a470-c82184671297', 4, 0, '1', '2024-05-12 16:13:16', '2024-05-12 16:13:16'),
(448, 440, 3, '9e248025-e7c5-4ff9-a470-c82184671297', 4, 0, '1', '2024-05-12 16:13:16', '2024-05-12 16:13:16'),
(449, 441, 3, '9e248025-e7c5-4ff9-a470-c82184671297', 4, 0, '4', '2024-05-12 16:13:16', '2024-05-12 16:13:16'),
(450, 442, 4, '9e248025-e7c5-4ff9-a470-c82184671297', 4, 0, '2', '2024-05-12 16:13:16', '2024-05-12 16:13:16'),
(451, 442, 4, '9e248025-e7c5-4ff9-a470-c82184671297', 4, 0, '3', '2024-05-12 16:13:16', '2024-05-12 16:13:16'),
(452, 443, 4, '9e248025-e7c5-4ff9-a470-c82184671297', 4, 0, '1', '2024-05-12 16:13:16', '2024-05-12 16:13:16'),
(453, 444, 4, '9e248025-e7c5-4ff9-a470-c82184671297', 4, 0, '4', '2024-05-12 16:13:16', '2024-05-12 16:13:16'),
(454, 445, 4, '9e248025-e7c5-4ff9-a470-c82184671297', 4, 0, '3', '2024-05-12 16:13:16', '2024-05-12 16:13:16');
INSERT INTO `detail_timekeeps` (`id`, `timekeep_id`, `calendar_id`, `user_id`, `month`, `shift`, `status`, `created_at`, `updated_at`) VALUES
(455, 446, 4, '9e248025-e7c5-4ff9-a470-c82184671297', 4, 2, '1', '2024-05-12 16:13:16', '2024-05-12 16:13:16'),
(456, 447, 4, '9e248025-e7c5-4ff9-a470-c82184671297', 4, 3, '3', '2024-05-12 16:13:16', '2024-05-12 16:13:16'),
(457, 448, 4, '9e248025-e7c5-4ff9-a470-c82184671297', 4, 0, '3', '2024-05-12 16:13:16', '2024-05-12 16:13:16'),
(458, 449, 5, '9e248025-e7c5-4ff9-a470-c82184671297', 4, 0, '4', '2024-05-12 16:13:16', '2024-05-12 16:13:16'),
(459, 450, 5, '9e248025-e7c5-4ff9-a470-c82184671297', 4, 0, '2', '2024-05-12 16:13:16', '2024-05-12 16:13:16'),
(460, 451, 5, '9e248025-e7c5-4ff9-a470-c82184671297', 4, 3, '2', '2024-05-12 16:13:16', '2024-05-12 16:13:16'),
(461, 452, 5, '9e248025-e7c5-4ff9-a470-c82184671297', 4, 0, '3', '2024-05-12 16:13:16', '2024-05-12 16:13:16'),
(462, 453, 5, '9e248025-e7c5-4ff9-a470-c82184671297', 4, 0, '4', '2024-05-12 16:13:16', '2024-05-12 16:13:16'),
(463, 454, 5, '9e248025-e7c5-4ff9-a470-c82184671297', 4, 0, '1', '2024-05-12 16:13:16', '2024-05-12 16:13:16'),
(464, 455, 5, '9e248025-e7c5-4ff9-a470-c82184671297', 4, 0, '3', '2024-05-12 16:13:16', '2024-05-12 16:13:16'),
(465, 456, 6, '9e248025-e7c5-4ff9-a470-c82184671297', 4, 3, '1', '2024-05-12 16:13:16', '2024-05-12 16:13:16'),
(466, 457, 6, '9e248025-e7c5-4ff9-a470-c82184671297', 4, 0, '4', '2024-05-12 16:13:16', '2024-05-12 16:13:16'),
(467, 458, 6, '9e248025-e7c5-4ff9-a470-c82184671297', 4, 0, '3', '2024-05-12 16:13:16', '2024-05-12 16:13:16'),
(468, 459, 6, '9e248025-e7c5-4ff9-a470-c82184671297', 4, 3, '2', '2024-05-12 16:13:16', '2024-05-12 16:13:16'),
(469, 459, 6, '9e248025-e7c5-4ff9-a470-c82184671297', 4, 3, '3', '2024-05-12 16:13:16', '2024-05-12 16:13:16'),
(470, 460, 6, '9e248025-e7c5-4ff9-a470-c82184671297', 4, 0, '1', '2024-05-12 16:13:16', '2024-05-12 16:13:16'),
(471, 461, 6, '9e248025-e7c5-4ff9-a470-c82184671297', 4, 0, '2', '2024-05-12 16:13:16', '2024-05-12 16:13:16'),
(472, 462, 6, '9e248025-e7c5-4ff9-a470-c82184671297', 4, 0, '2', '2024-05-12 16:13:16', '2024-05-12 16:13:16'),
(473, 462, 6, '9e248025-e7c5-4ff9-a470-c82184671297', 4, 0, '3', '2024-05-12 16:13:16', '2024-05-12 16:13:16'),
(474, 463, 7, '9e248025-e7c5-4ff9-a470-c82184671297', 4, 2, '2', '2024-05-12 16:13:16', '2024-05-12 16:13:16'),
(475, 464, 7, '9e248025-e7c5-4ff9-a470-c82184671297', 4, 0, '4', '2024-05-12 16:13:16', '2024-05-12 16:13:16'),
(476, 465, 7, '9e248025-e7c5-4ff9-a470-c82184671297', 4, 0, '1', '2024-05-12 16:13:16', '2024-05-12 16:13:16'),
(477, 466, 7, '9e248025-e7c5-4ff9-a470-c82184671297', 4, 0, '1', '2024-05-12 16:13:16', '2024-05-12 16:13:16'),
(478, 467, 7, '9e248025-e7c5-4ff9-a470-c82184671297', 4, 0, '1', '2024-05-12 16:13:16', '2024-05-12 16:13:16'),
(479, 468, 7, '9e248025-e7c5-4ff9-a470-c82184671297', 4, 0, '2', '2024-05-12 16:13:16', '2024-05-12 16:13:16'),
(480, 469, 7, '9e248025-e7c5-4ff9-a470-c82184671297', 4, 0, '3', '2024-05-12 16:13:16', '2024-05-12 16:13:16'),
(481, 470, 8, '9e248025-e7c5-4ff9-a470-c82184671297', 3, 2, '1', '2024-05-12 16:13:16', '2024-05-12 16:13:16'),
(482, 471, 8, '9e248025-e7c5-4ff9-a470-c82184671297', 3, 0, '3', '2024-05-12 16:13:16', '2024-05-12 16:13:16'),
(483, 472, 8, '9e248025-e7c5-4ff9-a470-c82184671297', 3, 3, '1', '2024-05-12 16:13:16', '2024-05-12 16:13:16'),
(484, 473, 8, '9e248025-e7c5-4ff9-a470-c82184671297', 3, 0, '1', '2024-05-12 16:13:16', '2024-05-12 16:13:16'),
(485, 474, 8, '9e248025-e7c5-4ff9-a470-c82184671297', 3, 2, '1', '2024-05-12 16:13:16', '2024-05-12 16:13:16'),
(486, 475, 8, '9e248025-e7c5-4ff9-a470-c82184671297', 3, 0, '1', '2024-05-12 16:13:16', '2024-05-12 16:13:16'),
(487, 476, 8, '9e248025-e7c5-4ff9-a470-c82184671297', 3, 0, '1', '2024-05-12 16:13:16', '2024-05-12 16:13:16'),
(488, 477, 9, '9e248025-e7c5-4ff9-a470-c82184671297', 4, 2, '2', '2024-05-12 16:13:16', '2024-05-12 16:13:16'),
(489, 478, 9, '9e248025-e7c5-4ff9-a470-c82184671297', 4, 0, '1', '2024-05-12 16:13:16', '2024-05-12 16:13:16'),
(490, 479, 9, '9e248025-e7c5-4ff9-a470-c82184671297', 4, 3, '2', '2024-05-12 16:13:16', '2024-05-12 16:13:16'),
(491, 479, 9, '9e248025-e7c5-4ff9-a470-c82184671297', 4, 3, '3', '2024-05-12 16:13:16', '2024-05-12 16:13:16'),
(492, 480, 9, '9e248025-e7c5-4ff9-a470-c82184671297', 4, 0, '3', '2024-05-12 16:13:16', '2024-05-12 16:13:16'),
(493, 481, 9, '9e248025-e7c5-4ff9-a470-c82184671297', 4, 0, '1', '2024-05-12 16:13:16', '2024-05-12 16:13:16'),
(494, 482, 9, '9e248025-e7c5-4ff9-a470-c82184671297', 4, 0, '3', '2024-05-12 16:13:16', '2024-05-12 16:13:16'),
(495, 483, 9, '9e248025-e7c5-4ff9-a470-c82184671297', 4, 0, '2', '2024-05-12 16:13:16', '2024-05-12 16:13:16'),
(496, 484, 10, '9e248025-e7c5-4ff9-a470-c82184671297', 3, 0, '4', '2024-05-12 16:13:16', '2024-05-12 16:13:16'),
(497, 485, 10, '9e248025-e7c5-4ff9-a470-c82184671297', 3, 0, '1', '2024-05-12 16:13:16', '2024-05-12 16:13:16'),
(498, 486, 10, '9e248025-e7c5-4ff9-a470-c82184671297', 3, 0, '1', '2024-05-12 16:13:16', '2024-05-12 16:13:16'),
(499, 487, 10, '9e248025-e7c5-4ff9-a470-c82184671297', 3, 0, '2', '2024-05-12 16:13:16', '2024-05-12 16:13:16'),
(500, 488, 10, '9e248025-e7c5-4ff9-a470-c82184671297', 3, 0, '1', '2024-05-12 16:13:16', '2024-05-12 16:13:16'),
(501, 489, 10, '9e248025-e7c5-4ff9-a470-c82184671297', 3, 2, '1', '2024-05-12 16:13:16', '2024-05-12 16:13:16'),
(502, 490, 10, '9e248025-e7c5-4ff9-a470-c82184671297', 3, 0, '1', '2024-05-12 16:13:16', '2024-05-12 16:13:16'),
(503, 491, 1, 'bc8b5621-1b7e-4654-90b0-dd27f64a5d47', 5, 0, '3', '2024-05-12 16:13:16', '2024-05-12 16:13:16'),
(504, 492, 1, 'bc8b5621-1b7e-4654-90b0-dd27f64a5d47', 5, 0, '1', '2024-05-12 16:13:16', '2024-05-12 16:13:16'),
(505, 493, 1, 'bc8b5621-1b7e-4654-90b0-dd27f64a5d47', 5, 0, '4', '2024-05-12 16:13:16', '2024-05-12 16:13:16'),
(506, 494, 1, 'bc8b5621-1b7e-4654-90b0-dd27f64a5d47', 5, 0, '4', '2024-05-12 16:13:16', '2024-05-12 16:13:16'),
(507, 495, 1, 'bc8b5621-1b7e-4654-90b0-dd27f64a5d47', 5, 0, '1', '2024-05-12 16:13:16', '2024-05-12 16:13:16'),
(508, 496, 1, 'bc8b5621-1b7e-4654-90b0-dd27f64a5d47', 5, 0, '1', '2024-05-12 16:13:16', '2024-05-12 16:13:16'),
(509, 497, 1, 'bc8b5621-1b7e-4654-90b0-dd27f64a5d47', 5, 3, '2', '2024-05-12 16:13:16', '2024-05-12 16:13:16'),
(510, 497, 1, 'bc8b5621-1b7e-4654-90b0-dd27f64a5d47', 5, 3, '3', '2024-05-12 16:13:16', '2024-05-12 16:13:16'),
(511, 498, 2, 'bc8b5621-1b7e-4654-90b0-dd27f64a5d47', 4, 0, '2', '2024-05-12 16:13:16', '2024-05-12 16:13:16'),
(512, 499, 2, 'bc8b5621-1b7e-4654-90b0-dd27f64a5d47', 4, 0, '1', '2024-05-12 16:13:16', '2024-05-12 16:13:16'),
(513, 500, 2, 'bc8b5621-1b7e-4654-90b0-dd27f64a5d47', 4, 0, '2', '2024-05-12 16:13:16', '2024-05-12 16:13:16'),
(514, 500, 2, 'bc8b5621-1b7e-4654-90b0-dd27f64a5d47', 4, 0, '3', '2024-05-12 16:13:16', '2024-05-12 16:13:16'),
(515, 501, 2, 'bc8b5621-1b7e-4654-90b0-dd27f64a5d47', 4, 0, '1', '2024-05-12 16:13:16', '2024-05-12 16:13:16'),
(516, 502, 2, 'bc8b5621-1b7e-4654-90b0-dd27f64a5d47', 4, 0, '1', '2024-05-12 16:13:16', '2024-05-12 16:13:16'),
(517, 503, 2, 'bc8b5621-1b7e-4654-90b0-dd27f64a5d47', 4, 0, '1', '2024-05-12 16:13:16', '2024-05-12 16:13:16'),
(518, 504, 2, 'bc8b5621-1b7e-4654-90b0-dd27f64a5d47', 4, 0, '2', '2024-05-12 16:13:16', '2024-05-12 16:13:16'),
(519, 505, 3, 'bc8b5621-1b7e-4654-90b0-dd27f64a5d47', 4, 0, '1', '2024-05-12 16:13:16', '2024-05-12 16:13:16'),
(520, 506, 3, 'bc8b5621-1b7e-4654-90b0-dd27f64a5d47', 4, 0, '1', '2024-05-12 16:13:16', '2024-05-12 16:13:16'),
(521, 507, 3, 'bc8b5621-1b7e-4654-90b0-dd27f64a5d47', 4, 0, '2', '2024-05-12 16:13:16', '2024-05-12 16:13:16'),
(522, 508, 3, 'bc8b5621-1b7e-4654-90b0-dd27f64a5d47', 4, 0, '1', '2024-05-12 16:13:17', '2024-05-12 16:13:17'),
(523, 509, 3, 'bc8b5621-1b7e-4654-90b0-dd27f64a5d47', 4, 2, '1', '2024-05-12 16:13:17', '2024-05-12 16:13:17'),
(524, 510, 3, 'bc8b5621-1b7e-4654-90b0-dd27f64a5d47', 4, 0, '4', '2024-05-12 16:13:17', '2024-05-12 16:13:17'),
(525, 511, 3, 'bc8b5621-1b7e-4654-90b0-dd27f64a5d47', 4, 2, '2', '2024-05-12 16:13:17', '2024-05-12 16:13:17'),
(526, 512, 4, 'bc8b5621-1b7e-4654-90b0-dd27f64a5d47', 4, 2, '2', '2024-05-12 16:13:17', '2024-05-12 16:13:17'),
(527, 513, 4, 'bc8b5621-1b7e-4654-90b0-dd27f64a5d47', 4, 0, '4', '2024-05-12 16:13:17', '2024-05-12 16:13:17'),
(528, 514, 4, 'bc8b5621-1b7e-4654-90b0-dd27f64a5d47', 4, 3, '1', '2024-05-12 16:13:17', '2024-05-12 16:13:17'),
(529, 515, 4, 'bc8b5621-1b7e-4654-90b0-dd27f64a5d47', 4, 3, '3', '2024-05-12 16:13:17', '2024-05-12 16:13:17'),
(530, 516, 4, 'bc8b5621-1b7e-4654-90b0-dd27f64a5d47', 4, 0, '1', '2024-05-12 16:13:17', '2024-05-12 16:13:17'),
(531, 517, 4, 'bc8b5621-1b7e-4654-90b0-dd27f64a5d47', 4, 0, '3', '2024-05-12 16:13:17', '2024-05-12 16:13:17'),
(532, 518, 4, 'bc8b5621-1b7e-4654-90b0-dd27f64a5d47', 4, 0, '1', '2024-05-12 16:13:17', '2024-05-12 16:13:17'),
(533, 519, 5, 'bc8b5621-1b7e-4654-90b0-dd27f64a5d47', 4, 0, '3', '2024-05-12 16:13:17', '2024-05-12 16:13:17'),
(534, 520, 5, 'bc8b5621-1b7e-4654-90b0-dd27f64a5d47', 4, 3, '2', '2024-05-12 16:13:17', '2024-05-12 16:13:17'),
(535, 521, 5, 'bc8b5621-1b7e-4654-90b0-dd27f64a5d47', 4, 3, '2', '2024-05-12 16:13:17', '2024-05-12 16:13:17'),
(536, 521, 5, 'bc8b5621-1b7e-4654-90b0-dd27f64a5d47', 4, 3, '3', '2024-05-12 16:13:17', '2024-05-12 16:13:17'),
(537, 522, 5, 'bc8b5621-1b7e-4654-90b0-dd27f64a5d47', 4, 0, '4', '2024-05-12 16:13:17', '2024-05-12 16:13:17'),
(538, 523, 5, 'bc8b5621-1b7e-4654-90b0-dd27f64a5d47', 4, 0, '1', '2024-05-12 16:13:17', '2024-05-12 16:13:17'),
(539, 524, 5, 'bc8b5621-1b7e-4654-90b0-dd27f64a5d47', 4, 3, '1', '2024-05-12 16:13:17', '2024-05-12 16:13:17'),
(540, 526, 6, 'bc8b5621-1b7e-4654-90b0-dd27f64a5d47', 4, 0, '2', '2024-05-12 16:13:17', '2024-05-12 16:13:17'),
(541, 527, 6, 'bc8b5621-1b7e-4654-90b0-dd27f64a5d47', 4, 0, '4', '2024-05-12 16:13:17', '2024-05-12 16:13:17'),
(542, 528, 6, 'bc8b5621-1b7e-4654-90b0-dd27f64a5d47', 4, 0, '1', '2024-05-12 16:13:17', '2024-05-12 16:13:17'),
(543, 529, 6, 'bc8b5621-1b7e-4654-90b0-dd27f64a5d47', 4, 0, '4', '2024-05-12 16:13:17', '2024-05-12 16:13:17'),
(544, 530, 6, 'bc8b5621-1b7e-4654-90b0-dd27f64a5d47', 4, 2, '1', '2024-05-12 16:13:17', '2024-05-12 16:13:17'),
(545, 531, 6, 'bc8b5621-1b7e-4654-90b0-dd27f64a5d47', 4, 0, '1', '2024-05-12 16:13:17', '2024-05-12 16:13:17'),
(546, 532, 6, 'bc8b5621-1b7e-4654-90b0-dd27f64a5d47', 4, 0, '3', '2024-05-12 16:13:17', '2024-05-12 16:13:17'),
(547, 533, 7, 'bc8b5621-1b7e-4654-90b0-dd27f64a5d47', 4, 3, '2', '2024-05-12 16:13:17', '2024-05-12 16:13:17'),
(548, 533, 7, 'bc8b5621-1b7e-4654-90b0-dd27f64a5d47', 4, 3, '3', '2024-05-12 16:13:17', '2024-05-12 16:13:17'),
(549, 534, 7, 'bc8b5621-1b7e-4654-90b0-dd27f64a5d47', 4, 0, '1', '2024-05-12 16:13:17', '2024-05-12 16:13:17'),
(550, 535, 7, 'bc8b5621-1b7e-4654-90b0-dd27f64a5d47', 4, 0, '3', '2024-05-12 16:13:17', '2024-05-12 16:13:17'),
(551, 536, 7, 'bc8b5621-1b7e-4654-90b0-dd27f64a5d47', 4, 0, '1', '2024-05-12 16:13:17', '2024-05-12 16:13:17'),
(552, 537, 7, 'bc8b5621-1b7e-4654-90b0-dd27f64a5d47', 4, 0, '1', '2024-05-12 16:13:17', '2024-05-12 16:13:17'),
(553, 538, 7, 'bc8b5621-1b7e-4654-90b0-dd27f64a5d47', 4, 0, '3', '2024-05-12 16:13:17', '2024-05-12 16:13:17'),
(554, 539, 7, 'bc8b5621-1b7e-4654-90b0-dd27f64a5d47', 4, 3, '1', '2024-05-12 16:13:17', '2024-05-12 16:13:17'),
(555, 540, 8, 'bc8b5621-1b7e-4654-90b0-dd27f64a5d47', 3, 0, '3', '2024-05-12 16:13:17', '2024-05-12 16:13:17'),
(556, 541, 8, 'bc8b5621-1b7e-4654-90b0-dd27f64a5d47', 3, 0, '3', '2024-05-12 16:13:17', '2024-05-12 16:13:17'),
(557, 542, 8, 'bc8b5621-1b7e-4654-90b0-dd27f64a5d47', 3, 3, '1', '2024-05-12 16:13:17', '2024-05-12 16:13:17'),
(558, 543, 8, 'bc8b5621-1b7e-4654-90b0-dd27f64a5d47', 3, 0, '1', '2024-05-12 16:13:17', '2024-05-12 16:13:17'),
(559, 544, 8, 'bc8b5621-1b7e-4654-90b0-dd27f64a5d47', 3, 0, '1', '2024-05-12 16:13:17', '2024-05-12 16:13:17'),
(560, 545, 8, 'bc8b5621-1b7e-4654-90b0-dd27f64a5d47', 3, 0, '1', '2024-05-12 16:13:17', '2024-05-12 16:13:17'),
(561, 546, 8, 'bc8b5621-1b7e-4654-90b0-dd27f64a5d47', 3, 0, '3', '2024-05-12 16:13:17', '2024-05-12 16:13:17'),
(562, 547, 9, 'bc8b5621-1b7e-4654-90b0-dd27f64a5d47', 4, 0, '3', '2024-05-12 16:13:17', '2024-05-12 16:13:17'),
(563, 548, 9, 'bc8b5621-1b7e-4654-90b0-dd27f64a5d47', 4, 2, '2', '2024-05-12 16:13:17', '2024-05-12 16:13:17'),
(564, 549, 9, 'bc8b5621-1b7e-4654-90b0-dd27f64a5d47', 4, 2, '1', '2024-05-12 16:13:17', '2024-05-12 16:13:17'),
(565, 550, 9, 'bc8b5621-1b7e-4654-90b0-dd27f64a5d47', 4, 2, '2', '2024-05-12 16:13:17', '2024-05-12 16:13:17'),
(566, 551, 9, 'bc8b5621-1b7e-4654-90b0-dd27f64a5d47', 4, 2, '2', '2024-05-12 16:13:17', '2024-05-12 16:13:17'),
(567, 552, 9, 'bc8b5621-1b7e-4654-90b0-dd27f64a5d47', 4, 0, '1', '2024-05-12 16:13:17', '2024-05-12 16:13:17'),
(568, 553, 9, 'bc8b5621-1b7e-4654-90b0-dd27f64a5d47', 4, 0, '1', '2024-05-12 16:13:17', '2024-05-12 16:13:17'),
(569, 554, 10, 'bc8b5621-1b7e-4654-90b0-dd27f64a5d47', 3, 0, '4', '2024-05-12 16:13:17', '2024-05-12 16:13:17'),
(570, 555, 10, 'bc8b5621-1b7e-4654-90b0-dd27f64a5d47', 3, 0, '1', '2024-05-12 16:13:17', '2024-05-12 16:13:17'),
(571, 556, 10, 'bc8b5621-1b7e-4654-90b0-dd27f64a5d47', 3, 0, '1', '2024-05-12 16:13:17', '2024-05-12 16:13:17'),
(572, 557, 10, 'bc8b5621-1b7e-4654-90b0-dd27f64a5d47', 3, 3, '3', '2024-05-12 16:13:17', '2024-05-12 16:13:17'),
(573, 558, 10, 'bc8b5621-1b7e-4654-90b0-dd27f64a5d47', 3, 0, '1', '2024-05-12 16:13:17', '2024-05-12 16:13:17'),
(574, 559, 10, 'bc8b5621-1b7e-4654-90b0-dd27f64a5d47', 3, 0, '1', '2024-05-12 16:13:17', '2024-05-12 16:13:17'),
(575, 560, 10, 'bc8b5621-1b7e-4654-90b0-dd27f64a5d47', 3, 0, '1', '2024-05-12 16:13:17', '2024-05-12 16:13:17'),
(576, 561, 1, 'd82a1f22-0fd6-47e6-a6de-baae5fbf017a', 5, 0, '1', '2024-05-12 16:13:17', '2024-05-12 16:13:17'),
(577, 563, 1, 'd82a1f22-0fd6-47e6-a6de-baae5fbf017a', 5, 0, '3', '2024-05-12 16:13:17', '2024-05-12 16:13:17'),
(578, 564, 1, 'd82a1f22-0fd6-47e6-a6de-baae5fbf017a', 5, 0, '1', '2024-05-12 16:13:17', '2024-05-12 16:13:17'),
(579, 565, 1, 'd82a1f22-0fd6-47e6-a6de-baae5fbf017a', 5, 0, '4', '2024-05-12 16:13:17', '2024-05-12 16:13:17'),
(580, 566, 1, 'd82a1f22-0fd6-47e6-a6de-baae5fbf017a', 5, 3, '2', '2024-05-12 16:13:17', '2024-05-12 16:13:17'),
(581, 567, 1, 'd82a1f22-0fd6-47e6-a6de-baae5fbf017a', 5, 0, '4', '2024-05-12 16:13:17', '2024-05-12 16:13:17'),
(582, 568, 2, 'd82a1f22-0fd6-47e6-a6de-baae5fbf017a', 4, 0, '2', '2024-05-12 16:13:17', '2024-05-12 16:13:17'),
(583, 569, 2, 'd82a1f22-0fd6-47e6-a6de-baae5fbf017a', 4, 0, '1', '2024-05-12 16:13:17', '2024-05-12 16:13:17'),
(584, 570, 2, 'd82a1f22-0fd6-47e6-a6de-baae5fbf017a', 4, 0, '1', '2024-05-12 16:13:17', '2024-05-12 16:13:17'),
(585, 571, 2, 'd82a1f22-0fd6-47e6-a6de-baae5fbf017a', 4, 0, '4', '2024-05-12 16:13:17', '2024-05-12 16:13:17'),
(586, 572, 2, 'd82a1f22-0fd6-47e6-a6de-baae5fbf017a', 4, 0, '1', '2024-05-12 16:13:17', '2024-05-12 16:13:17'),
(587, 573, 2, 'd82a1f22-0fd6-47e6-a6de-baae5fbf017a', 4, 3, '1', '2024-05-12 16:13:17', '2024-05-12 16:13:17'),
(588, 574, 2, 'd82a1f22-0fd6-47e6-a6de-baae5fbf017a', 4, 0, '4', '2024-05-12 16:13:17', '2024-05-12 16:13:17'),
(589, 575, 3, 'd82a1f22-0fd6-47e6-a6de-baae5fbf017a', 4, 0, '1', '2024-05-12 16:13:17', '2024-05-12 16:13:17'),
(590, 576, 3, 'd82a1f22-0fd6-47e6-a6de-baae5fbf017a', 4, 0, '2', '2024-05-12 16:13:17', '2024-05-12 16:13:17'),
(591, 576, 3, 'd82a1f22-0fd6-47e6-a6de-baae5fbf017a', 4, 0, '3', '2024-05-12 16:13:17', '2024-05-12 16:13:17'),
(592, 577, 3, 'd82a1f22-0fd6-47e6-a6de-baae5fbf017a', 4, 3, '1', '2024-05-12 16:13:17', '2024-05-12 16:13:17'),
(593, 578, 3, 'd82a1f22-0fd6-47e6-a6de-baae5fbf017a', 4, 0, '3', '2024-05-12 16:13:17', '2024-05-12 16:13:17'),
(594, 579, 3, 'd82a1f22-0fd6-47e6-a6de-baae5fbf017a', 4, 0, '1', '2024-05-12 16:13:17', '2024-05-12 16:13:17'),
(595, 580, 3, 'd82a1f22-0fd6-47e6-a6de-baae5fbf017a', 4, 0, '2', '2024-05-12 16:13:17', '2024-05-12 16:13:17'),
(596, 581, 3, 'd82a1f22-0fd6-47e6-a6de-baae5fbf017a', 4, 0, '1', '2024-05-12 16:13:17', '2024-05-12 16:13:17'),
(597, 582, 4, 'd82a1f22-0fd6-47e6-a6de-baae5fbf017a', 4, 0, '1', '2024-05-12 16:13:17', '2024-05-12 16:13:17'),
(598, 583, 4, 'd82a1f22-0fd6-47e6-a6de-baae5fbf017a', 4, 0, '1', '2024-05-12 16:13:17', '2024-05-12 16:13:17'),
(599, 584, 4, 'd82a1f22-0fd6-47e6-a6de-baae5fbf017a', 4, 0, '4', '2024-05-12 16:13:17', '2024-05-12 16:13:17'),
(600, 585, 4, 'd82a1f22-0fd6-47e6-a6de-baae5fbf017a', 4, 0, '3', '2024-05-12 16:13:17', '2024-05-12 16:13:17'),
(601, 586, 4, 'd82a1f22-0fd6-47e6-a6de-baae5fbf017a', 4, 3, '2', '2024-05-12 16:13:17', '2024-05-12 16:13:17'),
(602, 587, 4, 'd82a1f22-0fd6-47e6-a6de-baae5fbf017a', 4, 0, '1', '2024-05-12 16:13:17', '2024-05-12 16:13:17'),
(603, 588, 4, 'd82a1f22-0fd6-47e6-a6de-baae5fbf017a', 4, 0, '4', '2024-05-12 16:13:17', '2024-05-12 16:13:17'),
(604, 589, 5, 'd82a1f22-0fd6-47e6-a6de-baae5fbf017a', 4, 3, '1', '2024-05-12 16:13:17', '2024-05-12 16:13:17'),
(605, 590, 5, 'd82a1f22-0fd6-47e6-a6de-baae5fbf017a', 4, 0, '1', '2024-05-12 16:13:17', '2024-05-12 16:13:17'),
(606, 591, 5, 'd82a1f22-0fd6-47e6-a6de-baae5fbf017a', 4, 0, '1', '2024-05-12 16:13:17', '2024-05-12 16:13:17'),
(607, 592, 5, 'd82a1f22-0fd6-47e6-a6de-baae5fbf017a', 4, 0, '1', '2024-05-12 16:13:17', '2024-05-12 16:13:17'),
(608, 593, 5, 'd82a1f22-0fd6-47e6-a6de-baae5fbf017a', 4, 2, '2', '2024-05-12 16:13:17', '2024-05-12 16:13:17'),
(609, 594, 5, 'd82a1f22-0fd6-47e6-a6de-baae5fbf017a', 4, 0, '4', '2024-05-12 16:13:17', '2024-05-12 16:13:17'),
(610, 595, 5, 'd82a1f22-0fd6-47e6-a6de-baae5fbf017a', 4, 0, '4', '2024-05-12 16:13:17', '2024-05-12 16:13:17'),
(611, 596, 6, 'd82a1f22-0fd6-47e6-a6de-baae5fbf017a', 4, 2, '1', '2024-05-12 16:13:17', '2024-05-12 16:13:17'),
(612, 597, 6, 'd82a1f22-0fd6-47e6-a6de-baae5fbf017a', 4, 3, '1', '2024-05-12 16:13:17', '2024-05-12 16:13:17'),
(613, 598, 6, 'd82a1f22-0fd6-47e6-a6de-baae5fbf017a', 4, 0, '1', '2024-05-12 16:13:17', '2024-05-12 16:13:17'),
(614, 599, 6, 'd82a1f22-0fd6-47e6-a6de-baae5fbf017a', 4, 0, '1', '2024-05-12 16:13:17', '2024-05-12 16:13:17'),
(615, 600, 6, 'd82a1f22-0fd6-47e6-a6de-baae5fbf017a', 4, 0, '1', '2024-05-12 16:13:17', '2024-05-12 16:13:17'),
(616, 601, 6, 'd82a1f22-0fd6-47e6-a6de-baae5fbf017a', 4, 0, '1', '2024-05-12 16:13:17', '2024-05-12 16:13:17'),
(617, 602, 6, 'd82a1f22-0fd6-47e6-a6de-baae5fbf017a', 4, 0, '1', '2024-05-12 16:13:17', '2024-05-12 16:13:17'),
(618, 603, 7, 'd82a1f22-0fd6-47e6-a6de-baae5fbf017a', 4, 0, '1', '2024-05-12 16:13:17', '2024-05-12 16:13:17'),
(619, 604, 7, 'd82a1f22-0fd6-47e6-a6de-baae5fbf017a', 4, 0, '1', '2024-05-12 16:13:17', '2024-05-12 16:13:17'),
(620, 605, 7, 'd82a1f22-0fd6-47e6-a6de-baae5fbf017a', 4, 2, '2', '2024-05-12 16:13:17', '2024-05-12 16:13:17'),
(621, 606, 7, 'd82a1f22-0fd6-47e6-a6de-baae5fbf017a', 4, 0, '3', '2024-05-12 16:13:17', '2024-05-12 16:13:17'),
(622, 607, 7, 'd82a1f22-0fd6-47e6-a6de-baae5fbf017a', 4, 0, '3', '2024-05-12 16:13:17', '2024-05-12 16:13:17'),
(623, 608, 7, 'd82a1f22-0fd6-47e6-a6de-baae5fbf017a', 4, 2, '2', '2024-05-12 16:13:17', '2024-05-12 16:13:17'),
(624, 609, 7, 'd82a1f22-0fd6-47e6-a6de-baae5fbf017a', 4, 3, '2', '2024-05-12 16:13:17', '2024-05-12 16:13:17'),
(625, 609, 7, 'd82a1f22-0fd6-47e6-a6de-baae5fbf017a', 4, 3, '3', '2024-05-12 16:13:17', '2024-05-12 16:13:17'),
(626, 610, 8, 'd82a1f22-0fd6-47e6-a6de-baae5fbf017a', 3, 2, '2', '2024-05-12 16:13:17', '2024-05-12 16:13:17'),
(627, 611, 8, 'd82a1f22-0fd6-47e6-a6de-baae5fbf017a', 3, 0, '2', '2024-05-12 16:13:17', '2024-05-12 16:13:17'),
(628, 612, 8, 'd82a1f22-0fd6-47e6-a6de-baae5fbf017a', 3, 0, '4', '2024-05-12 16:13:17', '2024-05-12 16:13:17'),
(629, 613, 8, 'd82a1f22-0fd6-47e6-a6de-baae5fbf017a', 3, 3, '2', '2024-05-12 16:13:17', '2024-05-12 16:13:17'),
(630, 614, 8, 'd82a1f22-0fd6-47e6-a6de-baae5fbf017a', 3, 3, '1', '2024-05-12 16:13:17', '2024-05-12 16:13:17'),
(631, 615, 8, 'd82a1f22-0fd6-47e6-a6de-baae5fbf017a', 3, 0, '1', '2024-05-12 16:13:17', '2024-05-12 16:13:17'),
(632, 616, 8, 'd82a1f22-0fd6-47e6-a6de-baae5fbf017a', 3, 2, '1', '2024-05-12 16:13:17', '2024-05-12 16:13:17'),
(633, 617, 9, 'd82a1f22-0fd6-47e6-a6de-baae5fbf017a', 4, 0, '1', '2024-05-12 16:13:17', '2024-05-12 16:13:17'),
(634, 618, 9, 'd82a1f22-0fd6-47e6-a6de-baae5fbf017a', 4, 0, '1', '2024-05-12 16:13:17', '2024-05-12 16:13:17'),
(635, 619, 9, 'd82a1f22-0fd6-47e6-a6de-baae5fbf017a', 4, 0, '3', '2024-05-12 16:13:17', '2024-05-12 16:13:17'),
(636, 620, 9, 'd82a1f22-0fd6-47e6-a6de-baae5fbf017a', 4, 0, '1', '2024-05-12 16:13:17', '2024-05-12 16:13:17'),
(637, 621, 9, 'd82a1f22-0fd6-47e6-a6de-baae5fbf017a', 4, 0, '3', '2024-05-12 16:13:17', '2024-05-12 16:13:17'),
(638, 622, 9, 'd82a1f22-0fd6-47e6-a6de-baae5fbf017a', 4, 0, '3', '2024-05-12 16:13:17', '2024-05-12 16:13:17'),
(639, 623, 9, 'd82a1f22-0fd6-47e6-a6de-baae5fbf017a', 4, 0, '4', '2024-05-12 16:13:17', '2024-05-12 16:13:17'),
(640, 624, 10, 'd82a1f22-0fd6-47e6-a6de-baae5fbf017a', 3, 0, '1', '2024-05-12 16:13:17', '2024-05-12 16:13:17'),
(641, 625, 10, 'd82a1f22-0fd6-47e6-a6de-baae5fbf017a', 3, 0, '1', '2024-05-12 16:13:17', '2024-05-12 16:13:17'),
(642, 626, 10, 'd82a1f22-0fd6-47e6-a6de-baae5fbf017a', 3, 0, '1', '2024-05-12 16:13:17', '2024-05-12 16:13:17'),
(643, 627, 10, 'd82a1f22-0fd6-47e6-a6de-baae5fbf017a', 3, 0, '1', '2024-05-12 16:13:17', '2024-05-12 16:13:17'),
(644, 628, 10, 'd82a1f22-0fd6-47e6-a6de-baae5fbf017a', 3, 0, '3', '2024-05-12 16:13:17', '2024-05-12 16:13:17'),
(645, 629, 10, 'd82a1f22-0fd6-47e6-a6de-baae5fbf017a', 3, 0, '1', '2024-05-12 16:13:17', '2024-05-12 16:13:17'),
(646, 630, 10, 'd82a1f22-0fd6-47e6-a6de-baae5fbf017a', 3, 0, '1', '2024-05-12 16:13:17', '2024-05-12 16:13:17'),
(647, 631, 1, 'ec2625bf-612c-4f5a-a68b-081c946820a3', 5, 0, '1', '2024-05-12 16:13:17', '2024-05-12 16:13:17'),
(648, 632, 1, 'ec2625bf-612c-4f5a-a68b-081c946820a3', 5, 0, '4', '2024-05-12 16:13:17', '2024-05-12 16:13:17'),
(649, 633, 1, 'ec2625bf-612c-4f5a-a68b-081c946820a3', 5, 0, '2', '2024-05-12 16:13:17', '2024-05-12 16:13:17'),
(650, 634, 1, 'ec2625bf-612c-4f5a-a68b-081c946820a3', 5, 0, '3', '2024-05-12 16:13:17', '2024-05-12 16:13:17'),
(651, 635, 1, 'ec2625bf-612c-4f5a-a68b-081c946820a3', 5, 0, '1', '2024-05-12 16:13:17', '2024-05-12 16:13:17'),
(652, 636, 1, 'ec2625bf-612c-4f5a-a68b-081c946820a3', 5, 2, '2', '2024-05-12 16:13:17', '2024-05-12 16:13:17'),
(653, 637, 1, 'ec2625bf-612c-4f5a-a68b-081c946820a3', 5, 0, '2', '2024-05-12 16:13:17', '2024-05-12 16:13:17'),
(654, 638, 2, 'ec2625bf-612c-4f5a-a68b-081c946820a3', 4, 0, '1', '2024-05-12 16:13:17', '2024-05-12 16:13:17'),
(655, 639, 2, 'ec2625bf-612c-4f5a-a68b-081c946820a3', 4, 0, '3', '2024-05-12 16:13:17', '2024-05-12 16:13:17'),
(656, 640, 2, 'ec2625bf-612c-4f5a-a68b-081c946820a3', 4, 0, '2', '2024-05-12 16:13:17', '2024-05-12 16:13:17'),
(657, 641, 2, 'ec2625bf-612c-4f5a-a68b-081c946820a3', 4, 2, '2', '2024-05-12 16:13:17', '2024-05-12 16:13:17'),
(658, 642, 2, 'ec2625bf-612c-4f5a-a68b-081c946820a3', 4, 0, '4', '2024-05-12 16:13:17', '2024-05-12 16:13:17'),
(659, 643, 2, 'ec2625bf-612c-4f5a-a68b-081c946820a3', 4, 0, '3', '2024-05-12 16:13:17', '2024-05-12 16:13:17'),
(660, 644, 2, 'ec2625bf-612c-4f5a-a68b-081c946820a3', 4, 0, '1', '2024-05-12 16:13:17', '2024-05-12 16:13:17'),
(661, 645, 3, 'ec2625bf-612c-4f5a-a68b-081c946820a3', 4, 0, '1', '2024-05-12 16:13:17', '2024-05-12 16:13:17'),
(662, 646, 3, 'ec2625bf-612c-4f5a-a68b-081c946820a3', 4, 0, '1', '2024-05-12 16:13:17', '2024-05-12 16:13:17'),
(663, 647, 3, 'ec2625bf-612c-4f5a-a68b-081c946820a3', 4, 0, '4', '2024-05-12 16:13:17', '2024-05-12 16:13:17'),
(664, 648, 3, 'ec2625bf-612c-4f5a-a68b-081c946820a3', 4, 2, '1', '2024-05-12 16:13:17', '2024-05-12 16:13:17'),
(665, 649, 3, 'ec2625bf-612c-4f5a-a68b-081c946820a3', 4, 0, '4', '2024-05-12 16:13:17', '2024-05-12 16:13:17'),
(666, 650, 3, 'ec2625bf-612c-4f5a-a68b-081c946820a3', 4, 0, '1', '2024-05-12 16:13:17', '2024-05-12 16:13:17'),
(667, 651, 3, 'ec2625bf-612c-4f5a-a68b-081c946820a3', 4, 0, '1', '2024-05-12 16:13:17', '2024-05-12 16:13:17'),
(668, 652, 4, 'ec2625bf-612c-4f5a-a68b-081c946820a3', 4, 0, '4', '2024-05-12 16:13:17', '2024-05-12 16:13:17'),
(669, 653, 4, 'ec2625bf-612c-4f5a-a68b-081c946820a3', 4, 0, '1', '2024-05-12 16:13:17', '2024-05-12 16:13:17'),
(670, 654, 4, 'ec2625bf-612c-4f5a-a68b-081c946820a3', 4, 0, '2', '2024-05-12 16:13:17', '2024-05-12 16:13:17'),
(671, 654, 4, 'ec2625bf-612c-4f5a-a68b-081c946820a3', 4, 0, '3', '2024-05-12 16:13:17', '2024-05-12 16:13:17'),
(672, 655, 4, 'ec2625bf-612c-4f5a-a68b-081c946820a3', 4, 0, '4', '2024-05-12 16:13:17', '2024-05-12 16:13:17'),
(673, 656, 4, 'ec2625bf-612c-4f5a-a68b-081c946820a3', 4, 0, '4', '2024-05-12 16:13:17', '2024-05-12 16:13:17'),
(674, 657, 4, 'ec2625bf-612c-4f5a-a68b-081c946820a3', 4, 0, '2', '2024-05-12 16:13:17', '2024-05-12 16:13:17'),
(675, 658, 4, 'ec2625bf-612c-4f5a-a68b-081c946820a3', 4, 0, '1', '2024-05-12 16:13:17', '2024-05-12 16:13:17'),
(676, 659, 5, 'ec2625bf-612c-4f5a-a68b-081c946820a3', 4, 0, '1', '2024-05-12 16:13:17', '2024-05-12 16:13:17'),
(677, 660, 5, 'ec2625bf-612c-4f5a-a68b-081c946820a3', 4, 0, '1', '2024-05-12 16:13:17', '2024-05-12 16:13:17'),
(678, 661, 5, 'ec2625bf-612c-4f5a-a68b-081c946820a3', 4, 0, '1', '2024-05-12 16:13:17', '2024-05-12 16:13:17'),
(679, 662, 5, 'ec2625bf-612c-4f5a-a68b-081c946820a3', 4, 0, '1', '2024-05-12 16:13:17', '2024-05-12 16:13:17'),
(680, 663, 5, 'ec2625bf-612c-4f5a-a68b-081c946820a3', 4, 0, '1', '2024-05-12 16:13:17', '2024-05-12 16:13:17'),
(681, 664, 5, 'ec2625bf-612c-4f5a-a68b-081c946820a3', 4, 0, '1', '2024-05-12 16:13:17', '2024-05-12 16:13:17'),
(682, 665, 5, 'ec2625bf-612c-4f5a-a68b-081c946820a3', 4, 0, '4', '2024-05-12 16:13:17', '2024-05-12 16:13:17'),
(683, 666, 6, 'ec2625bf-612c-4f5a-a68b-081c946820a3', 4, 0, '4', '2024-05-12 16:13:17', '2024-05-12 16:13:17'),
(684, 667, 6, 'ec2625bf-612c-4f5a-a68b-081c946820a3', 4, 3, '1', '2024-05-12 16:13:17', '2024-05-12 16:13:17'),
(685, 668, 6, 'ec2625bf-612c-4f5a-a68b-081c946820a3', 4, 0, '1', '2024-05-12 16:13:17', '2024-05-12 16:13:17'),
(686, 669, 6, 'ec2625bf-612c-4f5a-a68b-081c946820a3', 4, 0, '3', '2024-05-12 16:13:17', '2024-05-12 16:13:17'),
(687, 670, 6, 'ec2625bf-612c-4f5a-a68b-081c946820a3', 4, 0, '1', '2024-05-12 16:13:17', '2024-05-12 16:13:17'),
(688, 671, 6, 'ec2625bf-612c-4f5a-a68b-081c946820a3', 4, 2, '1', '2024-05-12 16:13:17', '2024-05-12 16:13:17'),
(689, 672, 6, 'ec2625bf-612c-4f5a-a68b-081c946820a3', 4, 3, '3', '2024-05-12 16:13:17', '2024-05-12 16:13:17'),
(690, 673, 7, 'ec2625bf-612c-4f5a-a68b-081c946820a3', 4, 0, '1', '2024-05-12 16:13:17', '2024-05-12 16:13:17'),
(691, 674, 7, 'ec2625bf-612c-4f5a-a68b-081c946820a3', 4, 0, '2', '2024-05-12 16:13:17', '2024-05-12 16:13:17'),
(692, 675, 7, 'ec2625bf-612c-4f5a-a68b-081c946820a3', 4, 0, '3', '2024-05-12 16:13:17', '2024-05-12 16:13:17'),
(693, 676, 7, 'ec2625bf-612c-4f5a-a68b-081c946820a3', 4, 3, '2', '2024-05-12 16:13:17', '2024-05-12 16:13:17'),
(694, 677, 7, 'ec2625bf-612c-4f5a-a68b-081c946820a3', 4, 2, '1', '2024-05-12 16:13:17', '2024-05-12 16:13:17'),
(695, 678, 7, 'ec2625bf-612c-4f5a-a68b-081c946820a3', 4, 0, '1', '2024-05-12 16:13:17', '2024-05-12 16:13:17'),
(696, 679, 7, 'ec2625bf-612c-4f5a-a68b-081c946820a3', 4, 2, '2', '2024-05-12 16:13:17', '2024-05-12 16:13:17'),
(697, 680, 8, 'ec2625bf-612c-4f5a-a68b-081c946820a3', 3, 2, '1', '2024-05-12 16:13:17', '2024-05-12 16:13:17'),
(698, 681, 8, 'ec2625bf-612c-4f5a-a68b-081c946820a3', 3, 0, '2', '2024-05-12 16:13:17', '2024-05-12 16:13:17'),
(699, 682, 8, 'ec2625bf-612c-4f5a-a68b-081c946820a3', 3, 2, '1', '2024-05-12 16:13:17', '2024-05-12 16:13:17'),
(700, 683, 8, 'ec2625bf-612c-4f5a-a68b-081c946820a3', 3, 0, '3', '2024-05-12 16:13:17', '2024-05-12 16:13:17'),
(701, 684, 8, 'ec2625bf-612c-4f5a-a68b-081c946820a3', 3, 0, '2', '2024-05-12 16:13:17', '2024-05-12 16:13:17'),
(702, 684, 8, 'ec2625bf-612c-4f5a-a68b-081c946820a3', 3, 0, '3', '2024-05-12 16:13:17', '2024-05-12 16:13:17'),
(703, 685, 8, 'ec2625bf-612c-4f5a-a68b-081c946820a3', 3, 2, '1', '2024-05-12 16:13:17', '2024-05-12 16:13:17'),
(704, 686, 8, 'ec2625bf-612c-4f5a-a68b-081c946820a3', 3, 0, '3', '2024-05-12 16:13:17', '2024-05-12 16:13:17'),
(705, 687, 9, 'ec2625bf-612c-4f5a-a68b-081c946820a3', 4, 2, '2', '2024-05-12 16:13:17', '2024-05-12 16:13:17'),
(706, 688, 9, 'ec2625bf-612c-4f5a-a68b-081c946820a3', 4, 0, '1', '2024-05-12 16:13:17', '2024-05-12 16:13:17'),
(707, 689, 9, 'ec2625bf-612c-4f5a-a68b-081c946820a3', 4, 0, '4', '2024-05-12 16:13:17', '2024-05-12 16:13:17'),
(708, 690, 9, 'ec2625bf-612c-4f5a-a68b-081c946820a3', 4, 0, '1', '2024-05-12 16:13:17', '2024-05-12 16:13:17'),
(709, 691, 9, 'ec2625bf-612c-4f5a-a68b-081c946820a3', 4, 0, '1', '2024-05-12 16:13:17', '2024-05-12 16:13:17'),
(710, 692, 9, 'ec2625bf-612c-4f5a-a68b-081c946820a3', 4, 0, '3', '2024-05-12 16:13:17', '2024-05-12 16:13:17'),
(711, 693, 9, 'ec2625bf-612c-4f5a-a68b-081c946820a3', 4, 2, '1', '2024-05-12 16:13:17', '2024-05-12 16:13:17'),
(712, 694, 10, 'ec2625bf-612c-4f5a-a68b-081c946820a3', 3, 0, '4', '2024-05-12 16:13:17', '2024-05-12 16:13:17'),
(713, 695, 10, 'ec2625bf-612c-4f5a-a68b-081c946820a3', 3, 0, '1', '2024-05-12 16:13:17', '2024-05-12 16:13:17'),
(714, 696, 10, 'ec2625bf-612c-4f5a-a68b-081c946820a3', 3, 0, '2', '2024-05-12 16:13:17', '2024-05-12 16:13:17'),
(715, 697, 10, 'ec2625bf-612c-4f5a-a68b-081c946820a3', 3, 0, '2', '2024-05-12 16:13:17', '2024-05-12 16:13:17'),
(716, 698, 10, 'ec2625bf-612c-4f5a-a68b-081c946820a3', 3, 0, '3', '2024-05-12 16:13:17', '2024-05-12 16:13:17'),
(717, 699, 10, 'ec2625bf-612c-4f5a-a68b-081c946820a3', 3, 0, '1', '2024-05-12 16:13:17', '2024-05-12 16:13:17'),
(718, 700, 10, 'ec2625bf-612c-4f5a-a68b-081c946820a3', 3, 3, '1', '2024-05-12 16:13:17', '2024-05-12 16:13:17'),
(719, 701, 1, 'ef6e1ec4-592a-4d6f-a795-e93f2e7acfc6', 5, 0, '1', '2024-05-12 16:13:17', '2024-05-12 16:13:17'),
(720, 702, 1, 'ef6e1ec4-592a-4d6f-a795-e93f2e7acfc6', 5, 2, '2', '2024-05-12 16:13:17', '2024-05-12 16:13:17'),
(721, 703, 1, 'ef6e1ec4-592a-4d6f-a795-e93f2e7acfc6', 5, 0, '1', '2024-05-12 16:13:17', '2024-05-12 16:13:17'),
(722, 704, 1, 'ef6e1ec4-592a-4d6f-a795-e93f2e7acfc6', 5, 0, '4', '2024-05-12 16:13:17', '2024-05-12 16:13:17'),
(723, 705, 1, 'ef6e1ec4-592a-4d6f-a795-e93f2e7acfc6', 5, 0, '3', '2024-05-12 16:13:17', '2024-05-12 16:13:17'),
(724, 706, 1, 'ef6e1ec4-592a-4d6f-a795-e93f2e7acfc6', 5, 2, '2', '2024-05-12 16:13:17', '2024-05-12 16:13:17'),
(725, 707, 1, 'ef6e1ec4-592a-4d6f-a795-e93f2e7acfc6', 5, 2, '1', '2024-05-12 16:13:17', '2024-05-12 16:13:17'),
(726, 708, 2, 'ef6e1ec4-592a-4d6f-a795-e93f2e7acfc6', 4, 0, '4', '2024-05-12 16:13:17', '2024-05-12 16:13:17'),
(727, 709, 2, 'ef6e1ec4-592a-4d6f-a795-e93f2e7acfc6', 4, 3, '2', '2024-05-12 16:13:17', '2024-05-12 16:13:17'),
(728, 709, 2, 'ef6e1ec4-592a-4d6f-a795-e93f2e7acfc6', 4, 3, '3', '2024-05-12 16:13:17', '2024-05-12 16:13:17'),
(729, 710, 2, 'ef6e1ec4-592a-4d6f-a795-e93f2e7acfc6', 4, 0, '2', '2024-05-12 16:13:17', '2024-05-12 16:13:17'),
(730, 710, 2, 'ef6e1ec4-592a-4d6f-a795-e93f2e7acfc6', 4, 0, '3', '2024-05-12 16:13:17', '2024-05-12 16:13:17'),
(731, 711, 2, 'ef6e1ec4-592a-4d6f-a795-e93f2e7acfc6', 4, 0, '3', '2024-05-12 16:13:17', '2024-05-12 16:13:17'),
(732, 712, 2, 'ef6e1ec4-592a-4d6f-a795-e93f2e7acfc6', 4, 0, '1', '2024-05-12 16:13:17', '2024-05-12 16:13:17'),
(733, 713, 2, 'ef6e1ec4-592a-4d6f-a795-e93f2e7acfc6', 4, 0, '2', '2024-05-12 16:13:17', '2024-05-12 16:13:17'),
(734, 714, 2, 'ef6e1ec4-592a-4d6f-a795-e93f2e7acfc6', 4, 0, '3', '2024-05-12 16:13:17', '2024-05-12 16:13:17'),
(735, 715, 3, 'ef6e1ec4-592a-4d6f-a795-e93f2e7acfc6', 4, 0, '1', '2024-05-12 16:13:17', '2024-05-12 16:13:17'),
(736, 716, 3, 'ef6e1ec4-592a-4d6f-a795-e93f2e7acfc6', 4, 3, '2', '2024-05-12 16:13:17', '2024-05-12 16:13:17'),
(737, 717, 3, 'ef6e1ec4-592a-4d6f-a795-e93f2e7acfc6', 4, 0, '1', '2024-05-12 16:13:17', '2024-05-12 16:13:17'),
(738, 718, 3, 'ef6e1ec4-592a-4d6f-a795-e93f2e7acfc6', 4, 0, '2', '2024-05-12 16:13:17', '2024-05-12 16:13:17'),
(739, 719, 3, 'ef6e1ec4-592a-4d6f-a795-e93f2e7acfc6', 4, 0, '1', '2024-05-12 16:13:17', '2024-05-12 16:13:17'),
(740, 721, 3, 'ef6e1ec4-592a-4d6f-a795-e93f2e7acfc6', 4, 0, '4', '2024-05-12 16:13:17', '2024-05-12 16:13:17'),
(741, 722, 4, 'ef6e1ec4-592a-4d6f-a795-e93f2e7acfc6', 4, 3, '2', '2024-05-12 16:13:17', '2024-05-12 16:13:17'),
(742, 722, 4, 'ef6e1ec4-592a-4d6f-a795-e93f2e7acfc6', 4, 3, '3', '2024-05-12 16:13:17', '2024-05-12 16:13:17'),
(743, 723, 4, 'ef6e1ec4-592a-4d6f-a795-e93f2e7acfc6', 4, 0, '1', '2024-05-12 16:13:17', '2024-05-12 16:13:17'),
(744, 724, 4, 'ef6e1ec4-592a-4d6f-a795-e93f2e7acfc6', 4, 0, '3', '2024-05-12 16:13:17', '2024-05-12 16:13:17'),
(745, 725, 4, 'ef6e1ec4-592a-4d6f-a795-e93f2e7acfc6', 4, 0, '3', '2024-05-12 16:13:17', '2024-05-12 16:13:17'),
(746, 726, 4, 'ef6e1ec4-592a-4d6f-a795-e93f2e7acfc6', 4, 0, '4', '2024-05-12 16:13:17', '2024-05-12 16:13:17'),
(747, 727, 4, 'ef6e1ec4-592a-4d6f-a795-e93f2e7acfc6', 4, 0, '1', '2024-05-12 16:13:17', '2024-05-12 16:13:17'),
(748, 728, 4, 'ef6e1ec4-592a-4d6f-a795-e93f2e7acfc6', 4, 0, '1', '2024-05-12 16:13:17', '2024-05-12 16:13:17'),
(749, 729, 5, 'ef6e1ec4-592a-4d6f-a795-e93f2e7acfc6', 4, 0, '1', '2024-05-12 16:13:17', '2024-05-12 16:13:17'),
(750, 730, 5, 'ef6e1ec4-592a-4d6f-a795-e93f2e7acfc6', 4, 0, '4', '2024-05-12 16:13:17', '2024-05-12 16:13:17'),
(751, 731, 5, 'ef6e1ec4-592a-4d6f-a795-e93f2e7acfc6', 4, 2, '1', '2024-05-12 16:13:17', '2024-05-12 16:13:17'),
(752, 732, 5, 'ef6e1ec4-592a-4d6f-a795-e93f2e7acfc6', 4, 2, '1', '2024-05-12 16:13:17', '2024-05-12 16:13:17'),
(753, 733, 5, 'ef6e1ec4-592a-4d6f-a795-e93f2e7acfc6', 4, 0, '2', '2024-05-12 16:13:17', '2024-05-12 16:13:17'),
(754, 734, 5, 'ef6e1ec4-592a-4d6f-a795-e93f2e7acfc6', 4, 0, '4', '2024-05-12 16:13:17', '2024-05-12 16:13:17'),
(755, 735, 5, 'ef6e1ec4-592a-4d6f-a795-e93f2e7acfc6', 4, 2, '1', '2024-05-12 16:13:17', '2024-05-12 16:13:17'),
(756, 736, 6, 'ef6e1ec4-592a-4d6f-a795-e93f2e7acfc6', 4, 0, '4', '2024-05-12 16:13:18', '2024-05-12 16:13:18'),
(757, 737, 6, 'ef6e1ec4-592a-4d6f-a795-e93f2e7acfc6', 4, 0, '4', '2024-05-12 16:13:18', '2024-05-12 16:13:18'),
(758, 738, 6, 'ef6e1ec4-592a-4d6f-a795-e93f2e7acfc6', 4, 0, '1', '2024-05-12 16:13:18', '2024-05-12 16:13:18'),
(759, 739, 6, 'ef6e1ec4-592a-4d6f-a795-e93f2e7acfc6', 4, 3, '3', '2024-05-12 16:13:18', '2024-05-12 16:13:18'),
(760, 740, 6, 'ef6e1ec4-592a-4d6f-a795-e93f2e7acfc6', 4, 0, '3', '2024-05-12 16:13:18', '2024-05-12 16:13:18'),
(761, 741, 6, 'ef6e1ec4-592a-4d6f-a795-e93f2e7acfc6', 4, 0, '1', '2024-05-12 16:13:18', '2024-05-12 16:13:18'),
(762, 742, 6, 'ef6e1ec4-592a-4d6f-a795-e93f2e7acfc6', 4, 0, '2', '2024-05-12 16:13:18', '2024-05-12 16:13:18'),
(763, 743, 7, 'ef6e1ec4-592a-4d6f-a795-e93f2e7acfc6', 4, 0, '4', '2024-05-12 16:13:18', '2024-05-12 16:13:18'),
(764, 744, 7, 'ef6e1ec4-592a-4d6f-a795-e93f2e7acfc6', 4, 0, '2', '2024-05-12 16:13:18', '2024-05-12 16:13:18'),
(765, 744, 7, 'ef6e1ec4-592a-4d6f-a795-e93f2e7acfc6', 4, 0, '3', '2024-05-12 16:13:18', '2024-05-12 16:13:18'),
(766, 745, 7, 'ef6e1ec4-592a-4d6f-a795-e93f2e7acfc6', 4, 2, '1', '2024-05-12 16:13:18', '2024-05-12 16:13:18'),
(767, 746, 7, 'ef6e1ec4-592a-4d6f-a795-e93f2e7acfc6', 4, 2, '1', '2024-05-12 16:13:18', '2024-05-12 16:13:18'),
(768, 747, 7, 'ef6e1ec4-592a-4d6f-a795-e93f2e7acfc6', 4, 0, '3', '2024-05-12 16:13:18', '2024-05-12 16:13:18'),
(769, 748, 7, 'ef6e1ec4-592a-4d6f-a795-e93f2e7acfc6', 4, 0, '4', '2024-05-12 16:13:18', '2024-05-12 16:13:18'),
(770, 749, 7, 'ef6e1ec4-592a-4d6f-a795-e93f2e7acfc6', 4, 2, '1', '2024-05-12 16:13:18', '2024-05-12 16:13:18'),
(771, 750, 8, 'ef6e1ec4-592a-4d6f-a795-e93f2e7acfc6', 3, 0, '1', '2024-05-12 16:13:18', '2024-05-12 16:13:18'),
(772, 751, 8, 'ef6e1ec4-592a-4d6f-a795-e93f2e7acfc6', 3, 0, '4', '2024-05-12 16:13:18', '2024-05-12 16:13:18'),
(773, 752, 8, 'ef6e1ec4-592a-4d6f-a795-e93f2e7acfc6', 3, 2, '2', '2024-05-12 16:13:18', '2024-05-12 16:13:18'),
(774, 753, 8, 'ef6e1ec4-592a-4d6f-a795-e93f2e7acfc6', 3, 0, '1', '2024-05-12 16:13:18', '2024-05-12 16:13:18'),
(775, 754, 8, 'ef6e1ec4-592a-4d6f-a795-e93f2e7acfc6', 3, 0, '1', '2024-05-12 16:13:18', '2024-05-12 16:13:18'),
(776, 755, 8, 'ef6e1ec4-592a-4d6f-a795-e93f2e7acfc6', 3, 0, '4', '2024-05-12 16:13:18', '2024-05-12 16:13:18'),
(777, 756, 8, 'ef6e1ec4-592a-4d6f-a795-e93f2e7acfc6', 3, 0, '2', '2024-05-12 16:13:18', '2024-05-12 16:13:18'),
(778, 757, 9, 'ef6e1ec4-592a-4d6f-a795-e93f2e7acfc6', 4, 0, '4', '2024-05-12 16:13:18', '2024-05-12 16:13:18'),
(779, 758, 9, 'ef6e1ec4-592a-4d6f-a795-e93f2e7acfc6', 4, 0, '3', '2024-05-12 16:13:18', '2024-05-12 16:13:18'),
(780, 759, 9, 'ef6e1ec4-592a-4d6f-a795-e93f2e7acfc6', 4, 0, '1', '2024-05-12 16:13:18', '2024-05-12 16:13:18'),
(781, 760, 9, 'ef6e1ec4-592a-4d6f-a795-e93f2e7acfc6', 4, 0, '1', '2024-05-12 16:13:18', '2024-05-12 16:13:18'),
(782, 761, 9, 'ef6e1ec4-592a-4d6f-a795-e93f2e7acfc6', 4, 0, '1', '2024-05-12 16:13:18', '2024-05-12 16:13:18'),
(783, 762, 9, 'ef6e1ec4-592a-4d6f-a795-e93f2e7acfc6', 4, 0, '1', '2024-05-12 16:13:18', '2024-05-12 16:13:18'),
(784, 763, 9, 'ef6e1ec4-592a-4d6f-a795-e93f2e7acfc6', 4, 0, '1', '2024-05-12 16:13:18', '2024-05-12 16:13:18'),
(785, 764, 10, 'ef6e1ec4-592a-4d6f-a795-e93f2e7acfc6', 3, 0, '1', '2024-05-12 16:13:18', '2024-05-12 16:13:18'),
(786, 765, 10, 'ef6e1ec4-592a-4d6f-a795-e93f2e7acfc6', 3, 0, '1', '2024-05-12 16:13:18', '2024-05-12 16:13:18'),
(787, 766, 10, 'ef6e1ec4-592a-4d6f-a795-e93f2e7acfc6', 3, 0, '3', '2024-05-12 16:13:18', '2024-05-12 16:13:18'),
(788, 767, 10, 'ef6e1ec4-592a-4d6f-a795-e93f2e7acfc6', 3, 0, '1', '2024-05-12 16:13:18', '2024-05-12 16:13:18'),
(789, 768, 10, 'ef6e1ec4-592a-4d6f-a795-e93f2e7acfc6', 3, 3, '2', '2024-05-12 16:13:18', '2024-05-12 16:13:18'),
(790, 769, 10, 'ef6e1ec4-592a-4d6f-a795-e93f2e7acfc6', 3, 0, '3', '2024-05-12 16:13:18', '2024-05-12 16:13:18'),
(791, 770, 10, 'ef6e1ec4-592a-4d6f-a795-e93f2e7acfc6', 3, 0, '1', '2024-05-12 16:13:18', '2024-05-12 16:13:18');

-- --------------------------------------------------------

--
-- Table structure for table `migrations`
--

CREATE TABLE `migrations` (
  `id` int UNSIGNED NOT NULL,
  `migration` varchar(255) COLLATE utf8mb4_unicode_ci NOT NULL,
  `batch` int NOT NULL
) ENGINE=InnoDB DEFAULT CHARSET=utf8mb4 COLLATE=utf8mb4_unicode_ci;

--
-- Dumping data for table `migrations`
--

INSERT INTO `migrations` (`id`, `migration`, `batch`) VALUES
(451, '2019_12_14_000001_create_personal_access_tokens_table', 1),
(452, '2024_00_00_000000_create_admins_table', 1),
(453, '2024_00_00_000001_create_positions_table', 1),
(454, '2024_00_00_000100_create_users_table', 1),
(455, '2024_00_00_000101_create_calendars_table', 1),
(456, '2024_00_00_000101_create_qrcodes_table', 1),
(457, '2024_00_00_000110_create_calendar_user_table', 1),
(458, '2024_00_00_000111_create_schedules_table', 1),
(459, '2024_00_00_001001_create_salaries_table', 1),
(460, '2024_00_00_001101_create_timekeeps_table', 1),
(461, '2024_00_00_100000_create_qrcode_user_table', 1),
(462, '2024_00_00_100001_create_detail_timekeeps_table', 1),
(463, '2024_04_28_152708_add_last_activity_to_users_table', 1),
(464, '2024_04_28_152724_add_last_activity_to_admins_table', 1),
(465, '2024_10_00_000000_create_password_reset_tokens_table', 1);

-- --------------------------------------------------------

--
-- Table structure for table `password_reset_tokens`
--

CREATE TABLE `password_reset_tokens` (
  `email` varchar(255) COLLATE utf8mb4_unicode_ci NOT NULL,
  `token` varchar(255) COLLATE utf8mb4_unicode_ci NOT NULL,
  `created_at` timestamp NULL DEFAULT NULL
) ENGINE=InnoDB DEFAULT CHARSET=utf8mb4 COLLATE=utf8mb4_unicode_ci;

-- --------------------------------------------------------

--
-- Table structure for table `personal_access_tokens`
--

CREATE TABLE `personal_access_tokens` (
  `id` bigint UNSIGNED NOT NULL,
  `tokenable_type` varchar(255) COLLATE utf8mb4_unicode_ci NOT NULL,
  `tokenable_id` bigint UNSIGNED NOT NULL,
  `name` varchar(255) COLLATE utf8mb4_unicode_ci NOT NULL,
  `token` varchar(64) COLLATE utf8mb4_unicode_ci NOT NULL,
  `abilities` text COLLATE utf8mb4_unicode_ci,
  `last_used_at` timestamp NULL DEFAULT NULL,
  `expires_at` timestamp NULL DEFAULT NULL,
  `created_at` timestamp NULL DEFAULT NULL,
  `updated_at` timestamp NULL DEFAULT NULL
) ENGINE=InnoDB DEFAULT CHARSET=utf8mb4 COLLATE=utf8mb4_unicode_ci;

-- --------------------------------------------------------

--
-- Table structure for table `positions`
--

CREATE TABLE `positions` (
  `id` char(36) COLLATE utf8mb4_unicode_ci NOT NULL,
  `job` varchar(255) COLLATE utf8mb4_unicode_ci DEFAULT NULL,
  `price` int UNSIGNED NOT NULL DEFAULT '0',
  `created_at` timestamp NULL DEFAULT NULL,
  `updated_at` timestamp NULL DEFAULT NULL
) ENGINE=InnoDB DEFAULT CHARSET=utf8mb4 COLLATE=utf8mb4_unicode_ci;

--
-- Dumping data for table `positions`
--

INSERT INTO `positions` (`id`, `job`, `price`, `created_at`, `updated_at`) VALUES
('0483c9a8-0af3-4228-bf0b-6d13f2d94f0c', 'Thu ngn', 20000, '2024-05-12 16:13:07', '2024-05-12 16:13:07'),
('a2f9c6e8-ffeb-4038-b94b-cb0d4599c00b', 'Pha ch', 25000, '2024-05-12 16:13:07', '2024-05-12 16:13:07'),
('a7a8a131-fc40-4151-b03a-fa847a4771e5', 'Phc v', 15000, '2024-05-12 16:13:07', '2024-05-12 16:13:07');

-- --------------------------------------------------------

--
-- Table structure for table `qrcodes`
--

CREATE TABLE `qrcodes` (
  `id` char(36) COLLATE utf8mb4_unicode_ci NOT NULL,
  `name` varchar(255) COLLATE utf8mb4_unicode_ci DEFAULT NULL,
  `mode` int UNSIGNED NOT NULL DEFAULT '1',
  `qr_code` text COLLATE utf8mb4_unicode_ci,
  `address` varchar(255) COLLATE utf8mb4_unicode_ci DEFAULT NULL,
  `address_latitude` varchar(255) COLLATE utf8mb4_unicode_ci DEFAULT NULL,
  `address_longitude` varchar(255) COLLATE utf8mb4_unicode_ci DEFAULT NULL,
  `ip` varchar(255) COLLATE utf8mb4_unicode_ci DEFAULT NULL,
  `image` varchar(255) COLLATE utf8mb4_unicode_ci DEFAULT NULL,
  `created_at` timestamp NULL DEFAULT NULL,
  `updated_at` timestamp NULL DEFAULT NULL
) ENGINE=InnoDB DEFAULT CHARSET=utf8mb4 COLLATE=utf8mb4_unicode_ci;

--
-- Dumping data for table `qrcodes`
--

INSERT INTO `qrcodes` (`id`, `name`, `mode`, `qr_code`, `address`, `address_latitude`, `address_longitude`, `ip`, `image`, `created_at`, `updated_at`) VALUES
('52957605-f25c-47ac-96b9-27c176a60c46', 'L nh Hiu', 1, '52957605-f25c-47ac-96b9-27c176a60c46-1715530391', 'Xun Canh, ng Anh, H Ni', '21.214394', '105.746865', NULL, NULL, '2024-05-12 16:13:11', '2024-05-12 16:13:11');

-- --------------------------------------------------------

--
-- Table structure for table `qrcode_user`
--

CREATE TABLE `qrcode_user` (
  `id` bigint UNSIGNED NOT NULL,
  `qrcode_id` char(36) COLLATE utf8mb4_unicode_ci NOT NULL,
  `user_id` char(36) COLLATE utf8mb4_unicode_ci NOT NULL,
  `created_at` timestamp NULL DEFAULT NULL,
  `updated_at` timestamp NULL DEFAULT NULL
) ENGINE=InnoDB DEFAULT CHARSET=utf8mb4 COLLATE=utf8mb4_unicode_ci;

--
-- Dumping data for table `qrcode_user`
--

INSERT INTO `qrcode_user` (`id`, `qrcode_id`, `user_id`, `created_at`, `updated_at`) VALUES
(1, '52957605-f25c-47ac-96b9-27c176a60c46', '0853b6db-db10-48e7-ac45-45f728a3d6e4', '2024-05-12 16:13:11', '2024-05-12 16:13:11'),
(2, '52957605-f25c-47ac-96b9-27c176a60c46', '233d626d-de50-4244-8dd1-6d598f6f9360', '2024-05-12 16:13:11', '2024-05-12 16:13:11'),
(3, '52957605-f25c-47ac-96b9-27c176a60c46', '3fe8dad9-94db-40e9-86e8-be95c868f550', '2024-05-12 16:13:11', '2024-05-12 16:13:11'),
(4, '52957605-f25c-47ac-96b9-27c176a60c46', '60258b59-f1ec-4873-985c-f5008d33410c', '2024-05-12 16:13:11', '2024-05-12 16:13:11'),
(5, '52957605-f25c-47ac-96b9-27c176a60c46', '8af006cf-b93d-4f6a-aad3-385e94fc0fd2', '2024-05-12 16:13:11', '2024-05-12 16:13:11'),
(6, '52957605-f25c-47ac-96b9-27c176a60c46', '92e13d3c-4da1-4458-acb9-1ebd68c02cf0', '2024-05-12 16:13:11', '2024-05-12 16:13:11'),
(7, '52957605-f25c-47ac-96b9-27c176a60c46', '9e248025-e7c5-4ff9-a470-c82184671297', '2024-05-12 16:13:11', '2024-05-12 16:13:11'),
(8, '52957605-f25c-47ac-96b9-27c176a60c46', 'bc8b5621-1b7e-4654-90b0-dd27f64a5d47', '2024-05-12 16:13:11', '2024-05-12 16:13:11'),
(9, '52957605-f25c-47ac-96b9-27c176a60c46', 'd82a1f22-0fd6-47e6-a6de-baae5fbf017a', '2024-05-12 16:13:11', '2024-05-12 16:13:11'),
(10, '52957605-f25c-47ac-96b9-27c176a60c46', 'ec2625bf-612c-4f5a-a68b-081c946820a3', '2024-05-12 16:13:11', '2024-05-12 16:13:11'),
(11, '52957605-f25c-47ac-96b9-27c176a60c46', 'ef6e1ec4-592a-4d6f-a795-e93f2e7acfc6', '2024-05-12 16:13:11', '2024-05-12 16:13:11');

-- --------------------------------------------------------

--
-- Table structure for table `salaries`
--

CREATE TABLE `salaries` (
  `id` bigint UNSIGNED NOT NULL,
  `user_id` char(36) COLLATE utf8mb4_unicode_ci DEFAULT NULL,
  `position_id` char(36) COLLATE utf8mb4_unicode_ci DEFAULT NULL,
  `month` bigint UNSIGNED DEFAULT NULL,
  `reward` int UNSIGNED NOT NULL DEFAULT '0',
  `punish` int UNSIGNED NOT NULL DEFAULT '0',
  `total` int NOT NULL DEFAULT '0',
  `created_at` timestamp NULL DEFAULT NULL,
  `updated_at` timestamp NULL DEFAULT NULL
) ENGINE=InnoDB DEFAULT CHARSET=utf8mb4 COLLATE=utf8mb4_unicode_ci;

--
-- Dumping data for table `salaries`
--

INSERT INTO `salaries` (`id`, `user_id`, `position_id`, `month`, `reward`, `punish`, `total`, `created_at`, `updated_at`) VALUES
(1, '0853b6db-db10-48e7-ac45-45f728a3d6e4', 'a7a8a131-fc40-4151-b03a-fa847a4771e5', 3, 6, 22500, 277500, '2024-05-12 16:13:18', '2024-05-12 16:13:18'),
(2, '0853b6db-db10-48e7-ac45-45f728a3d6e4', 'a7a8a131-fc40-4151-b03a-fa847a4771e5', 4, 5, 127500, 3622500, '2024-05-12 16:13:18', '2024-05-12 16:13:18'),
(3, '0853b6db-db10-48e7-ac45-45f728a3d6e4', 'a7a8a131-fc40-4151-b03a-fa847a4771e5', 5, 19, 15000, 210000, '2024-05-12 16:13:18', '2024-05-12 16:13:18'),
(4, '233d626d-de50-4244-8dd1-6d598f6f9360', 'a2f9c6e8-ffeb-4038-b94b-cb0d4599c00b', 3, 5, 75000, 425000, '2024-05-12 16:13:18', '2024-05-12 16:13:18'),
(5, '233d626d-de50-4244-8dd1-6d598f6f9360', 'a2f9c6e8-ffeb-4038-b94b-cb0d4599c00b', 4, 19, 200000, 3550000, '2024-05-12 16:13:18', '2024-05-12 16:13:18'),
(6, '233d626d-de50-4244-8dd1-6d598f6f9360', 'a2f9c6e8-ffeb-4038-b94b-cb0d4599c00b', 5, 9, 0, 250000, '2024-05-12 16:13:18', '2024-05-12 16:13:18'),
(7, '3fe8dad9-94db-40e9-86e8-be95c868f550', '0483c9a8-0af3-4228-bf0b-6d13f2d94f0c', 3, 6, 40000, 260000, '2024-05-12 16:13:18', '2024-05-12 16:13:18'),
(8, '3fe8dad9-94db-40e9-86e8-be95c868f550', '0483c9a8-0af3-4228-bf0b-6d13f2d94f0c', 4, 8, 190000, 3710000, '2024-05-12 16:13:18', '2024-05-12 16:13:18'),
(9, '3fe8dad9-94db-40e9-86e8-be95c868f550', '0483c9a8-0af3-4228-bf0b-6d13f2d94f0c', 5, 17, 30000, 170000, '2024-05-12 16:13:18', '2024-05-12 16:13:18'),
(10, '60258b59-f1ec-4873-985c-f5008d33410c', 'a7a8a131-fc40-4151-b03a-fa847a4771e5', 3, 7, 22500, 427500, '2024-05-12 16:13:18', '2024-05-12 16:13:18'),
(11, '60258b59-f1ec-4873-985c-f5008d33410c', 'a7a8a131-fc40-4151-b03a-fa847a4771e5', 4, 13, 142500, 2632500, '2024-05-12 16:13:18', '2024-05-12 16:13:18'),
(12, '60258b59-f1ec-4873-985c-f5008d33410c', 'a7a8a131-fc40-4151-b03a-fa847a4771e5', 5, 17, 30000, 345000, '2024-05-12 16:13:18', '2024-05-12 16:13:18'),
(13, '8af006cf-b93d-4f6a-aad3-385e94fc0fd2', 'a7a8a131-fc40-4151-b03a-fa847a4771e5', 3, 11, 52500, 547500, '2024-05-12 16:13:18', '2024-05-12 16:13:18'),
(14, '8af006cf-b93d-4f6a-aad3-385e94fc0fd2', 'a7a8a131-fc40-4151-b03a-fa847a4771e5', 4, 7, 157500, 1717500, '2024-05-12 16:13:18', '2024-05-12 16:13:18'),
(15, '8af006cf-b93d-4f6a-aad3-385e94fc0fd2', 'a7a8a131-fc40-4151-b03a-fa847a4771e5', 5, 6, 15000, 135000, '2024-05-12 16:13:18', '2024-05-12 16:13:18'),
(16, '92e13d3c-4da1-4458-acb9-1ebd68c02cf0', 'a7a8a131-fc40-4151-b03a-fa847a4771e5', 3, 5, 45000, 780000, '2024-05-12 16:13:18', '2024-05-12 16:13:18'),
(17, '92e13d3c-4da1-4458-acb9-1ebd68c02cf0', 'a7a8a131-fc40-4151-b03a-fa847a4771e5', 4, 8, 112500, 1612500, '2024-05-12 16:13:18', '2024-05-12 16:13:18'),
(18, '92e13d3c-4da1-4458-acb9-1ebd68c02cf0', 'a7a8a131-fc40-4151-b03a-fa847a4771e5', 5, 7, 7500, 367500, '2024-05-12 16:13:18', '2024-05-12 16:13:18'),
(19, '9e248025-e7c5-4ff9-a470-c82184671297', 'a2f9c6e8-ffeb-4038-b94b-cb0d4599c00b', 3, 12, 25000, 1100000, '2024-05-12 16:13:18', '2024-05-12 16:13:18'),
(20, '9e248025-e7c5-4ff9-a470-c82184671297', 'a2f9c6e8-ffeb-4038-b94b-cb0d4599c00b', 4, 5, 362500, 4262500, '2024-05-12 16:13:18', '2024-05-12 16:13:18'),
(21, '9e248025-e7c5-4ff9-a470-c82184671297', 'a2f9c6e8-ffeb-4038-b94b-cb0d4599c00b', 5, 12, 37500, 712500, '2024-05-12 16:13:18', '2024-05-12 16:13:18'),
(22, 'bc8b5621-1b7e-4654-90b0-dd27f64a5d47', 'a2f9c6e8-ffeb-4038-b94b-cb0d4599c00b', 3, 15, 50000, 700000, '2024-05-12 16:13:18', '2024-05-12 16:13:18'),
(23, 'bc8b5621-1b7e-4654-90b0-dd27f64a5d47', 'a2f9c6e8-ffeb-4038-b94b-cb0d4599c00b', 4, 10, 287500, 5087500, '2024-05-12 16:13:18', '2024-05-12 16:13:18'),
(24, 'bc8b5621-1b7e-4654-90b0-dd27f64a5d47', 'a2f9c6e8-ffeb-4038-b94b-cb0d4599c00b', 5, 19, 37500, 712500, '2024-05-12 16:13:18', '2024-05-12 16:13:18'),
(25, 'd82a1f22-0fd6-47e6-a6de-baae5fbf017a', 'a2f9c6e8-ffeb-4038-b94b-cb0d4599c00b', 3, 16, 50000, 1200000, '2024-05-12 16:13:18', '2024-05-12 16:13:18'),
(26, 'd82a1f22-0fd6-47e6-a6de-baae5fbf017a', 'a2f9c6e8-ffeb-4038-b94b-cb0d4599c00b', 4, 19, 212500, 3412500, '2024-05-12 16:13:18', '2024-05-12 16:13:18'),
(27, 'd82a1f22-0fd6-47e6-a6de-baae5fbf017a', 'a2f9c6e8-ffeb-4038-b94b-cb0d4599c00b', 5, 18, 25000, 350000, '2024-05-12 16:13:18', '2024-05-12 16:13:18'),
(28, 'ec2625bf-612c-4f5a-a68b-081c946820a3', 'a2f9c6e8-ffeb-4038-b94b-cb0d4599c00b', 3, 5, 100000, 1025000, '2024-05-12 16:13:18', '2024-05-12 16:13:18'),
(29, 'ec2625bf-612c-4f5a-a68b-081c946820a3', 'a2f9c6e8-ffeb-4038-b94b-cb0d4599c00b', 4, 16, 187500, 2687500, '2024-05-12 16:13:18', '2024-05-12 16:13:18'),
(30, 'ec2625bf-612c-4f5a-a68b-081c946820a3', 'a2f9c6e8-ffeb-4038-b94b-cb0d4599c00b', 5, 19, 50000, 200000, '2024-05-12 16:13:18', '2024-05-12 16:13:18'),
(31, 'ef6e1ec4-592a-4d6f-a795-e93f2e7acfc6', 'a2f9c6e8-ffeb-4038-b94b-cb0d4599c00b', 3, 13, 62500, 562500, '2024-05-12 16:13:18', '2024-05-12 16:13:18'),
(32, 'ef6e1ec4-592a-4d6f-a795-e93f2e7acfc6', 'a2f9c6e8-ffeb-4038-b94b-cb0d4599c00b', 4, 9, 262500, 3487500, '2024-05-12 16:13:18', '2024-05-12 16:13:18'),
(33, 'ef6e1ec4-592a-4d6f-a795-e93f2e7acfc6', 'a2f9c6e8-ffeb-4038-b94b-cb0d4599c00b', 5, 20, 37500, 712500, '2024-05-12 16:13:18', '2024-05-12 16:13:18');

-- --------------------------------------------------------

--
-- Table structure for table `schedules`
--

CREATE TABLE `schedules` (
  `id` bigint UNSIGNED NOT NULL,
  `user_id` char(36) COLLATE utf8mb4_unicode_ci DEFAULT NULL,
  `calendar_id` bigint UNSIGNED DEFAULT NULL,
  `day` int UNSIGNED DEFAULT NULL,
  `shift_1` int UNSIGNED NOT NULL DEFAULT '0',
  `shift_2` int UNSIGNED NOT NULL DEFAULT '0',
  `shift_3` int UNSIGNED NOT NULL DEFAULT '0',
  `shift` int UNSIGNED NOT NULL DEFAULT '0',
  `created_at` timestamp NULL DEFAULT NULL,
  `updated_at` timestamp NULL DEFAULT NULL
) ENGINE=InnoDB DEFAULT CHARSET=utf8mb4 COLLATE=utf8mb4_unicode_ci;

--
-- Dumping data for table `schedules`
--

INSERT INTO `schedules` (`id`, `user_id`, `calendar_id`, `day`, `shift_1`, `shift_2`, `shift_3`, `shift`, `created_at`, `updated_at`) VALUES
(1, '0853b6db-db10-48e7-ac45-45f728a3d6e4', 1, 0, 0, 1, 1, 2, '2024-05-12 16:13:11', '2024-05-12 16:13:11'),
(2, '0853b6db-db10-48e7-ac45-45f728a3d6e4', 1, 1, 1, 1, 1, 3, '2024-05-12 16:13:11', '2024-05-12 16:13:11'),
(3, '0853b6db-db10-48e7-ac45-45f728a3d6e4', 1, 2, 1, 0, 1, 2, '2024-05-12 16:13:11', '2024-05-12 16:13:11'),
(4, '0853b6db-db10-48e7-ac45-45f728a3d6e4', 1, 3, 1, 0, 0, 1, '2024-05-12 16:13:11', '2024-05-12 16:13:11'),
(5, '0853b6db-db10-48e7-ac45-45f728a3d6e4', 1, 4, 0, 1, 0, 1, '2024-05-12 16:13:11', '2024-05-12 16:13:11'),
(6, '0853b6db-db10-48e7-ac45-45f728a3d6e4', 1, 5, 0, 1, 0, 1, '2024-05-12 16:13:11', '2024-05-12 16:13:11'),
(7, '0853b6db-db10-48e7-ac45-45f728a3d6e4', 1, 6, 0, 0, 1, 1, '2024-05-12 16:13:11', '2024-05-12 16:13:11'),
(8, '0853b6db-db10-48e7-ac45-45f728a3d6e4', 2, 0, 1, 1, 1, 3, '2024-05-12 16:13:11', '2024-05-12 16:13:11'),
(9, '0853b6db-db10-48e7-ac45-45f728a3d6e4', 2, 1, 1, 0, 1, 2, '2024-05-12 16:13:11', '2024-05-12 16:13:11'),
(10, '0853b6db-db10-48e7-ac45-45f728a3d6e4', 2, 2, 0, 0, 1, 1, '2024-05-12 16:13:11', '2024-05-12 16:13:11'),
(11, '0853b6db-db10-48e7-ac45-45f728a3d6e4', 2, 3, 0, 0, 0, 0, '2024-05-12 16:13:11', '2024-05-12 16:13:11'),
(12, '0853b6db-db10-48e7-ac45-45f728a3d6e4', 2, 4, 1, 1, 0, 2, '2024-05-12 16:13:11', '2024-05-12 16:13:11'),
(13, '0853b6db-db10-48e7-ac45-45f728a3d6e4', 2, 5, 1, 1, 1, 3, '2024-05-12 16:13:11', '2024-05-12 16:13:11'),
(14, '0853b6db-db10-48e7-ac45-45f728a3d6e4', 2, 6, 1, 1, 1, 3, '2024-05-12 16:13:11', '2024-05-12 16:13:11'),
(15, '0853b6db-db10-48e7-ac45-45f728a3d6e4', 3, 0, 0, 1, 0, 1, '2024-05-12 16:13:11', '2024-05-12 16:13:11'),
(16, '0853b6db-db10-48e7-ac45-45f728a3d6e4', 3, 1, 1, 1, 0, 2, '2024-05-12 16:13:11', '2024-05-12 16:13:11'),
(17, '0853b6db-db10-48e7-ac45-45f728a3d6e4', 3, 2, 1, 0, 1, 2, '2024-05-12 16:13:11', '2024-05-12 16:13:11'),
(18, '0853b6db-db10-48e7-ac45-45f728a3d6e4', 3, 3, 0, 0, 1, 1, '2024-05-12 16:13:11', '2024-05-12 16:13:11'),
(19, '0853b6db-db10-48e7-ac45-45f728a3d6e4', 3, 4, 1, 1, 1, 3, '2024-05-12 16:13:11', '2024-05-12 16:13:11'),
(20, '0853b6db-db10-48e7-ac45-45f728a3d6e4', 3, 5, 1, 1, 0, 2, '2024-05-12 16:13:11', '2024-05-12 16:13:11'),
(21, '0853b6db-db10-48e7-ac45-45f728a3d6e4', 3, 6, 1, 0, 0, 1, '2024-05-12 16:13:11', '2024-05-12 16:13:11'),
(22, '0853b6db-db10-48e7-ac45-45f728a3d6e4', 4, 0, 1, 1, 0, 2, '2024-05-12 16:13:11', '2024-05-12 16:13:11'),
(23, '0853b6db-db10-48e7-ac45-45f728a3d6e4', 4, 1, 1, 0, 0, 1, '2024-05-12 16:13:11', '2024-05-12 16:13:11'),
(24, '0853b6db-db10-48e7-ac45-45f728a3d6e4', 4, 2, 1, 1, 1, 3, '2024-05-12 16:13:11', '2024-05-12 16:13:11'),
(25, '0853b6db-db10-48e7-ac45-45f728a3d6e4', 4, 3, 0, 0, 1, 1, '2024-05-12 16:13:11', '2024-05-12 16:13:11'),
(26, '0853b6db-db10-48e7-ac45-45f728a3d6e4', 4, 4, 1, 0, 0, 1, '2024-05-12 16:13:11', '2024-05-12 16:13:11'),
(27, '0853b6db-db10-48e7-ac45-45f728a3d6e4', 4, 5, 0, 0, 1, 1, '2024-05-12 16:13:11', '2024-05-12 16:13:11'),
(28, '0853b6db-db10-48e7-ac45-45f728a3d6e4', 4, 6, 0, 1, 0, 1, '2024-05-12 16:13:11', '2024-05-12 16:13:11'),
(29, '0853b6db-db10-48e7-ac45-45f728a3d6e4', 5, 0, 0, 0, 0, 0, '2024-05-12 16:13:11', '2024-05-12 16:13:11'),
(30, '0853b6db-db10-48e7-ac45-45f728a3d6e4', 5, 1, 0, 1, 0, 1, '2024-05-12 16:13:11', '2024-05-12 16:13:11'),
(31, '0853b6db-db10-48e7-ac45-45f728a3d6e4', 5, 2, 0, 0, 0, 0, '2024-05-12 16:13:11', '2024-05-12 16:13:11'),
(32, '0853b6db-db10-48e7-ac45-45f728a3d6e4', 5, 3, 0, 1, 1, 2, '2024-05-12 16:13:11', '2024-05-12 16:13:11'),
(33, '0853b6db-db10-48e7-ac45-45f728a3d6e4', 5, 4, 1, 1, 1, 3, '2024-05-12 16:13:11', '2024-05-12 16:13:11'),
(34, '0853b6db-db10-48e7-ac45-45f728a3d6e4', 5, 5, 1, 1, 1, 3, '2024-05-12 16:13:11', '2024-05-12 16:13:11'),
(35, '0853b6db-db10-48e7-ac45-45f728a3d6e4', 5, 6, 0, 1, 0, 1, '2024-05-12 16:13:11', '2024-05-12 16:13:11'),
(36, '0853b6db-db10-48e7-ac45-45f728a3d6e4', 6, 0, 0, 1, 0, 1, '2024-05-12 16:13:11', '2024-05-12 16:13:11'),
(37, '0853b6db-db10-48e7-ac45-45f728a3d6e4', 6, 1, 1, 0, 1, 2, '2024-05-12 16:13:11', '2024-05-12 16:13:11'),
(38, '0853b6db-db10-48e7-ac45-45f728a3d6e4', 6, 2, 1, 0, 1, 2, '2024-05-12 16:13:11', '2024-05-12 16:13:11'),
(39, '0853b6db-db10-48e7-ac45-45f728a3d6e4', 6, 3, 0, 1, 0, 1, '2024-05-12 16:13:11', '2024-05-12 16:13:11'),
(40, '0853b6db-db10-48e7-ac45-45f728a3d6e4', 6, 4, 1, 0, 1, 2, '2024-05-12 16:13:11', '2024-05-12 16:13:11'),
(41, '0853b6db-db10-48e7-ac45-45f728a3d6e4', 6, 5, 1, 0, 0, 1, '2024-05-12 16:13:11', '2024-05-12 16:13:11'),
(42, '0853b6db-db10-48e7-ac45-45f728a3d6e4', 6, 6, 1, 1, 1, 3, '2024-05-12 16:13:11', '2024-05-12 16:13:11'),
(43, '0853b6db-db10-48e7-ac45-45f728a3d6e4', 7, 0, 1, 0, 1, 2, '2024-05-12 16:13:11', '2024-05-12 16:13:11'),
(44, '0853b6db-db10-48e7-ac45-45f728a3d6e4', 7, 1, 1, 1, 1, 3, '2024-05-12 16:13:11', '2024-05-12 16:13:11'),
(45, '0853b6db-db10-48e7-ac45-45f728a3d6e4', 7, 2, 1, 1, 1, 3, '2024-05-12 16:13:11', '2024-05-12 16:13:11'),
(46, '0853b6db-db10-48e7-ac45-45f728a3d6e4', 7, 3, 1, 1, 1, 3, '2024-05-12 16:13:11', '2024-05-12 16:13:11'),
(47, '0853b6db-db10-48e7-ac45-45f728a3d6e4', 7, 4, 0, 1, 1, 2, '2024-05-12 16:13:11', '2024-05-12 16:13:11'),
(48, '0853b6db-db10-48e7-ac45-45f728a3d6e4', 7, 5, 1, 1, 1, 3, '2024-05-12 16:13:11', '2024-05-12 16:13:11'),
(49, '0853b6db-db10-48e7-ac45-45f728a3d6e4', 7, 6, 0, 1, 1, 2, '2024-05-12 16:13:11', '2024-05-12 16:13:11'),
(50, '0853b6db-db10-48e7-ac45-45f728a3d6e4', 8, 0, 1, 1, 0, 2, '2024-05-12 16:13:11', '2024-05-12 16:13:11'),
(51, '0853b6db-db10-48e7-ac45-45f728a3d6e4', 8, 1, 1, 0, 0, 1, '2024-05-12 16:13:11', '2024-05-12 16:13:11'),
(52, '0853b6db-db10-48e7-ac45-45f728a3d6e4', 8, 2, 0, 0, 1, 1, '2024-05-12 16:13:11', '2024-05-12 16:13:11'),
(53, '0853b6db-db10-48e7-ac45-45f728a3d6e4', 8, 3, 0, 0, 0, 0, '2024-05-12 16:13:11', '2024-05-12 16:13:11'),
(54, '0853b6db-db10-48e7-ac45-45f728a3d6e4', 8, 4, 0, 1, 1, 2, '2024-05-12 16:13:11', '2024-05-12 16:13:11'),
(55, '0853b6db-db10-48e7-ac45-45f728a3d6e4', 8, 5, 0, 1, 0, 1, '2024-05-12 16:13:11', '2024-05-12 16:13:11'),
(56, '0853b6db-db10-48e7-ac45-45f728a3d6e4', 8, 6, 1, 1, 0, 2, '2024-05-12 16:13:11', '2024-05-12 16:13:11'),
(57, '0853b6db-db10-48e7-ac45-45f728a3d6e4', 9, 0, 1, 0, 0, 1, '2024-05-12 16:13:11', '2024-05-12 16:13:11'),
(58, '0853b6db-db10-48e7-ac45-45f728a3d6e4', 9, 1, 0, 0, 1, 1, '2024-05-12 16:13:11', '2024-05-12 16:13:11'),
(59, '0853b6db-db10-48e7-ac45-45f728a3d6e4', 9, 2, 0, 1, 0, 1, '2024-05-12 16:13:11', '2024-05-12 16:13:11'),
(60, '0853b6db-db10-48e7-ac45-45f728a3d6e4', 9, 3, 1, 1, 1, 3, '2024-05-12 16:13:11', '2024-05-12 16:13:11'),
(61, '0853b6db-db10-48e7-ac45-45f728a3d6e4', 9, 4, 1, 0, 1, 2, '2024-05-12 16:13:11', '2024-05-12 16:13:11'),
(62, '0853b6db-db10-48e7-ac45-45f728a3d6e4', 9, 5, 0, 1, 1, 2, '2024-05-12 16:13:11', '2024-05-12 16:13:11'),
(63, '0853b6db-db10-48e7-ac45-45f728a3d6e4', 9, 6, 0, 0, 0, 0, '2024-05-12 16:13:11', '2024-05-12 16:13:11'),
(64, '0853b6db-db10-48e7-ac45-45f728a3d6e4', 10, 0, 0, 0, 0, 0, '2024-05-12 16:13:11', '2024-05-12 16:13:11'),
(65, '0853b6db-db10-48e7-ac45-45f728a3d6e4', 10, 1, 0, 1, 1, 2, '2024-05-12 16:13:11', '2024-05-12 16:13:11'),
(66, '0853b6db-db10-48e7-ac45-45f728a3d6e4', 10, 2, 0, 0, 0, 0, '2024-05-12 16:13:11', '2024-05-12 16:13:11'),
(67, '0853b6db-db10-48e7-ac45-45f728a3d6e4', 10, 3, 1, 0, 1, 2, '2024-05-12 16:13:11', '2024-05-12 16:13:11'),
(68, '0853b6db-db10-48e7-ac45-45f728a3d6e4', 10, 4, 0, 1, 0, 1, '2024-05-12 16:13:11', '2024-05-12 16:13:11'),
(69, '0853b6db-db10-48e7-ac45-45f728a3d6e4', 10, 5, 1, 0, 0, 1, '2024-05-12 16:13:11', '2024-05-12 16:13:11'),
(70, '0853b6db-db10-48e7-ac45-45f728a3d6e4', 10, 6, 0, 0, 0, 0, '2024-05-12 16:13:11', '2024-05-12 16:13:11'),
(71, '233d626d-de50-4244-8dd1-6d598f6f9360', 1, 0, 0, 1, 0, 1, '2024-05-12 16:13:11', '2024-05-12 16:13:11'),
(72, '233d626d-de50-4244-8dd1-6d598f6f9360', 1, 1, 0, 0, 1, 1, '2024-05-12 16:13:11', '2024-05-12 16:13:11'),
(73, '233d626d-de50-4244-8dd1-6d598f6f9360', 1, 2, 1, 0, 1, 2, '2024-05-12 16:13:11', '2024-05-12 16:13:11'),
(74, '233d626d-de50-4244-8dd1-6d598f6f9360', 1, 3, 0, 0, 0, 0, '2024-05-12 16:13:11', '2024-05-12 16:13:11'),
(75, '233d626d-de50-4244-8dd1-6d598f6f9360', 1, 4, 0, 0, 1, 1, '2024-05-12 16:13:11', '2024-05-12 16:13:11'),
(76, '233d626d-de50-4244-8dd1-6d598f6f9360', 1, 5, 0, 1, 0, 1, '2024-05-12 16:13:11', '2024-05-12 16:13:11'),
(77, '233d626d-de50-4244-8dd1-6d598f6f9360', 1, 6, 1, 1, 0, 2, '2024-05-12 16:13:11', '2024-05-12 16:13:11'),
(78, '233d626d-de50-4244-8dd1-6d598f6f9360', 2, 0, 1, 1, 1, 3, '2024-05-12 16:13:11', '2024-05-12 16:13:11'),
(79, '233d626d-de50-4244-8dd1-6d598f6f9360', 2, 1, 0, 1, 0, 1, '2024-05-12 16:13:11', '2024-05-12 16:13:11'),
(80, '233d626d-de50-4244-8dd1-6d598f6f9360', 2, 2, 1, 1, 0, 2, '2024-05-12 16:13:11', '2024-05-12 16:13:11'),
(81, '233d626d-de50-4244-8dd1-6d598f6f9360', 2, 3, 0, 1, 0, 1, '2024-05-12 16:13:11', '2024-05-12 16:13:11'),
(82, '233d626d-de50-4244-8dd1-6d598f6f9360', 2, 4, 1, 0, 1, 2, '2024-05-12 16:13:11', '2024-05-12 16:13:11'),
(83, '233d626d-de50-4244-8dd1-6d598f6f9360', 2, 5, 1, 1, 1, 3, '2024-05-12 16:13:11', '2024-05-12 16:13:11'),
(84, '233d626d-de50-4244-8dd1-6d598f6f9360', 2, 6, 0, 0, 0, 0, '2024-05-12 16:13:11', '2024-05-12 16:13:11'),
(85, '233d626d-de50-4244-8dd1-6d598f6f9360', 3, 0, 0, 1, 0, 1, '2024-05-12 16:13:11', '2024-05-12 16:13:11'),
(86, '233d626d-de50-4244-8dd1-6d598f6f9360', 3, 1, 1, 1, 0, 2, '2024-05-12 16:13:11', '2024-05-12 16:13:11'),
(87, '233d626d-de50-4244-8dd1-6d598f6f9360', 3, 2, 1, 0, 0, 1, '2024-05-12 16:13:11', '2024-05-12 16:13:11'),
(88, '233d626d-de50-4244-8dd1-6d598f6f9360', 3, 3, 0, 1, 1, 2, '2024-05-12 16:13:11', '2024-05-12 16:13:11'),
(89, '233d626d-de50-4244-8dd1-6d598f6f9360', 3, 4, 1, 0, 1, 2, '2024-05-12 16:13:11', '2024-05-12 16:13:11'),
(90, '233d626d-de50-4244-8dd1-6d598f6f9360', 3, 5, 0, 1, 1, 2, '2024-05-12 16:13:11', '2024-05-12 16:13:11'),
(91, '233d626d-de50-4244-8dd1-6d598f6f9360', 3, 6, 1, 0, 0, 1, '2024-05-12 16:13:11', '2024-05-12 16:13:11'),
(92, '233d626d-de50-4244-8dd1-6d598f6f9360', 4, 0, 0, 1, 0, 1, '2024-05-12 16:13:11', '2024-05-12 16:13:11'),
(93, '233d626d-de50-4244-8dd1-6d598f6f9360', 4, 1, 0, 1, 1, 2, '2024-05-12 16:13:11', '2024-05-12 16:13:11'),
(94, '233d626d-de50-4244-8dd1-6d598f6f9360', 4, 2, 1, 1, 1, 3, '2024-05-12 16:13:11', '2024-05-12 16:13:11'),
(95, '233d626d-de50-4244-8dd1-6d598f6f9360', 4, 3, 0, 1, 1, 2, '2024-05-12 16:13:11', '2024-05-12 16:13:11'),
(96, '233d626d-de50-4244-8dd1-6d598f6f9360', 4, 4, 0, 1, 0, 1, '2024-05-12 16:13:11', '2024-05-12 16:13:11'),
(97, '233d626d-de50-4244-8dd1-6d598f6f9360', 4, 5, 1, 1, 0, 2, '2024-05-12 16:13:11', '2024-05-12 16:13:11'),
(98, '233d626d-de50-4244-8dd1-6d598f6f9360', 4, 6, 1, 1, 1, 3, '2024-05-12 16:13:11', '2024-05-12 16:13:11'),
(99, '233d626d-de50-4244-8dd1-6d598f6f9360', 5, 0, 1, 1, 0, 2, '2024-05-12 16:13:11', '2024-05-12 16:13:11'),
(100, '233d626d-de50-4244-8dd1-6d598f6f9360', 5, 1, 1, 0, 1, 2, '2024-05-12 16:13:11', '2024-05-12 16:13:11'),
(101, '233d626d-de50-4244-8dd1-6d598f6f9360', 5, 2, 1, 0, 0, 1, '2024-05-12 16:13:11', '2024-05-12 16:13:11'),
(102, '233d626d-de50-4244-8dd1-6d598f6f9360', 5, 3, 0, 0, 1, 1, '2024-05-12 16:13:11', '2024-05-12 16:13:11'),
(103, '233d626d-de50-4244-8dd1-6d598f6f9360', 5, 4, 0, 1, 1, 2, '2024-05-12 16:13:11', '2024-05-12 16:13:11'),
(104, '233d626d-de50-4244-8dd1-6d598f6f9360', 5, 5, 0, 1, 0, 1, '2024-05-12 16:13:11', '2024-05-12 16:13:11'),
(105, '233d626d-de50-4244-8dd1-6d598f6f9360', 5, 6, 1, 1, 1, 3, '2024-05-12 16:13:11', '2024-05-12 16:13:11'),
(106, '233d626d-de50-4244-8dd1-6d598f6f9360', 6, 0, 0, 0, 0, 0, '2024-05-12 16:13:11', '2024-05-12 16:13:11'),
(107, '233d626d-de50-4244-8dd1-6d598f6f9360', 6, 1, 1, 0, 1, 2, '2024-05-12 16:13:11', '2024-05-12 16:13:11'),
(108, '233d626d-de50-4244-8dd1-6d598f6f9360', 6, 2, 0, 1, 0, 1, '2024-05-12 16:13:11', '2024-05-12 16:13:11'),
(109, '233d626d-de50-4244-8dd1-6d598f6f9360', 6, 3, 0, 0, 0, 0, '2024-05-12 16:13:11', '2024-05-12 16:13:11'),
(110, '233d626d-de50-4244-8dd1-6d598f6f9360', 6, 4, 0, 1, 0, 1, '2024-05-12 16:13:11', '2024-05-12 16:13:11'),
(111, '233d626d-de50-4244-8dd1-6d598f6f9360', 6, 5, 0, 0, 1, 1, '2024-05-12 16:13:11', '2024-05-12 16:13:11'),
(112, '233d626d-de50-4244-8dd1-6d598f6f9360', 6, 6, 0, 1, 1, 2, '2024-05-12 16:13:11', '2024-05-12 16:13:11'),
(113, '233d626d-de50-4244-8dd1-6d598f6f9360', 7, 0, 0, 1, 1, 2, '2024-05-12 16:13:11', '2024-05-12 16:13:11'),
(114, '233d626d-de50-4244-8dd1-6d598f6f9360', 7, 1, 0, 0, 1, 1, '2024-05-12 16:13:11', '2024-05-12 16:13:11'),
(115, '233d626d-de50-4244-8dd1-6d598f6f9360', 7, 2, 1, 0, 1, 2, '2024-05-12 16:13:11', '2024-05-12 16:13:11'),
(116, '233d626d-de50-4244-8dd1-6d598f6f9360', 7, 3, 0, 0, 1, 1, '2024-05-12 16:13:11', '2024-05-12 16:13:11'),
(117, '233d626d-de50-4244-8dd1-6d598f6f9360', 7, 4, 1, 1, 0, 2, '2024-05-12 16:13:11', '2024-05-12 16:13:11'),
(118, '233d626d-de50-4244-8dd1-6d598f6f9360', 7, 5, 0, 1, 1, 2, '2024-05-12 16:13:11', '2024-05-12 16:13:11'),
(119, '233d626d-de50-4244-8dd1-6d598f6f9360', 7, 6, 0, 0, 0, 0, '2024-05-12 16:13:11', '2024-05-12 16:13:11'),
(120, '233d626d-de50-4244-8dd1-6d598f6f9360', 8, 0, 1, 1, 0, 2, '2024-05-12 16:13:11', '2024-05-12 16:13:11'),
(121, '233d626d-de50-4244-8dd1-6d598f6f9360', 8, 1, 1, 1, 0, 2, '2024-05-12 16:13:11', '2024-05-12 16:13:11'),
(122, '233d626d-de50-4244-8dd1-6d598f6f9360', 8, 2, 0, 1, 0, 1, '2024-05-12 16:13:11', '2024-05-12 16:13:11'),
(123, '233d626d-de50-4244-8dd1-6d598f6f9360', 8, 3, 1, 0, 1, 2, '2024-05-12 16:13:11', '2024-05-12 16:13:11'),
(124, '233d626d-de50-4244-8dd1-6d598f6f9360', 8, 4, 1, 0, 1, 2, '2024-05-12 16:13:11', '2024-05-12 16:13:11'),
(125, '233d626d-de50-4244-8dd1-6d598f6f9360', 8, 5, 0, 1, 1, 2, '2024-05-12 16:13:11', '2024-05-12 16:13:11'),
(126, '233d626d-de50-4244-8dd1-6d598f6f9360', 8, 6, 1, 0, 1, 2, '2024-05-12 16:13:11', '2024-05-12 16:13:11'),
(127, '233d626d-de50-4244-8dd1-6d598f6f9360', 9, 0, 1, 0, 0, 1, '2024-05-12 16:13:11', '2024-05-12 16:13:11'),
(128, '233d626d-de50-4244-8dd1-6d598f6f9360', 9, 1, 1, 1, 0, 2, '2024-05-12 16:13:11', '2024-05-12 16:13:11'),
(129, '233d626d-de50-4244-8dd1-6d598f6f9360', 9, 2, 0, 0, 1, 1, '2024-05-12 16:13:11', '2024-05-12 16:13:11'),
(130, '233d626d-de50-4244-8dd1-6d598f6f9360', 9, 3, 0, 1, 1, 2, '2024-05-12 16:13:11', '2024-05-12 16:13:11'),
(131, '233d626d-de50-4244-8dd1-6d598f6f9360', 9, 4, 0, 1, 0, 1, '2024-05-12 16:13:11', '2024-05-12 16:13:11'),
(132, '233d626d-de50-4244-8dd1-6d598f6f9360', 9, 5, 0, 0, 0, 0, '2024-05-12 16:13:11', '2024-05-12 16:13:11'),
(133, '233d626d-de50-4244-8dd1-6d598f6f9360', 9, 6, 1, 0, 1, 2, '2024-05-12 16:13:11', '2024-05-12 16:13:11'),
(134, '233d626d-de50-4244-8dd1-6d598f6f9360', 10, 0, 0, 0, 0, 0, '2024-05-12 16:13:11', '2024-05-12 16:13:11'),
(135, '233d626d-de50-4244-8dd1-6d598f6f9360', 10, 1, 0, 0, 1, 1, '2024-05-12 16:13:11', '2024-05-12 16:13:11'),
(136, '233d626d-de50-4244-8dd1-6d598f6f9360', 10, 2, 0, 0, 1, 1, '2024-05-12 16:13:11', '2024-05-12 16:13:11'),
(137, '233d626d-de50-4244-8dd1-6d598f6f9360', 10, 3, 0, 1, 0, 1, '2024-05-12 16:13:11', '2024-05-12 16:13:11'),
(138, '233d626d-de50-4244-8dd1-6d598f6f9360', 10, 4, 0, 1, 0, 1, '2024-05-12 16:13:11', '2024-05-12 16:13:11'),
(139, '233d626d-de50-4244-8dd1-6d598f6f9360', 10, 5, 0, 1, 0, 1, '2024-05-12 16:13:11', '2024-05-12 16:13:11'),
(140, '233d626d-de50-4244-8dd1-6d598f6f9360', 10, 6, 0, 1, 0, 1, '2024-05-12 16:13:11', '2024-05-12 16:13:11'),
(141, '3fe8dad9-94db-40e9-86e8-be95c868f550', 1, 0, 1, 1, 0, 2, '2024-05-12 16:13:11', '2024-05-12 16:13:11'),
(142, '3fe8dad9-94db-40e9-86e8-be95c868f550', 1, 1, 1, 0, 1, 2, '2024-05-12 16:13:11', '2024-05-12 16:13:11'),
(143, '3fe8dad9-94db-40e9-86e8-be95c868f550', 1, 2, 1, 0, 1, 2, '2024-05-12 16:13:11', '2024-05-12 16:13:11'),
(144, '3fe8dad9-94db-40e9-86e8-be95c868f550', 1, 3, 0, 0, 0, 0, '2024-05-12 16:13:11', '2024-05-12 16:13:11'),
(145, '3fe8dad9-94db-40e9-86e8-be95c868f550', 1, 4, 0, 1, 1, 2, '2024-05-12 16:13:11', '2024-05-12 16:13:11'),
(146, '3fe8dad9-94db-40e9-86e8-be95c868f550', 1, 5, 0, 0, 1, 1, '2024-05-12 16:13:11', '2024-05-12 16:13:11'),
(147, '3fe8dad9-94db-40e9-86e8-be95c868f550', 1, 6, 0, 1, 0, 1, '2024-05-12 16:13:11', '2024-05-12 16:13:11'),
(148, '3fe8dad9-94db-40e9-86e8-be95c868f550', 2, 0, 1, 0, 0, 1, '2024-05-12 16:13:11', '2024-05-12 16:13:11'),
(149, '3fe8dad9-94db-40e9-86e8-be95c868f550', 2, 1, 1, 0, 1, 2, '2024-05-12 16:13:11', '2024-05-12 16:13:11'),
(150, '3fe8dad9-94db-40e9-86e8-be95c868f550', 2, 2, 1, 0, 0, 1, '2024-05-12 16:13:11', '2024-05-12 16:13:11'),
(151, '3fe8dad9-94db-40e9-86e8-be95c868f550', 2, 3, 0, 1, 1, 2, '2024-05-12 16:13:11', '2024-05-12 16:13:11'),
(152, '3fe8dad9-94db-40e9-86e8-be95c868f550', 2, 4, 0, 0, 1, 1, '2024-05-12 16:13:11', '2024-05-12 16:13:11'),
(153, '3fe8dad9-94db-40e9-86e8-be95c868f550', 2, 5, 0, 0, 1, 1, '2024-05-12 16:13:11', '2024-05-12 16:13:11'),
(154, '3fe8dad9-94db-40e9-86e8-be95c868f550', 2, 6, 1, 1, 1, 3, '2024-05-12 16:13:11', '2024-05-12 16:13:11'),
(155, '3fe8dad9-94db-40e9-86e8-be95c868f550', 3, 0, 1, 1, 1, 3, '2024-05-12 16:13:11', '2024-05-12 16:13:12'),
(156, '3fe8dad9-94db-40e9-86e8-be95c868f550', 3, 1, 0, 0, 0, 0, '2024-05-12 16:13:12', '2024-05-12 16:13:12'),
(157, '3fe8dad9-94db-40e9-86e8-be95c868f550', 3, 2, 0, 1, 1, 2, '2024-05-12 16:13:12', '2024-05-12 16:13:12'),
(158, '3fe8dad9-94db-40e9-86e8-be95c868f550', 3, 3, 1, 0, 1, 2, '2024-05-12 16:13:12', '2024-05-12 16:13:12'),
(159, '3fe8dad9-94db-40e9-86e8-be95c868f550', 3, 4, 0, 0, 1, 1, '2024-05-12 16:13:12', '2024-05-12 16:13:12'),
(160, '3fe8dad9-94db-40e9-86e8-be95c868f550', 3, 5, 1, 1, 1, 3, '2024-05-12 16:13:12', '2024-05-12 16:13:12'),
(161, '3fe8dad9-94db-40e9-86e8-be95c868f550', 3, 6, 1, 1, 0, 2, '2024-05-12 16:13:12', '2024-05-12 16:13:12'),
(162, '3fe8dad9-94db-40e9-86e8-be95c868f550', 4, 0, 1, 0, 0, 1, '2024-05-12 16:13:12', '2024-05-12 16:13:12'),
(163, '3fe8dad9-94db-40e9-86e8-be95c868f550', 4, 1, 0, 0, 0, 0, '2024-05-12 16:13:12', '2024-05-12 16:13:12'),
(164, '3fe8dad9-94db-40e9-86e8-be95c868f550', 4, 2, 0, 1, 0, 1, '2024-05-12 16:13:12', '2024-05-12 16:13:12'),
(165, '3fe8dad9-94db-40e9-86e8-be95c868f550', 4, 3, 0, 1, 1, 2, '2024-05-12 16:13:12', '2024-05-12 16:13:12'),
(166, '3fe8dad9-94db-40e9-86e8-be95c868f550', 4, 4, 0, 1, 1, 2, '2024-05-12 16:13:12', '2024-05-12 16:13:12'),
(167, '3fe8dad9-94db-40e9-86e8-be95c868f550', 4, 5, 0, 0, 1, 1, '2024-05-12 16:13:12', '2024-05-12 16:13:12'),
(168, '3fe8dad9-94db-40e9-86e8-be95c868f550', 4, 6, 0, 0, 0, 0, '2024-05-12 16:13:12', '2024-05-12 16:13:12'),
(169, '3fe8dad9-94db-40e9-86e8-be95c868f550', 5, 0, 0, 0, 1, 1, '2024-05-12 16:13:12', '2024-05-12 16:13:12'),
(170, '3fe8dad9-94db-40e9-86e8-be95c868f550', 5, 1, 1, 0, 1, 2, '2024-05-12 16:13:12', '2024-05-12 16:13:12'),
(171, '3fe8dad9-94db-40e9-86e8-be95c868f550', 5, 2, 0, 1, 1, 2, '2024-05-12 16:13:12', '2024-05-12 16:13:12'),
(172, '3fe8dad9-94db-40e9-86e8-be95c868f550', 5, 3, 1, 1, 0, 2, '2024-05-12 16:13:12', '2024-05-12 16:13:12'),
(173, '3fe8dad9-94db-40e9-86e8-be95c868f550', 5, 4, 1, 0, 0, 1, '2024-05-12 16:13:12', '2024-05-12 16:13:12'),
(174, '3fe8dad9-94db-40e9-86e8-be95c868f550', 5, 5, 1, 0, 1, 2, '2024-05-12 16:13:12', '2024-05-12 16:13:12'),
(175, '3fe8dad9-94db-40e9-86e8-be95c868f550', 5, 6, 0, 1, 1, 2, '2024-05-12 16:13:12', '2024-05-12 16:13:12'),
(176, '3fe8dad9-94db-40e9-86e8-be95c868f550', 6, 0, 1, 1, 1, 3, '2024-05-12 16:13:12', '2024-05-12 16:13:12'),
(177, '3fe8dad9-94db-40e9-86e8-be95c868f550', 6, 1, 1, 0, 1, 2, '2024-05-12 16:13:12', '2024-05-12 16:13:12'),
(178, '3fe8dad9-94db-40e9-86e8-be95c868f550', 6, 2, 1, 0, 1, 2, '2024-05-12 16:13:12', '2024-05-12 16:13:12'),
(179, '3fe8dad9-94db-40e9-86e8-be95c868f550', 6, 3, 1, 0, 0, 1, '2024-05-12 16:13:12', '2024-05-12 16:13:12'),
(180, '3fe8dad9-94db-40e9-86e8-be95c868f550', 6, 4, 0, 1, 1, 2, '2024-05-12 16:13:12', '2024-05-12 16:13:12'),
(181, '3fe8dad9-94db-40e9-86e8-be95c868f550', 6, 5, 1, 1, 0, 2, '2024-05-12 16:13:12', '2024-05-12 16:13:12'),
(182, '3fe8dad9-94db-40e9-86e8-be95c868f550', 6, 6, 1, 0, 1, 2, '2024-05-12 16:13:12', '2024-05-12 16:13:12'),
(183, '3fe8dad9-94db-40e9-86e8-be95c868f550', 7, 0, 1, 0, 1, 2, '2024-05-12 16:13:12', '2024-05-12 16:13:12'),
(184, '3fe8dad9-94db-40e9-86e8-be95c868f550', 7, 1, 1, 0, 1, 2, '2024-05-12 16:13:12', '2024-05-12 16:13:12'),
(185, '3fe8dad9-94db-40e9-86e8-be95c868f550', 7, 2, 1, 1, 1, 3, '2024-05-12 16:13:12', '2024-05-12 16:13:12'),
(186, '3fe8dad9-94db-40e9-86e8-be95c868f550', 7, 3, 0, 0, 0, 0, '2024-05-12 16:13:12', '2024-05-12 16:13:12'),
(187, '3fe8dad9-94db-40e9-86e8-be95c868f550', 7, 4, 1, 0, 1, 2, '2024-05-12 16:13:12', '2024-05-12 16:13:12'),
(188, '3fe8dad9-94db-40e9-86e8-be95c868f550', 7, 5, 1, 0, 1, 2, '2024-05-12 16:13:12', '2024-05-12 16:13:12'),
(189, '3fe8dad9-94db-40e9-86e8-be95c868f550', 7, 6, 1, 1, 0, 2, '2024-05-12 16:13:12', '2024-05-12 16:13:12'),
(190, '3fe8dad9-94db-40e9-86e8-be95c868f550', 8, 0, 1, 0, 0, 1, '2024-05-12 16:13:12', '2024-05-12 16:13:12'),
(191, '3fe8dad9-94db-40e9-86e8-be95c868f550', 8, 1, 0, 1, 1, 2, '2024-05-12 16:13:12', '2024-05-12 16:13:12'),
(192, '3fe8dad9-94db-40e9-86e8-be95c868f550', 8, 2, 0, 1, 1, 2, '2024-05-12 16:13:12', '2024-05-12 16:13:12'),
(193, '3fe8dad9-94db-40e9-86e8-be95c868f550', 8, 3, 0, 1, 0, 1, '2024-05-12 16:13:12', '2024-05-12 16:13:12'),
(194, '3fe8dad9-94db-40e9-86e8-be95c868f550', 8, 4, 1, 0, 0, 1, '2024-05-12 16:13:12', '2024-05-12 16:13:12'),
(195, '3fe8dad9-94db-40e9-86e8-be95c868f550', 8, 5, 0, 1, 1, 2, '2024-05-12 16:13:12', '2024-05-12 16:13:12'),
(196, '3fe8dad9-94db-40e9-86e8-be95c868f550', 8, 6, 0, 1, 0, 1, '2024-05-12 16:13:12', '2024-05-12 16:13:12'),
(197, '3fe8dad9-94db-40e9-86e8-be95c868f550', 9, 0, 1, 0, 0, 1, '2024-05-12 16:13:12', '2024-05-12 16:13:12'),
(198, '3fe8dad9-94db-40e9-86e8-be95c868f550', 9, 1, 0, 0, 1, 1, '2024-05-12 16:13:12', '2024-05-12 16:13:12'),
(199, '3fe8dad9-94db-40e9-86e8-be95c868f550', 9, 2, 1, 1, 1, 3, '2024-05-12 16:13:12', '2024-05-12 16:13:12'),
(200, '3fe8dad9-94db-40e9-86e8-be95c868f550', 9, 3, 1, 1, 1, 3, '2024-05-12 16:13:12', '2024-05-12 16:13:12'),
(201, '3fe8dad9-94db-40e9-86e8-be95c868f550', 9, 4, 1, 1, 0, 2, '2024-05-12 16:13:12', '2024-05-12 16:13:12'),
(202, '3fe8dad9-94db-40e9-86e8-be95c868f550', 9, 5, 1, 1, 0, 2, '2024-05-12 16:13:12', '2024-05-12 16:13:12'),
(203, '3fe8dad9-94db-40e9-86e8-be95c868f550', 9, 6, 0, 0, 1, 1, '2024-05-12 16:13:12', '2024-05-12 16:13:12'),
(204, '3fe8dad9-94db-40e9-86e8-be95c868f550', 10, 0, 1, 1, 1, 3, '2024-05-12 16:13:12', '2024-05-12 16:13:12'),
(205, '3fe8dad9-94db-40e9-86e8-be95c868f550', 10, 1, 1, 0, 1, 2, '2024-05-12 16:13:12', '2024-05-12 16:13:12'),
(206, '3fe8dad9-94db-40e9-86e8-be95c868f550', 10, 2, 0, 0, 0, 0, '2024-05-12 16:13:12', '2024-05-12 16:13:12'),
(207, '3fe8dad9-94db-40e9-86e8-be95c868f550', 10, 3, 1, 0, 0, 1, '2024-05-12 16:13:12', '2024-05-12 16:13:12'),
(208, '3fe8dad9-94db-40e9-86e8-be95c868f550', 10, 4, 1, 0, 0, 1, '2024-05-12 16:13:12', '2024-05-12 16:13:12'),
(209, '3fe8dad9-94db-40e9-86e8-be95c868f550', 10, 5, 0, 1, 1, 2, '2024-05-12 16:13:12', '2024-05-12 16:13:12'),
(210, '3fe8dad9-94db-40e9-86e8-be95c868f550', 10, 6, 0, 1, 1, 2, '2024-05-12 16:13:12', '2024-05-12 16:13:12'),
(211, '60258b59-f1ec-4873-985c-f5008d33410c', 1, 0, 0, 1, 1, 2, '2024-05-12 16:13:12', '2024-05-12 16:13:12'),
(212, '60258b59-f1ec-4873-985c-f5008d33410c', 1, 1, 0, 1, 1, 2, '2024-05-12 16:13:12', '2024-05-12 16:13:12'),
(213, '60258b59-f1ec-4873-985c-f5008d33410c', 1, 2, 0, 1, 1, 2, '2024-05-12 16:13:12', '2024-05-12 16:13:12'),
(214, '60258b59-f1ec-4873-985c-f5008d33410c', 1, 3, 1, 1, 0, 2, '2024-05-12 16:13:12', '2024-05-12 16:13:12'),
(215, '60258b59-f1ec-4873-985c-f5008d33410c', 1, 4, 1, 1, 1, 3, '2024-05-12 16:13:12', '2024-05-12 16:13:12'),
(216, '60258b59-f1ec-4873-985c-f5008d33410c', 1, 5, 1, 0, 0, 1, '2024-05-12 16:13:12', '2024-05-12 16:13:12'),
(217, '60258b59-f1ec-4873-985c-f5008d33410c', 1, 6, 0, 0, 1, 1, '2024-05-12 16:13:12', '2024-05-12 16:13:12'),
(218, '60258b59-f1ec-4873-985c-f5008d33410c', 2, 0, 1, 1, 0, 2, '2024-05-12 16:13:12', '2024-05-12 16:13:12'),
(219, '60258b59-f1ec-4873-985c-f5008d33410c', 2, 1, 0, 0, 1, 1, '2024-05-12 16:13:12', '2024-05-12 16:13:12'),
(220, '60258b59-f1ec-4873-985c-f5008d33410c', 2, 2, 0, 1, 0, 1, '2024-05-12 16:13:12', '2024-05-12 16:13:12'),
(221, '60258b59-f1ec-4873-985c-f5008d33410c', 2, 3, 1, 1, 0, 2, '2024-05-12 16:13:12', '2024-05-12 16:13:12'),
(222, '60258b59-f1ec-4873-985c-f5008d33410c', 2, 4, 1, 1, 1, 3, '2024-05-12 16:13:12', '2024-05-12 16:13:12'),
(223, '60258b59-f1ec-4873-985c-f5008d33410c', 2, 5, 0, 1, 0, 1, '2024-05-12 16:13:12', '2024-05-12 16:13:12'),
(224, '60258b59-f1ec-4873-985c-f5008d33410c', 2, 6, 0, 0, 0, 0, '2024-05-12 16:13:12', '2024-05-12 16:13:12'),
(225, '60258b59-f1ec-4873-985c-f5008d33410c', 3, 0, 1, 0, 1, 2, '2024-05-12 16:13:12', '2024-05-12 16:13:12'),
(226, '60258b59-f1ec-4873-985c-f5008d33410c', 3, 1, 0, 1, 0, 1, '2024-05-12 16:13:12', '2024-05-12 16:13:12'),
(227, '60258b59-f1ec-4873-985c-f5008d33410c', 3, 2, 1, 1, 1, 3, '2024-05-12 16:13:12', '2024-05-12 16:13:12'),
(228, '60258b59-f1ec-4873-985c-f5008d33410c', 3, 3, 0, 0, 1, 1, '2024-05-12 16:13:12', '2024-05-12 16:13:12'),
(229, '60258b59-f1ec-4873-985c-f5008d33410c', 3, 4, 1, 1, 1, 3, '2024-05-12 16:13:12', '2024-05-12 16:13:12'),
(230, '60258b59-f1ec-4873-985c-f5008d33410c', 3, 5, 0, 0, 1, 1, '2024-05-12 16:13:12', '2024-05-12 16:13:12'),
(231, '60258b59-f1ec-4873-985c-f5008d33410c', 3, 6, 0, 1, 1, 2, '2024-05-12 16:13:12', '2024-05-12 16:13:12'),
(232, '60258b59-f1ec-4873-985c-f5008d33410c', 4, 0, 1, 1, 0, 2, '2024-05-12 16:13:12', '2024-05-12 16:13:12'),
(233, '60258b59-f1ec-4873-985c-f5008d33410c', 4, 1, 1, 0, 1, 2, '2024-05-12 16:13:12', '2024-05-12 16:13:12'),
(234, '60258b59-f1ec-4873-985c-f5008d33410c', 4, 2, 1, 0, 0, 1, '2024-05-12 16:13:12', '2024-05-12 16:13:12'),
(235, '60258b59-f1ec-4873-985c-f5008d33410c', 4, 3, 1, 1, 0, 2, '2024-05-12 16:13:12', '2024-05-12 16:13:12'),
(236, '60258b59-f1ec-4873-985c-f5008d33410c', 4, 4, 0, 1, 0, 1, '2024-05-12 16:13:12', '2024-05-12 16:13:12'),
(237, '60258b59-f1ec-4873-985c-f5008d33410c', 4, 5, 0, 1, 0, 1, '2024-05-12 16:13:12', '2024-05-12 16:13:12'),
(238, '60258b59-f1ec-4873-985c-f5008d33410c', 4, 6, 0, 1, 1, 2, '2024-05-12 16:13:12', '2024-05-12 16:13:12'),
(239, '60258b59-f1ec-4873-985c-f5008d33410c', 5, 0, 0, 1, 1, 2, '2024-05-12 16:13:12', '2024-05-12 16:13:12'),
(240, '60258b59-f1ec-4873-985c-f5008d33410c', 5, 1, 0, 1, 1, 2, '2024-05-12 16:13:12', '2024-05-12 16:13:12'),
(241, '60258b59-f1ec-4873-985c-f5008d33410c', 5, 2, 1, 0, 0, 1, '2024-05-12 16:13:12', '2024-05-12 16:13:12'),
(242, '60258b59-f1ec-4873-985c-f5008d33410c', 5, 3, 0, 0, 1, 1, '2024-05-12 16:13:12', '2024-05-12 16:13:12'),
(243, '60258b59-f1ec-4873-985c-f5008d33410c', 5, 4, 1, 1, 0, 2, '2024-05-12 16:13:12', '2024-05-12 16:13:12'),
(244, '60258b59-f1ec-4873-985c-f5008d33410c', 5, 5, 0, 1, 1, 2, '2024-05-12 16:13:12', '2024-05-12 16:13:12'),
(245, '60258b59-f1ec-4873-985c-f5008d33410c', 5, 6, 1, 1, 0, 2, '2024-05-12 16:13:12', '2024-05-12 16:13:12'),
(246, '60258b59-f1ec-4873-985c-f5008d33410c', 6, 0, 1, 0, 0, 1, '2024-05-12 16:13:12', '2024-05-12 16:13:12'),
(247, '60258b59-f1ec-4873-985c-f5008d33410c', 6, 1, 1, 1, 1, 3, '2024-05-12 16:13:12', '2024-05-12 16:13:12'),
(248, '60258b59-f1ec-4873-985c-f5008d33410c', 6, 2, 0, 0, 1, 1, '2024-05-12 16:13:12', '2024-05-12 16:13:12'),
(249, '60258b59-f1ec-4873-985c-f5008d33410c', 6, 3, 0, 1, 0, 1, '2024-05-12 16:13:12', '2024-05-12 16:13:12'),
(250, '60258b59-f1ec-4873-985c-f5008d33410c', 6, 4, 0, 0, 0, 0, '2024-05-12 16:13:12', '2024-05-12 16:13:12'),
(251, '60258b59-f1ec-4873-985c-f5008d33410c', 6, 5, 0, 1, 1, 2, '2024-05-12 16:13:12', '2024-05-12 16:13:12'),
(252, '60258b59-f1ec-4873-985c-f5008d33410c', 6, 6, 0, 1, 1, 2, '2024-05-12 16:13:12', '2024-05-12 16:13:12'),
(253, '60258b59-f1ec-4873-985c-f5008d33410c', 7, 0, 0, 0, 1, 1, '2024-05-12 16:13:12', '2024-05-12 16:13:12'),
(254, '60258b59-f1ec-4873-985c-f5008d33410c', 7, 1, 1, 0, 1, 2, '2024-05-12 16:13:12', '2024-05-12 16:13:12'),
(255, '60258b59-f1ec-4873-985c-f5008d33410c', 7, 2, 1, 1, 1, 3, '2024-05-12 16:13:12', '2024-05-12 16:13:12'),
(256, '60258b59-f1ec-4873-985c-f5008d33410c', 7, 3, 1, 0, 1, 2, '2024-05-12 16:13:12', '2024-05-12 16:13:12'),
(257, '60258b59-f1ec-4873-985c-f5008d33410c', 7, 4, 0, 0, 1, 1, '2024-05-12 16:13:12', '2024-05-12 16:13:12'),
(258, '60258b59-f1ec-4873-985c-f5008d33410c', 7, 5, 0, 1, 0, 1, '2024-05-12 16:13:12', '2024-05-12 16:13:12'),
(259, '60258b59-f1ec-4873-985c-f5008d33410c', 7, 6, 0, 0, 0, 0, '2024-05-12 16:13:12', '2024-05-12 16:13:12'),
(260, '60258b59-f1ec-4873-985c-f5008d33410c', 8, 0, 0, 0, 1, 1, '2024-05-12 16:13:12', '2024-05-12 16:13:12'),
(261, '60258b59-f1ec-4873-985c-f5008d33410c', 8, 1, 0, 0, 1, 1, '2024-05-12 16:13:12', '2024-05-12 16:13:12'),
(262, '60258b59-f1ec-4873-985c-f5008d33410c', 8, 2, 0, 0, 1, 1, '2024-05-12 16:13:12', '2024-05-12 16:13:12'),
(263, '60258b59-f1ec-4873-985c-f5008d33410c', 8, 3, 0, 1, 1, 2, '2024-05-12 16:13:12', '2024-05-12 16:13:12'),
(264, '60258b59-f1ec-4873-985c-f5008d33410c', 8, 4, 1, 1, 0, 2, '2024-05-12 16:13:12', '2024-05-12 16:13:12'),
(265, '60258b59-f1ec-4873-985c-f5008d33410c', 8, 5, 0, 1, 0, 1, '2024-05-12 16:13:12', '2024-05-12 16:13:12'),
(266, '60258b59-f1ec-4873-985c-f5008d33410c', 8, 6, 0, 1, 0, 1, '2024-05-12 16:13:12', '2024-05-12 16:13:12'),
(267, '60258b59-f1ec-4873-985c-f5008d33410c', 9, 0, 1, 0, 1, 2, '2024-05-12 16:13:12', '2024-05-12 16:13:12'),
(268, '60258b59-f1ec-4873-985c-f5008d33410c', 9, 1, 0, 0, 1, 1, '2024-05-12 16:13:12', '2024-05-12 16:13:12'),
(269, '60258b59-f1ec-4873-985c-f5008d33410c', 9, 2, 0, 1, 0, 1, '2024-05-12 16:13:12', '2024-05-12 16:13:12'),
(270, '60258b59-f1ec-4873-985c-f5008d33410c', 9, 3, 1, 0, 0, 1, '2024-05-12 16:13:12', '2024-05-12 16:13:12'),
(271, '60258b59-f1ec-4873-985c-f5008d33410c', 9, 4, 1, 1, 0, 2, '2024-05-12 16:13:12', '2024-05-12 16:13:12'),
(272, '60258b59-f1ec-4873-985c-f5008d33410c', 9, 5, 1, 1, 1, 3, '2024-05-12 16:13:12', '2024-05-12 16:13:12'),
(273, '60258b59-f1ec-4873-985c-f5008d33410c', 9, 6, 1, 1, 0, 2, '2024-05-12 16:13:12', '2024-05-12 16:13:12'),
(274, '60258b59-f1ec-4873-985c-f5008d33410c', 10, 0, 0, 0, 0, 0, '2024-05-12 16:13:12', '2024-05-12 16:13:12'),
(275, '60258b59-f1ec-4873-985c-f5008d33410c', 10, 1, 0, 1, 1, 2, '2024-05-12 16:13:12', '2024-05-12 16:13:12'),
(276, '60258b59-f1ec-4873-985c-f5008d33410c', 10, 2, 0, 1, 1, 2, '2024-05-12 16:13:12', '2024-05-12 16:13:12'),
(277, '60258b59-f1ec-4873-985c-f5008d33410c', 10, 3, 0, 0, 1, 1, '2024-05-12 16:13:12', '2024-05-12 16:13:12'),
(278, '60258b59-f1ec-4873-985c-f5008d33410c', 10, 4, 1, 1, 0, 2, '2024-05-12 16:13:12', '2024-05-12 16:13:12'),
(279, '60258b59-f1ec-4873-985c-f5008d33410c', 10, 5, 1, 1, 0, 2, '2024-05-12 16:13:12', '2024-05-12 16:13:12'),
(280, '60258b59-f1ec-4873-985c-f5008d33410c', 10, 6, 1, 0, 1, 2, '2024-05-12 16:13:12', '2024-05-12 16:13:12'),
(281, '8af006cf-b93d-4f6a-aad3-385e94fc0fd2', 1, 0, 0, 0, 0, 0, '2024-05-12 16:13:12', '2024-05-12 16:13:12'),
(282, '8af006cf-b93d-4f6a-aad3-385e94fc0fd2', 1, 1, 1, 0, 1, 2, '2024-05-12 16:13:12', '2024-05-12 16:13:12'),
(283, '8af006cf-b93d-4f6a-aad3-385e94fc0fd2', 1, 2, 0, 1, 1, 2, '2024-05-12 16:13:12', '2024-05-12 16:13:12'),
(284, '8af006cf-b93d-4f6a-aad3-385e94fc0fd2', 1, 3, 1, 1, 0, 2, '2024-05-12 16:13:12', '2024-05-12 16:13:12'),
(285, '8af006cf-b93d-4f6a-aad3-385e94fc0fd2', 1, 4, 1, 0, 0, 1, '2024-05-12 16:13:12', '2024-05-12 16:13:12'),
(286, '8af006cf-b93d-4f6a-aad3-385e94fc0fd2', 1, 5, 0, 0, 1, 1, '2024-05-12 16:13:12', '2024-05-12 16:13:12'),
(287, '8af006cf-b93d-4f6a-aad3-385e94fc0fd2', 1, 6, 0, 0, 0, 0, '2024-05-12 16:13:12', '2024-05-12 16:13:12'),
(288, '8af006cf-b93d-4f6a-aad3-385e94fc0fd2', 2, 0, 1, 0, 0, 1, '2024-05-12 16:13:12', '2024-05-12 16:13:12'),
(289, '8af006cf-b93d-4f6a-aad3-385e94fc0fd2', 2, 1, 0, 1, 1, 2, '2024-05-12 16:13:12', '2024-05-12 16:13:12'),
(290, '8af006cf-b93d-4f6a-aad3-385e94fc0fd2', 2, 2, 1, 0, 1, 2, '2024-05-12 16:13:12', '2024-05-12 16:13:12'),
(291, '8af006cf-b93d-4f6a-aad3-385e94fc0fd2', 2, 3, 0, 0, 1, 1, '2024-05-12 16:13:12', '2024-05-12 16:13:12'),
(292, '8af006cf-b93d-4f6a-aad3-385e94fc0fd2', 2, 4, 0, 1, 0, 1, '2024-05-12 16:13:12', '2024-05-12 16:13:12'),
(293, '8af006cf-b93d-4f6a-aad3-385e94fc0fd2', 2, 5, 1, 0, 1, 2, '2024-05-12 16:13:12', '2024-05-12 16:13:12'),
(294, '8af006cf-b93d-4f6a-aad3-385e94fc0fd2', 2, 6, 0, 0, 1, 1, '2024-05-12 16:13:12', '2024-05-12 16:13:12'),
(295, '8af006cf-b93d-4f6a-aad3-385e94fc0fd2', 3, 0, 0, 1, 1, 2, '2024-05-12 16:13:12', '2024-05-12 16:13:12'),
(296, '8af006cf-b93d-4f6a-aad3-385e94fc0fd2', 3, 1, 1, 0, 1, 2, '2024-05-12 16:13:12', '2024-05-12 16:13:12'),
(297, '8af006cf-b93d-4f6a-aad3-385e94fc0fd2', 3, 2, 1, 1, 0, 2, '2024-05-12 16:13:12', '2024-05-12 16:13:12'),
(298, '8af006cf-b93d-4f6a-aad3-385e94fc0fd2', 3, 3, 0, 1, 1, 2, '2024-05-12 16:13:12', '2024-05-12 16:13:12'),
(299, '8af006cf-b93d-4f6a-aad3-385e94fc0fd2', 3, 4, 0, 1, 0, 1, '2024-05-12 16:13:12', '2024-05-12 16:13:12'),
(300, '8af006cf-b93d-4f6a-aad3-385e94fc0fd2', 3, 5, 1, 1, 1, 3, '2024-05-12 16:13:12', '2024-05-12 16:13:12'),
(301, '8af006cf-b93d-4f6a-aad3-385e94fc0fd2', 3, 6, 1, 0, 0, 1, '2024-05-12 16:13:12', '2024-05-12 16:13:12'),
(302, '8af006cf-b93d-4f6a-aad3-385e94fc0fd2', 4, 0, 1, 0, 0, 1, '2024-05-12 16:13:12', '2024-05-12 16:13:12'),
(303, '8af006cf-b93d-4f6a-aad3-385e94fc0fd2', 4, 1, 1, 1, 1, 3, '2024-05-12 16:13:12', '2024-05-12 16:13:12'),
(304, '8af006cf-b93d-4f6a-aad3-385e94fc0fd2', 4, 2, 1, 1, 0, 2, '2024-05-12 16:13:12', '2024-05-12 16:13:12'),
(305, '8af006cf-b93d-4f6a-aad3-385e94fc0fd2', 4, 3, 0, 0, 0, 0, '2024-05-12 16:13:12', '2024-05-12 16:13:12'),
(306, '8af006cf-b93d-4f6a-aad3-385e94fc0fd2', 4, 4, 1, 0, 1, 2, '2024-05-12 16:13:12', '2024-05-12 16:13:12'),
(307, '8af006cf-b93d-4f6a-aad3-385e94fc0fd2', 4, 5, 0, 1, 1, 2, '2024-05-12 16:13:12', '2024-05-12 16:13:12'),
(308, '8af006cf-b93d-4f6a-aad3-385e94fc0fd2', 4, 6, 1, 0, 0, 1, '2024-05-12 16:13:12', '2024-05-12 16:13:12'),
(309, '8af006cf-b93d-4f6a-aad3-385e94fc0fd2', 5, 0, 0, 0, 1, 1, '2024-05-12 16:13:12', '2024-05-12 16:13:12'),
(310, '8af006cf-b93d-4f6a-aad3-385e94fc0fd2', 5, 1, 1, 0, 1, 2, '2024-05-12 16:13:12', '2024-05-12 16:13:12'),
(311, '8af006cf-b93d-4f6a-aad3-385e94fc0fd2', 5, 2, 0, 1, 1, 2, '2024-05-12 16:13:12', '2024-05-12 16:13:12'),
(312, '8af006cf-b93d-4f6a-aad3-385e94fc0fd2', 5, 3, 0, 1, 0, 1, '2024-05-12 16:13:12', '2024-05-12 16:13:12'),
(313, '8af006cf-b93d-4f6a-aad3-385e94fc0fd2', 5, 4, 0, 1, 0, 1, '2024-05-12 16:13:12', '2024-05-12 16:13:12'),
(314, '8af006cf-b93d-4f6a-aad3-385e94fc0fd2', 5, 5, 0, 0, 1, 1, '2024-05-12 16:13:12', '2024-05-12 16:13:12'),
(315, '8af006cf-b93d-4f6a-aad3-385e94fc0fd2', 5, 6, 1, 1, 1, 3, '2024-05-12 16:13:12', '2024-05-12 16:13:12'),
(316, '8af006cf-b93d-4f6a-aad3-385e94fc0fd2', 6, 0, 0, 0, 0, 0, '2024-05-12 16:13:12', '2024-05-12 16:13:12'),
(317, '8af006cf-b93d-4f6a-aad3-385e94fc0fd2', 6, 1, 0, 1, 1, 2, '2024-05-12 16:13:12', '2024-05-12 16:13:12'),
(318, '8af006cf-b93d-4f6a-aad3-385e94fc0fd2', 6, 2, 1, 1, 0, 2, '2024-05-12 16:13:12', '2024-05-12 16:13:12'),
(319, '8af006cf-b93d-4f6a-aad3-385e94fc0fd2', 6, 3, 1, 0, 0, 1, '2024-05-12 16:13:12', '2024-05-12 16:13:12'),
(320, '8af006cf-b93d-4f6a-aad3-385e94fc0fd2', 6, 4, 0, 0, 0, 0, '2024-05-12 16:13:12', '2024-05-12 16:13:12'),
(321, '8af006cf-b93d-4f6a-aad3-385e94fc0fd2', 6, 5, 0, 0, 0, 0, '2024-05-12 16:13:12', '2024-05-12 16:13:12'),
(322, '8af006cf-b93d-4f6a-aad3-385e94fc0fd2', 6, 6, 0, 1, 1, 2, '2024-05-12 16:13:12', '2024-05-12 16:13:12'),
(323, '8af006cf-b93d-4f6a-aad3-385e94fc0fd2', 7, 0, 0, 0, 1, 1, '2024-05-12 16:13:12', '2024-05-12 16:13:12'),
(324, '8af006cf-b93d-4f6a-aad3-385e94fc0fd2', 7, 1, 0, 1, 1, 2, '2024-05-12 16:13:12', '2024-05-12 16:13:12'),
(325, '8af006cf-b93d-4f6a-aad3-385e94fc0fd2', 7, 2, 1, 1, 0, 2, '2024-05-12 16:13:12', '2024-05-12 16:13:12'),
(326, '8af006cf-b93d-4f6a-aad3-385e94fc0fd2', 7, 3, 1, 0, 1, 2, '2024-05-12 16:13:12', '2024-05-12 16:13:12'),
(327, '8af006cf-b93d-4f6a-aad3-385e94fc0fd2', 7, 4, 1, 0, 1, 2, '2024-05-12 16:13:12', '2024-05-12 16:13:12'),
(328, '8af006cf-b93d-4f6a-aad3-385e94fc0fd2', 7, 5, 1, 1, 0, 2, '2024-05-12 16:13:12', '2024-05-12 16:13:12'),
(329, '8af006cf-b93d-4f6a-aad3-385e94fc0fd2', 7, 6, 1, 0, 1, 2, '2024-05-12 16:13:12', '2024-05-12 16:13:12'),
(330, '8af006cf-b93d-4f6a-aad3-385e94fc0fd2', 8, 0, 1, 0, 0, 1, '2024-05-12 16:13:12', '2024-05-12 16:13:12'),
(331, '8af006cf-b93d-4f6a-aad3-385e94fc0fd2', 8, 1, 1, 0, 0, 1, '2024-05-12 16:13:12', '2024-05-12 16:13:12'),
(332, '8af006cf-b93d-4f6a-aad3-385e94fc0fd2', 8, 2, 0, 1, 0, 1, '2024-05-12 16:13:12', '2024-05-12 16:13:12'),
(333, '8af006cf-b93d-4f6a-aad3-385e94fc0fd2', 8, 3, 1, 1, 0, 2, '2024-05-12 16:13:12', '2024-05-12 16:13:12'),
(334, '8af006cf-b93d-4f6a-aad3-385e94fc0fd2', 8, 4, 1, 0, 1, 2, '2024-05-12 16:13:12', '2024-05-12 16:13:12'),
(335, '8af006cf-b93d-4f6a-aad3-385e94fc0fd2', 8, 5, 1, 1, 1, 3, '2024-05-12 16:13:12', '2024-05-12 16:13:12'),
(336, '8af006cf-b93d-4f6a-aad3-385e94fc0fd2', 8, 6, 0, 1, 1, 2, '2024-05-12 16:13:12', '2024-05-12 16:13:12'),
(337, '8af006cf-b93d-4f6a-aad3-385e94fc0fd2', 9, 0, 1, 1, 0, 2, '2024-05-12 16:13:12', '2024-05-12 16:13:12'),
(338, '8af006cf-b93d-4f6a-aad3-385e94fc0fd2', 9, 1, 1, 1, 0, 2, '2024-05-12 16:13:12', '2024-05-12 16:13:12'),
(339, '8af006cf-b93d-4f6a-aad3-385e94fc0fd2', 9, 2, 0, 1, 0, 1, '2024-05-12 16:13:12', '2024-05-12 16:13:12'),
(340, '8af006cf-b93d-4f6a-aad3-385e94fc0fd2', 9, 3, 0, 0, 0, 0, '2024-05-12 16:13:12', '2024-05-12 16:13:12'),
(341, '8af006cf-b93d-4f6a-aad3-385e94fc0fd2', 9, 4, 1, 1, 0, 2, '2024-05-12 16:13:12', '2024-05-12 16:13:12'),
(342, '8af006cf-b93d-4f6a-aad3-385e94fc0fd2', 9, 5, 1, 0, 0, 1, '2024-05-12 16:13:12', '2024-05-12 16:13:12'),
(343, '8af006cf-b93d-4f6a-aad3-385e94fc0fd2', 9, 6, 1, 0, 0, 1, '2024-05-12 16:13:12', '2024-05-12 16:13:12'),
(344, '8af006cf-b93d-4f6a-aad3-385e94fc0fd2', 10, 0, 0, 0, 0, 0, '2024-05-12 16:13:12', '2024-05-12 16:13:12'),
(345, '8af006cf-b93d-4f6a-aad3-385e94fc0fd2', 10, 1, 1, 0, 1, 2, '2024-05-12 16:13:12', '2024-05-12 16:13:12'),
(346, '8af006cf-b93d-4f6a-aad3-385e94fc0fd2', 10, 2, 0, 0, 1, 1, '2024-05-12 16:13:12', '2024-05-12 16:13:12'),
(347, '8af006cf-b93d-4f6a-aad3-385e94fc0fd2', 10, 3, 0, 0, 0, 0, '2024-05-12 16:13:12', '2024-05-12 16:13:12'),
(348, '8af006cf-b93d-4f6a-aad3-385e94fc0fd2', 10, 4, 0, 1, 1, 2, '2024-05-12 16:13:12', '2024-05-12 16:13:12'),
(349, '8af006cf-b93d-4f6a-aad3-385e94fc0fd2', 10, 5, 1, 1, 1, 3, '2024-05-12 16:13:12', '2024-05-12 16:13:12'),
(350, '8af006cf-b93d-4f6a-aad3-385e94fc0fd2', 10, 6, 0, 0, 1, 1, '2024-05-12 16:13:12', '2024-05-12 16:13:12'),
(351, '92e13d3c-4da1-4458-acb9-1ebd68c02cf0', 1, 0, 1, 1, 0, 2, '2024-05-12 16:13:12', '2024-05-12 16:13:12'),
(352, '92e13d3c-4da1-4458-acb9-1ebd68c02cf0', 1, 1, 0, 1, 0, 1, '2024-05-12 16:13:12', '2024-05-12 16:13:12'),
(353, '92e13d3c-4da1-4458-acb9-1ebd68c02cf0', 1, 2, 0, 1, 1, 2, '2024-05-12 16:13:12', '2024-05-12 16:13:12'),
(354, '92e13d3c-4da1-4458-acb9-1ebd68c02cf0', 1, 3, 1, 1, 1, 3, '2024-05-12 16:13:12', '2024-05-12 16:13:12'),
(355, '92e13d3c-4da1-4458-acb9-1ebd68c02cf0', 1, 4, 1, 0, 1, 2, '2024-05-12 16:13:12', '2024-05-12 16:13:12'),
(356, '92e13d3c-4da1-4458-acb9-1ebd68c02cf0', 1, 5, 1, 0, 1, 2, '2024-05-12 16:13:12', '2024-05-12 16:13:12'),
(357, '92e13d3c-4da1-4458-acb9-1ebd68c02cf0', 1, 6, 1, 0, 0, 1, '2024-05-12 16:13:12', '2024-05-12 16:13:12'),
(358, '92e13d3c-4da1-4458-acb9-1ebd68c02cf0', 2, 0, 0, 1, 1, 2, '2024-05-12 16:13:12', '2024-05-12 16:13:12'),
(359, '92e13d3c-4da1-4458-acb9-1ebd68c02cf0', 2, 1, 0, 1, 1, 2, '2024-05-12 16:13:12', '2024-05-12 16:13:12'),
(360, '92e13d3c-4da1-4458-acb9-1ebd68c02cf0', 2, 2, 1, 0, 1, 2, '2024-05-12 16:13:12', '2024-05-12 16:13:12'),
(361, '92e13d3c-4da1-4458-acb9-1ebd68c02cf0', 2, 3, 0, 0, 0, 0, '2024-05-12 16:13:12', '2024-05-12 16:13:12'),
(362, '92e13d3c-4da1-4458-acb9-1ebd68c02cf0', 2, 4, 0, 1, 0, 1, '2024-05-12 16:13:12', '2024-05-12 16:13:12'),
(363, '92e13d3c-4da1-4458-acb9-1ebd68c02cf0', 2, 5, 1, 1, 1, 3, '2024-05-12 16:13:12', '2024-05-12 16:13:12'),
(364, '92e13d3c-4da1-4458-acb9-1ebd68c02cf0', 2, 6, 0, 1, 0, 1, '2024-05-12 16:13:12', '2024-05-12 16:13:12'),
(365, '92e13d3c-4da1-4458-acb9-1ebd68c02cf0', 3, 0, 0, 1, 1, 2, '2024-05-12 16:13:12', '2024-05-12 16:13:12'),
(366, '92e13d3c-4da1-4458-acb9-1ebd68c02cf0', 3, 1, 1, 1, 1, 3, '2024-05-12 16:13:12', '2024-05-12 16:13:12'),
(367, '92e13d3c-4da1-4458-acb9-1ebd68c02cf0', 3, 2, 0, 1, 1, 2, '2024-05-12 16:13:12', '2024-05-12 16:13:12'),
(368, '92e13d3c-4da1-4458-acb9-1ebd68c02cf0', 3, 3, 1, 1, 1, 3, '2024-05-12 16:13:12', '2024-05-12 16:13:12'),
(369, '92e13d3c-4da1-4458-acb9-1ebd68c02cf0', 3, 4, 0, 0, 0, 0, '2024-05-12 16:13:12', '2024-05-12 16:13:12'),
(370, '92e13d3c-4da1-4458-acb9-1ebd68c02cf0', 3, 5, 0, 1, 1, 2, '2024-05-12 16:13:12', '2024-05-12 16:13:12'),
(371, '92e13d3c-4da1-4458-acb9-1ebd68c02cf0', 3, 6, 1, 0, 0, 1, '2024-05-12 16:13:12', '2024-05-12 16:13:12'),
(372, '92e13d3c-4da1-4458-acb9-1ebd68c02cf0', 4, 0, 1, 0, 0, 1, '2024-05-12 16:13:12', '2024-05-12 16:13:12'),
(373, '92e13d3c-4da1-4458-acb9-1ebd68c02cf0', 4, 1, 0, 0, 1, 1, '2024-05-12 16:13:12', '2024-05-12 16:13:12'),
(374, '92e13d3c-4da1-4458-acb9-1ebd68c02cf0', 4, 2, 1, 1, 1, 3, '2024-05-12 16:13:12', '2024-05-12 16:13:12'),
(375, '92e13d3c-4da1-4458-acb9-1ebd68c02cf0', 4, 3, 0, 1, 0, 1, '2024-05-12 16:13:12', '2024-05-12 16:13:12'),
(376, '92e13d3c-4da1-4458-acb9-1ebd68c02cf0', 4, 4, 0, 1, 0, 1, '2024-05-12 16:13:12', '2024-05-12 16:13:12'),
(377, '92e13d3c-4da1-4458-acb9-1ebd68c02cf0', 4, 5, 1, 1, 0, 2, '2024-05-12 16:13:12', '2024-05-12 16:13:12'),
(378, '92e13d3c-4da1-4458-acb9-1ebd68c02cf0', 4, 6, 0, 0, 1, 1, '2024-05-12 16:13:12', '2024-05-12 16:13:12'),
(379, '92e13d3c-4da1-4458-acb9-1ebd68c02cf0', 5, 0, 1, 0, 1, 2, '2024-05-12 16:13:12', '2024-05-12 16:13:12'),
(380, '92e13d3c-4da1-4458-acb9-1ebd68c02cf0', 5, 1, 0, 0, 0, 0, '2024-05-12 16:13:12', '2024-05-12 16:13:12'),
(381, '92e13d3c-4da1-4458-acb9-1ebd68c02cf0', 5, 2, 0, 1, 0, 1, '2024-05-12 16:13:12', '2024-05-12 16:13:12'),
(382, '92e13d3c-4da1-4458-acb9-1ebd68c02cf0', 5, 3, 1, 1, 0, 2, '2024-05-12 16:13:12', '2024-05-12 16:13:12'),
(383, '92e13d3c-4da1-4458-acb9-1ebd68c02cf0', 5, 4, 0, 0, 0, 0, '2024-05-12 16:13:12', '2024-05-12 16:13:12'),
(384, '92e13d3c-4da1-4458-acb9-1ebd68c02cf0', 5, 5, 1, 0, 1, 2, '2024-05-12 16:13:12', '2024-05-12 16:13:12'),
(385, '92e13d3c-4da1-4458-acb9-1ebd68c02cf0', 5, 6, 1, 1, 0, 2, '2024-05-12 16:13:12', '2024-05-12 16:13:12'),
(386, '92e13d3c-4da1-4458-acb9-1ebd68c02cf0', 6, 0, 0, 1, 1, 2, '2024-05-12 16:13:12', '2024-05-12 16:13:12'),
(387, '92e13d3c-4da1-4458-acb9-1ebd68c02cf0', 6, 1, 1, 0, 0, 1, '2024-05-12 16:13:12', '2024-05-12 16:13:12'),
(388, '92e13d3c-4da1-4458-acb9-1ebd68c02cf0', 6, 2, 0, 1, 0, 1, '2024-05-12 16:13:12', '2024-05-12 16:13:12'),
(389, '92e13d3c-4da1-4458-acb9-1ebd68c02cf0', 6, 3, 1, 1, 1, 3, '2024-05-12 16:13:12', '2024-05-12 16:13:12'),
(390, '92e13d3c-4da1-4458-acb9-1ebd68c02cf0', 6, 4, 0, 0, 1, 1, '2024-05-12 16:13:12', '2024-05-12 16:13:12'),
(391, '92e13d3c-4da1-4458-acb9-1ebd68c02cf0', 6, 5, 1, 1, 0, 2, '2024-05-12 16:13:12', '2024-05-12 16:13:12'),
(392, '92e13d3c-4da1-4458-acb9-1ebd68c02cf0', 6, 6, 0, 1, 1, 2, '2024-05-12 16:13:12', '2024-05-12 16:13:12'),
(393, '92e13d3c-4da1-4458-acb9-1ebd68c02cf0', 7, 0, 0, 1, 1, 2, '2024-05-12 16:13:12', '2024-05-12 16:13:12'),
(394, '92e13d3c-4da1-4458-acb9-1ebd68c02cf0', 7, 1, 1, 0, 1, 2, '2024-05-12 16:13:12', '2024-05-12 16:13:12'),
(395, '92e13d3c-4da1-4458-acb9-1ebd68c02cf0', 7, 2, 1, 0, 1, 2, '2024-05-12 16:13:12', '2024-05-12 16:13:12'),
(396, '92e13d3c-4da1-4458-acb9-1ebd68c02cf0', 7, 3, 0, 1, 0, 1, '2024-05-12 16:13:12', '2024-05-12 16:13:12'),
(397, '92e13d3c-4da1-4458-acb9-1ebd68c02cf0', 7, 4, 1, 0, 1, 2, '2024-05-12 16:13:12', '2024-05-12 16:13:12'),
(398, '92e13d3c-4da1-4458-acb9-1ebd68c02cf0', 7, 5, 0, 1, 1, 2, '2024-05-12 16:13:12', '2024-05-12 16:13:12'),
(399, '92e13d3c-4da1-4458-acb9-1ebd68c02cf0', 7, 6, 0, 1, 0, 1, '2024-05-12 16:13:12', '2024-05-12 16:13:12'),
(400, '92e13d3c-4da1-4458-acb9-1ebd68c02cf0', 8, 0, 0, 1, 0, 1, '2024-05-12 16:13:12', '2024-05-12 16:13:12'),
(401, '92e13d3c-4da1-4458-acb9-1ebd68c02cf0', 8, 1, 0, 1, 0, 1, '2024-05-12 16:13:12', '2024-05-12 16:13:12'),
(402, '92e13d3c-4da1-4458-acb9-1ebd68c02cf0', 8, 2, 0, 0, 1, 1, '2024-05-12 16:13:12', '2024-05-12 16:13:12'),
(403, '92e13d3c-4da1-4458-acb9-1ebd68c02cf0', 8, 3, 1, 1, 1, 3, '2024-05-12 16:13:12', '2024-05-12 16:13:12'),
(404, '92e13d3c-4da1-4458-acb9-1ebd68c02cf0', 8, 4, 0, 0, 0, 0, '2024-05-12 16:13:12', '2024-05-12 16:13:12'),
(405, '92e13d3c-4da1-4458-acb9-1ebd68c02cf0', 8, 5, 0, 1, 0, 1, '2024-05-12 16:13:12', '2024-05-12 16:13:12'),
(406, '92e13d3c-4da1-4458-acb9-1ebd68c02cf0', 8, 6, 1, 1, 1, 3, '2024-05-12 16:13:12', '2024-05-12 16:13:12'),
(407, '92e13d3c-4da1-4458-acb9-1ebd68c02cf0', 9, 0, 0, 1, 1, 2, '2024-05-12 16:13:12', '2024-05-12 16:13:12'),
(408, '92e13d3c-4da1-4458-acb9-1ebd68c02cf0', 9, 1, 0, 0, 0, 0, '2024-05-12 16:13:12', '2024-05-12 16:13:12'),
(409, '92e13d3c-4da1-4458-acb9-1ebd68c02cf0', 9, 2, 0, 1, 0, 1, '2024-05-12 16:13:12', '2024-05-12 16:13:12'),
(410, '92e13d3c-4da1-4458-acb9-1ebd68c02cf0', 9, 3, 0, 0, 1, 1, '2024-05-12 16:13:12', '2024-05-12 16:13:12'),
(411, '92e13d3c-4da1-4458-acb9-1ebd68c02cf0', 9, 4, 1, 0, 1, 2, '2024-05-12 16:13:12', '2024-05-12 16:13:12'),
(412, '92e13d3c-4da1-4458-acb9-1ebd68c02cf0', 9, 5, 1, 0, 0, 1, '2024-05-12 16:13:12', '2024-05-12 16:13:12'),
(413, '92e13d3c-4da1-4458-acb9-1ebd68c02cf0', 9, 6, 1, 0, 1, 2, '2024-05-12 16:13:12', '2024-05-12 16:13:12'),
(414, '92e13d3c-4da1-4458-acb9-1ebd68c02cf0', 10, 0, 0, 0, 1, 1, '2024-05-12 16:13:12', '2024-05-12 16:13:12'),
(415, '92e13d3c-4da1-4458-acb9-1ebd68c02cf0', 10, 1, 0, 0, 1, 1, '2024-05-12 16:13:12', '2024-05-12 16:13:12'),
(416, '92e13d3c-4da1-4458-acb9-1ebd68c02cf0', 10, 2, 1, 1, 0, 2, '2024-05-12 16:13:12', '2024-05-12 16:13:12'),
(417, '92e13d3c-4da1-4458-acb9-1ebd68c02cf0', 10, 3, 1, 1, 1, 3, '2024-05-12 16:13:12', '2024-05-12 16:13:12'),
(418, '92e13d3c-4da1-4458-acb9-1ebd68c02cf0', 10, 4, 0, 1, 1, 2, '2024-05-12 16:13:12', '2024-05-12 16:13:12'),
(419, '92e13d3c-4da1-4458-acb9-1ebd68c02cf0', 10, 5, 1, 0, 0, 1, '2024-05-12 16:13:12', '2024-05-12 16:13:12'),
(420, '92e13d3c-4da1-4458-acb9-1ebd68c02cf0', 10, 6, 1, 0, 1, 2, '2024-05-12 16:13:12', '2024-05-12 16:13:12'),
(421, '9e248025-e7c5-4ff9-a470-c82184671297', 1, 0, 0, 0, 1, 1, '2024-05-12 16:13:12', '2024-05-12 16:13:12'),
(422, '9e248025-e7c5-4ff9-a470-c82184671297', 1, 1, 1, 0, 1, 2, '2024-05-12 16:13:12', '2024-05-12 16:13:12'),
(423, '9e248025-e7c5-4ff9-a470-c82184671297', 1, 2, 0, 0, 0, 0, '2024-05-12 16:13:12', '2024-05-12 16:13:12'),
(424, '9e248025-e7c5-4ff9-a470-c82184671297', 1, 3, 1, 0, 0, 1, '2024-05-12 16:13:12', '2024-05-12 16:13:12'),
(425, '9e248025-e7c5-4ff9-a470-c82184671297', 1, 4, 1, 1, 1, 3, '2024-05-12 16:13:12', '2024-05-12 16:13:12'),
(426, '9e248025-e7c5-4ff9-a470-c82184671297', 1, 5, 0, 0, 1, 1, '2024-05-12 16:13:12', '2024-05-12 16:13:12'),
(427, '9e248025-e7c5-4ff9-a470-c82184671297', 1, 6, 1, 1, 1, 3, '2024-05-12 16:13:12', '2024-05-12 16:13:12'),
(428, '9e248025-e7c5-4ff9-a470-c82184671297', 2, 0, 0, 0, 1, 1, '2024-05-12 16:13:12', '2024-05-12 16:13:12'),
(429, '9e248025-e7c5-4ff9-a470-c82184671297', 2, 1, 1, 1, 1, 3, '2024-05-12 16:13:12', '2024-05-12 16:13:12'),
(430, '9e248025-e7c5-4ff9-a470-c82184671297', 2, 2, 1, 1, 0, 2, '2024-05-12 16:13:12', '2024-05-12 16:13:12'),
(431, '9e248025-e7c5-4ff9-a470-c82184671297', 2, 3, 0, 1, 1, 2, '2024-05-12 16:13:12', '2024-05-12 16:13:12'),
(432, '9e248025-e7c5-4ff9-a470-c82184671297', 2, 4, 0, 0, 1, 1, '2024-05-12 16:13:12', '2024-05-12 16:13:12'),
(433, '9e248025-e7c5-4ff9-a470-c82184671297', 2, 5, 1, 1, 1, 3, '2024-05-12 16:13:12', '2024-05-12 16:13:13'),
(434, '9e248025-e7c5-4ff9-a470-c82184671297', 2, 6, 0, 1, 0, 1, '2024-05-12 16:13:13', '2024-05-12 16:13:13'),
(435, '9e248025-e7c5-4ff9-a470-c82184671297', 3, 0, 0, 0, 1, 1, '2024-05-12 16:13:13', '2024-05-12 16:13:13'),
(436, '9e248025-e7c5-4ff9-a470-c82184671297', 3, 1, 1, 0, 1, 2, '2024-05-12 16:13:13', '2024-05-12 16:13:13'),
(437, '9e248025-e7c5-4ff9-a470-c82184671297', 3, 2, 0, 0, 0, 0, '2024-05-12 16:13:13', '2024-05-12 16:13:13'),
(438, '9e248025-e7c5-4ff9-a470-c82184671297', 3, 3, 1, 1, 0, 2, '2024-05-12 16:13:13', '2024-05-12 16:13:13'),
(439, '9e248025-e7c5-4ff9-a470-c82184671297', 3, 4, 1, 0, 0, 1, '2024-05-12 16:13:13', '2024-05-12 16:13:13'),
(440, '9e248025-e7c5-4ff9-a470-c82184671297', 3, 5, 0, 1, 1, 2, '2024-05-12 16:13:13', '2024-05-12 16:13:13'),
(441, '9e248025-e7c5-4ff9-a470-c82184671297', 3, 6, 0, 0, 0, 0, '2024-05-12 16:13:13', '2024-05-12 16:13:13'),
(442, '9e248025-e7c5-4ff9-a470-c82184671297', 4, 0, 1, 0, 1, 2, '2024-05-12 16:13:13', '2024-05-12 16:13:13'),
(443, '9e248025-e7c5-4ff9-a470-c82184671297', 4, 1, 0, 1, 0, 1, '2024-05-12 16:13:13', '2024-05-12 16:13:13'),
(444, '9e248025-e7c5-4ff9-a470-c82184671297', 4, 2, 0, 0, 0, 0, '2024-05-12 16:13:13', '2024-05-12 16:13:13'),
(445, '9e248025-e7c5-4ff9-a470-c82184671297', 4, 3, 0, 0, 1, 1, '2024-05-12 16:13:13', '2024-05-12 16:13:13'),
(446, '9e248025-e7c5-4ff9-a470-c82184671297', 4, 4, 1, 1, 0, 2, '2024-05-12 16:13:13', '2024-05-12 16:13:13'),
(447, '9e248025-e7c5-4ff9-a470-c82184671297', 4, 5, 1, 1, 1, 3, '2024-05-12 16:13:13', '2024-05-12 16:13:13'),
(448, '9e248025-e7c5-4ff9-a470-c82184671297', 4, 6, 0, 0, 1, 1, '2024-05-12 16:13:13', '2024-05-12 16:13:13'),
(449, '9e248025-e7c5-4ff9-a470-c82184671297', 5, 0, 0, 0, 0, 0, '2024-05-12 16:13:13', '2024-05-12 16:13:13'),
(450, '9e248025-e7c5-4ff9-a470-c82184671297', 5, 1, 1, 0, 0, 1, '2024-05-12 16:13:13', '2024-05-12 16:13:13'),
(451, '9e248025-e7c5-4ff9-a470-c82184671297', 5, 2, 1, 1, 1, 3, '2024-05-12 16:13:13', '2024-05-12 16:13:13'),
(452, '9e248025-e7c5-4ff9-a470-c82184671297', 5, 3, 0, 0, 1, 1, '2024-05-12 16:13:13', '2024-05-12 16:13:13'),
(453, '9e248025-e7c5-4ff9-a470-c82184671297', 5, 4, 0, 0, 0, 0, '2024-05-12 16:13:13', '2024-05-12 16:13:13'),
(454, '9e248025-e7c5-4ff9-a470-c82184671297', 5, 5, 0, 1, 0, 1, '2024-05-12 16:13:13', '2024-05-12 16:13:13'),
(455, '9e248025-e7c5-4ff9-a470-c82184671297', 5, 6, 0, 0, 1, 1, '2024-05-12 16:13:13', '2024-05-12 16:13:13'),
(456, '9e248025-e7c5-4ff9-a470-c82184671297', 6, 0, 1, 1, 1, 3, '2024-05-12 16:13:13', '2024-05-12 16:13:13'),
(457, '9e248025-e7c5-4ff9-a470-c82184671297', 6, 1, 0, 0, 0, 0, '2024-05-12 16:13:13', '2024-05-12 16:13:13'),
(458, '9e248025-e7c5-4ff9-a470-c82184671297', 6, 2, 1, 0, 1, 2, '2024-05-12 16:13:13', '2024-05-12 16:13:13');
INSERT INTO `schedules` (`id`, `user_id`, `calendar_id`, `day`, `shift_1`, `shift_2`, `shift_3`, `shift`, `created_at`, `updated_at`) VALUES
(459, '9e248025-e7c5-4ff9-a470-c82184671297', 6, 3, 1, 1, 1, 3, '2024-05-12 16:13:13', '2024-05-12 16:13:13'),
(460, '9e248025-e7c5-4ff9-a470-c82184671297', 6, 4, 0, 1, 0, 1, '2024-05-12 16:13:13', '2024-05-12 16:13:13'),
(461, '9e248025-e7c5-4ff9-a470-c82184671297', 6, 5, 1, 0, 0, 1, '2024-05-12 16:13:13', '2024-05-12 16:13:13'),
(462, '9e248025-e7c5-4ff9-a470-c82184671297', 6, 6, 1, 0, 1, 2, '2024-05-12 16:13:13', '2024-05-12 16:13:13'),
(463, '9e248025-e7c5-4ff9-a470-c82184671297', 7, 0, 1, 1, 0, 2, '2024-05-12 16:13:13', '2024-05-12 16:13:13'),
(464, '9e248025-e7c5-4ff9-a470-c82184671297', 7, 1, 0, 0, 0, 0, '2024-05-12 16:13:13', '2024-05-12 16:13:13'),
(465, '9e248025-e7c5-4ff9-a470-c82184671297', 7, 2, 1, 0, 1, 2, '2024-05-12 16:13:13', '2024-05-12 16:13:13'),
(466, '9e248025-e7c5-4ff9-a470-c82184671297', 7, 3, 0, 1, 0, 1, '2024-05-12 16:13:13', '2024-05-12 16:13:13'),
(467, '9e248025-e7c5-4ff9-a470-c82184671297', 7, 4, 0, 1, 0, 1, '2024-05-12 16:13:13', '2024-05-12 16:13:13'),
(468, '9e248025-e7c5-4ff9-a470-c82184671297', 7, 5, 1, 0, 1, 2, '2024-05-12 16:13:13', '2024-05-12 16:13:13'),
(469, '9e248025-e7c5-4ff9-a470-c82184671297', 7, 6, 0, 0, 1, 1, '2024-05-12 16:13:13', '2024-05-12 16:13:13'),
(470, '9e248025-e7c5-4ff9-a470-c82184671297', 8, 0, 1, 1, 0, 2, '2024-05-12 16:13:13', '2024-05-12 16:13:13'),
(471, '9e248025-e7c5-4ff9-a470-c82184671297', 8, 1, 0, 1, 1, 2, '2024-05-12 16:13:13', '2024-05-12 16:13:13'),
(472, '9e248025-e7c5-4ff9-a470-c82184671297', 8, 2, 1, 1, 1, 3, '2024-05-12 16:13:13', '2024-05-12 16:13:13'),
(473, '9e248025-e7c5-4ff9-a470-c82184671297', 8, 3, 0, 1, 1, 2, '2024-05-12 16:13:13', '2024-05-12 16:13:13'),
(474, '9e248025-e7c5-4ff9-a470-c82184671297', 8, 4, 1, 1, 0, 2, '2024-05-12 16:13:13', '2024-05-12 16:13:13'),
(475, '9e248025-e7c5-4ff9-a470-c82184671297', 8, 5, 1, 0, 1, 2, '2024-05-12 16:13:13', '2024-05-12 16:13:13'),
(476, '9e248025-e7c5-4ff9-a470-c82184671297', 8, 6, 0, 1, 0, 1, '2024-05-12 16:13:13', '2024-05-12 16:13:13'),
(477, '9e248025-e7c5-4ff9-a470-c82184671297', 9, 0, 1, 1, 0, 2, '2024-05-12 16:13:13', '2024-05-12 16:13:13'),
(478, '9e248025-e7c5-4ff9-a470-c82184671297', 9, 1, 1, 0, 0, 1, '2024-05-12 16:13:13', '2024-05-12 16:13:13'),
(479, '9e248025-e7c5-4ff9-a470-c82184671297', 9, 2, 1, 1, 1, 3, '2024-05-12 16:13:13', '2024-05-12 16:13:13'),
(480, '9e248025-e7c5-4ff9-a470-c82184671297', 9, 3, 0, 0, 1, 1, '2024-05-12 16:13:13', '2024-05-12 16:13:13'),
(481, '9e248025-e7c5-4ff9-a470-c82184671297', 9, 4, 0, 0, 1, 1, '2024-05-12 16:13:13', '2024-05-12 16:13:13'),
(482, '9e248025-e7c5-4ff9-a470-c82184671297', 9, 5, 0, 0, 1, 1, '2024-05-12 16:13:13', '2024-05-12 16:13:13'),
(483, '9e248025-e7c5-4ff9-a470-c82184671297', 9, 6, 1, 0, 0, 1, '2024-05-12 16:13:13', '2024-05-12 16:13:13'),
(484, '9e248025-e7c5-4ff9-a470-c82184671297', 10, 0, 0, 0, 0, 0, '2024-05-12 16:13:13', '2024-05-12 16:13:13'),
(485, '9e248025-e7c5-4ff9-a470-c82184671297', 10, 1, 1, 0, 0, 1, '2024-05-12 16:13:13', '2024-05-12 16:13:13'),
(486, '9e248025-e7c5-4ff9-a470-c82184671297', 10, 2, 1, 0, 0, 1, '2024-05-12 16:13:13', '2024-05-12 16:13:13'),
(487, '9e248025-e7c5-4ff9-a470-c82184671297', 10, 3, 1, 0, 0, 1, '2024-05-12 16:13:13', '2024-05-12 16:13:13'),
(488, '9e248025-e7c5-4ff9-a470-c82184671297', 10, 4, 0, 0, 1, 1, '2024-05-12 16:13:13', '2024-05-12 16:13:13'),
(489, '9e248025-e7c5-4ff9-a470-c82184671297', 10, 5, 1, 1, 0, 2, '2024-05-12 16:13:13', '2024-05-12 16:13:13'),
(490, '9e248025-e7c5-4ff9-a470-c82184671297', 10, 6, 0, 0, 1, 1, '2024-05-12 16:13:13', '2024-05-12 16:13:13'),
(491, 'bc8b5621-1b7e-4654-90b0-dd27f64a5d47', 1, 0, 1, 0, 1, 2, '2024-05-12 16:13:13', '2024-05-12 16:13:13'),
(492, 'bc8b5621-1b7e-4654-90b0-dd27f64a5d47', 1, 1, 0, 1, 0, 1, '2024-05-12 16:13:13', '2024-05-12 16:13:13'),
(493, 'bc8b5621-1b7e-4654-90b0-dd27f64a5d47', 1, 2, 0, 0, 0, 0, '2024-05-12 16:13:13', '2024-05-12 16:13:13'),
(494, 'bc8b5621-1b7e-4654-90b0-dd27f64a5d47', 1, 3, 0, 0, 0, 0, '2024-05-12 16:13:13', '2024-05-12 16:13:13'),
(495, 'bc8b5621-1b7e-4654-90b0-dd27f64a5d47', 1, 4, 0, 1, 0, 1, '2024-05-12 16:13:13', '2024-05-12 16:13:13'),
(496, 'bc8b5621-1b7e-4654-90b0-dd27f64a5d47', 1, 5, 1, 0, 0, 1, '2024-05-12 16:13:13', '2024-05-12 16:13:13'),
(497, 'bc8b5621-1b7e-4654-90b0-dd27f64a5d47', 1, 6, 1, 1, 1, 3, '2024-05-12 16:13:13', '2024-05-12 16:13:13'),
(498, 'bc8b5621-1b7e-4654-90b0-dd27f64a5d47', 2, 0, 1, 0, 0, 1, '2024-05-12 16:13:13', '2024-05-12 16:13:13'),
(499, 'bc8b5621-1b7e-4654-90b0-dd27f64a5d47', 2, 1, 1, 0, 1, 2, '2024-05-12 16:13:13', '2024-05-12 16:13:13'),
(500, 'bc8b5621-1b7e-4654-90b0-dd27f64a5d47', 2, 2, 1, 0, 1, 2, '2024-05-12 16:13:13', '2024-05-12 16:13:13'),
(501, 'bc8b5621-1b7e-4654-90b0-dd27f64a5d47', 2, 3, 0, 0, 1, 1, '2024-05-12 16:13:13', '2024-05-12 16:13:13'),
(502, 'bc8b5621-1b7e-4654-90b0-dd27f64a5d47', 2, 4, 0, 1, 0, 1, '2024-05-12 16:13:13', '2024-05-12 16:13:13'),
(503, 'bc8b5621-1b7e-4654-90b0-dd27f64a5d47', 2, 5, 1, 0, 0, 1, '2024-05-12 16:13:13', '2024-05-12 16:13:13'),
(504, 'bc8b5621-1b7e-4654-90b0-dd27f64a5d47', 2, 6, 1, 0, 0, 1, '2024-05-12 16:13:13', '2024-05-12 16:13:13'),
(505, 'bc8b5621-1b7e-4654-90b0-dd27f64a5d47', 3, 0, 0, 1, 1, 2, '2024-05-12 16:13:13', '2024-05-12 16:13:13'),
(506, 'bc8b5621-1b7e-4654-90b0-dd27f64a5d47', 3, 1, 0, 1, 0, 1, '2024-05-12 16:13:13', '2024-05-12 16:13:13'),
(507, 'bc8b5621-1b7e-4654-90b0-dd27f64a5d47', 3, 2, 1, 0, 1, 2, '2024-05-12 16:13:13', '2024-05-12 16:13:13'),
(508, 'bc8b5621-1b7e-4654-90b0-dd27f64a5d47', 3, 3, 1, 0, 0, 1, '2024-05-12 16:13:13', '2024-05-12 16:13:13'),
(509, 'bc8b5621-1b7e-4654-90b0-dd27f64a5d47', 3, 4, 1, 1, 0, 2, '2024-05-12 16:13:13', '2024-05-12 16:13:13'),
(510, 'bc8b5621-1b7e-4654-90b0-dd27f64a5d47', 3, 5, 0, 0, 0, 0, '2024-05-12 16:13:13', '2024-05-12 16:13:13'),
(511, 'bc8b5621-1b7e-4654-90b0-dd27f64a5d47', 3, 6, 1, 1, 0, 2, '2024-05-12 16:13:13', '2024-05-12 16:13:13'),
(512, 'bc8b5621-1b7e-4654-90b0-dd27f64a5d47', 4, 0, 1, 1, 0, 2, '2024-05-12 16:13:13', '2024-05-12 16:13:13'),
(513, 'bc8b5621-1b7e-4654-90b0-dd27f64a5d47', 4, 1, 0, 0, 0, 0, '2024-05-12 16:13:13', '2024-05-12 16:13:13'),
(514, 'bc8b5621-1b7e-4654-90b0-dd27f64a5d47', 4, 2, 1, 1, 1, 3, '2024-05-12 16:13:13', '2024-05-12 16:13:13'),
(515, 'bc8b5621-1b7e-4654-90b0-dd27f64a5d47', 4, 3, 1, 1, 1, 3, '2024-05-12 16:13:13', '2024-05-12 16:13:13'),
(516, 'bc8b5621-1b7e-4654-90b0-dd27f64a5d47', 4, 4, 0, 1, 1, 2, '2024-05-12 16:13:13', '2024-05-12 16:13:13'),
(517, 'bc8b5621-1b7e-4654-90b0-dd27f64a5d47', 4, 5, 0, 1, 1, 2, '2024-05-12 16:13:13', '2024-05-12 16:13:13'),
(518, 'bc8b5621-1b7e-4654-90b0-dd27f64a5d47', 4, 6, 0, 1, 0, 1, '2024-05-12 16:13:13', '2024-05-12 16:13:13'),
(519, 'bc8b5621-1b7e-4654-90b0-dd27f64a5d47', 5, 0, 0, 0, 1, 1, '2024-05-12 16:13:13', '2024-05-12 16:13:13'),
(520, 'bc8b5621-1b7e-4654-90b0-dd27f64a5d47', 5, 1, 1, 1, 1, 3, '2024-05-12 16:13:13', '2024-05-12 16:13:13'),
(521, 'bc8b5621-1b7e-4654-90b0-dd27f64a5d47', 5, 2, 1, 1, 1, 3, '2024-05-12 16:13:13', '2024-05-12 16:13:13'),
(522, 'bc8b5621-1b7e-4654-90b0-dd27f64a5d47', 5, 3, 0, 0, 0, 0, '2024-05-12 16:13:13', '2024-05-12 16:13:13'),
(523, 'bc8b5621-1b7e-4654-90b0-dd27f64a5d47', 5, 4, 0, 1, 1, 2, '2024-05-12 16:13:13', '2024-05-12 16:13:13'),
(524, 'bc8b5621-1b7e-4654-90b0-dd27f64a5d47', 5, 5, 1, 1, 1, 3, '2024-05-12 16:13:13', '2024-05-12 16:13:13'),
(525, 'bc8b5621-1b7e-4654-90b0-dd27f64a5d47', 5, 6, 0, 0, 1, 1, '2024-05-12 16:13:13', '2024-05-12 16:13:13'),
(526, 'bc8b5621-1b7e-4654-90b0-dd27f64a5d47', 6, 0, 1, 0, 1, 2, '2024-05-12 16:13:13', '2024-05-12 16:13:13'),
(527, 'bc8b5621-1b7e-4654-90b0-dd27f64a5d47', 6, 1, 0, 0, 0, 0, '2024-05-12 16:13:13', '2024-05-12 16:13:13'),
(528, 'bc8b5621-1b7e-4654-90b0-dd27f64a5d47', 6, 2, 0, 1, 0, 1, '2024-05-12 16:13:13', '2024-05-12 16:13:13'),
(529, 'bc8b5621-1b7e-4654-90b0-dd27f64a5d47', 6, 3, 0, 0, 0, 0, '2024-05-12 16:13:13', '2024-05-12 16:13:13'),
(530, 'bc8b5621-1b7e-4654-90b0-dd27f64a5d47', 6, 4, 1, 1, 0, 2, '2024-05-12 16:13:13', '2024-05-12 16:13:13'),
(531, 'bc8b5621-1b7e-4654-90b0-dd27f64a5d47', 6, 5, 0, 0, 1, 1, '2024-05-12 16:13:13', '2024-05-12 16:13:13'),
(532, 'bc8b5621-1b7e-4654-90b0-dd27f64a5d47', 6, 6, 0, 0, 1, 1, '2024-05-12 16:13:13', '2024-05-12 16:13:13'),
(533, 'bc8b5621-1b7e-4654-90b0-dd27f64a5d47', 7, 0, 1, 1, 1, 3, '2024-05-12 16:13:13', '2024-05-12 16:13:13'),
(534, 'bc8b5621-1b7e-4654-90b0-dd27f64a5d47', 7, 1, 0, 0, 1, 1, '2024-05-12 16:13:13', '2024-05-12 16:13:13'),
(535, 'bc8b5621-1b7e-4654-90b0-dd27f64a5d47', 7, 2, 0, 0, 1, 1, '2024-05-12 16:13:13', '2024-05-12 16:13:13'),
(536, 'bc8b5621-1b7e-4654-90b0-dd27f64a5d47', 7, 3, 0, 1, 0, 1, '2024-05-12 16:13:13', '2024-05-12 16:13:13'),
(537, 'bc8b5621-1b7e-4654-90b0-dd27f64a5d47', 7, 4, 0, 0, 1, 1, '2024-05-12 16:13:13', '2024-05-12 16:13:13'),
(538, 'bc8b5621-1b7e-4654-90b0-dd27f64a5d47', 7, 5, 1, 0, 1, 2, '2024-05-12 16:13:13', '2024-05-12 16:13:13'),
(539, 'bc8b5621-1b7e-4654-90b0-dd27f64a5d47', 7, 6, 1, 1, 1, 3, '2024-05-12 16:13:13', '2024-05-12 16:13:13'),
(540, 'bc8b5621-1b7e-4654-90b0-dd27f64a5d47', 8, 0, 0, 0, 1, 1, '2024-05-12 16:13:13', '2024-05-12 16:13:13'),
(541, 'bc8b5621-1b7e-4654-90b0-dd27f64a5d47', 8, 1, 1, 0, 1, 2, '2024-05-12 16:13:13', '2024-05-12 16:13:13'),
(542, 'bc8b5621-1b7e-4654-90b0-dd27f64a5d47', 8, 2, 1, 1, 1, 3, '2024-05-12 16:13:13', '2024-05-12 16:13:13'),
(543, 'bc8b5621-1b7e-4654-90b0-dd27f64a5d47', 8, 3, 0, 1, 0, 1, '2024-05-12 16:13:13', '2024-05-12 16:13:13'),
(544, 'bc8b5621-1b7e-4654-90b0-dd27f64a5d47', 8, 4, 0, 1, 1, 2, '2024-05-12 16:13:13', '2024-05-12 16:13:13'),
(545, 'bc8b5621-1b7e-4654-90b0-dd27f64a5d47', 8, 5, 1, 0, 0, 1, '2024-05-12 16:13:13', '2024-05-12 16:13:13'),
(546, 'bc8b5621-1b7e-4654-90b0-dd27f64a5d47', 8, 6, 0, 1, 1, 2, '2024-05-12 16:13:13', '2024-05-12 16:13:13'),
(547, 'bc8b5621-1b7e-4654-90b0-dd27f64a5d47', 9, 0, 0, 0, 1, 1, '2024-05-12 16:13:13', '2024-05-12 16:13:13'),
(548, 'bc8b5621-1b7e-4654-90b0-dd27f64a5d47', 9, 1, 1, 1, 0, 2, '2024-05-12 16:13:13', '2024-05-12 16:13:13'),
(549, 'bc8b5621-1b7e-4654-90b0-dd27f64a5d47', 9, 2, 1, 1, 0, 2, '2024-05-12 16:13:13', '2024-05-12 16:13:13'),
(550, 'bc8b5621-1b7e-4654-90b0-dd27f64a5d47', 9, 3, 1, 1, 0, 2, '2024-05-12 16:13:13', '2024-05-12 16:13:13'),
(551, 'bc8b5621-1b7e-4654-90b0-dd27f64a5d47', 9, 4, 1, 1, 0, 2, '2024-05-12 16:13:13', '2024-05-12 16:13:13'),
(552, 'bc8b5621-1b7e-4654-90b0-dd27f64a5d47', 9, 5, 0, 0, 1, 1, '2024-05-12 16:13:13', '2024-05-12 16:13:13'),
(553, 'bc8b5621-1b7e-4654-90b0-dd27f64a5d47', 9, 6, 0, 1, 0, 1, '2024-05-12 16:13:13', '2024-05-12 16:13:13'),
(554, 'bc8b5621-1b7e-4654-90b0-dd27f64a5d47', 10, 0, 0, 0, 0, 0, '2024-05-12 16:13:13', '2024-05-12 16:13:13'),
(555, 'bc8b5621-1b7e-4654-90b0-dd27f64a5d47', 10, 1, 0, 1, 0, 1, '2024-05-12 16:13:13', '2024-05-12 16:13:13'),
(556, 'bc8b5621-1b7e-4654-90b0-dd27f64a5d47', 10, 2, 0, 1, 0, 1, '2024-05-12 16:13:13', '2024-05-12 16:13:13'),
(557, 'bc8b5621-1b7e-4654-90b0-dd27f64a5d47', 10, 3, 1, 1, 1, 3, '2024-05-12 16:13:13', '2024-05-12 16:13:13'),
(558, 'bc8b5621-1b7e-4654-90b0-dd27f64a5d47', 10, 4, 0, 1, 0, 1, '2024-05-12 16:13:13', '2024-05-12 16:13:13'),
(559, 'bc8b5621-1b7e-4654-90b0-dd27f64a5d47', 10, 5, 0, 1, 0, 1, '2024-05-12 16:13:13', '2024-05-12 16:13:13'),
(560, 'bc8b5621-1b7e-4654-90b0-dd27f64a5d47', 10, 6, 0, 1, 0, 1, '2024-05-12 16:13:13', '2024-05-12 16:13:13'),
(561, 'd82a1f22-0fd6-47e6-a6de-baae5fbf017a', 1, 0, 0, 1, 0, 1, '2024-05-12 16:13:13', '2024-05-12 16:13:13'),
(562, 'd82a1f22-0fd6-47e6-a6de-baae5fbf017a', 1, 1, 1, 0, 0, 1, '2024-05-12 16:13:13', '2024-05-12 16:13:13'),
(563, 'd82a1f22-0fd6-47e6-a6de-baae5fbf017a', 1, 2, 1, 0, 1, 2, '2024-05-12 16:13:13', '2024-05-12 16:13:13'),
(564, 'd82a1f22-0fd6-47e6-a6de-baae5fbf017a', 1, 3, 0, 0, 1, 1, '2024-05-12 16:13:13', '2024-05-12 16:13:13'),
(565, 'd82a1f22-0fd6-47e6-a6de-baae5fbf017a', 1, 4, 0, 0, 0, 0, '2024-05-12 16:13:13', '2024-05-12 16:13:13'),
(566, 'd82a1f22-0fd6-47e6-a6de-baae5fbf017a', 1, 5, 1, 1, 1, 3, '2024-05-12 16:13:13', '2024-05-12 16:13:13'),
(567, 'd82a1f22-0fd6-47e6-a6de-baae5fbf017a', 1, 6, 0, 0, 0, 0, '2024-05-12 16:13:13', '2024-05-12 16:13:13'),
(568, 'd82a1f22-0fd6-47e6-a6de-baae5fbf017a', 2, 0, 1, 0, 1, 2, '2024-05-12 16:13:13', '2024-05-12 16:13:13'),
(569, 'd82a1f22-0fd6-47e6-a6de-baae5fbf017a', 2, 1, 1, 0, 0, 1, '2024-05-12 16:13:13', '2024-05-12 16:13:13'),
(570, 'd82a1f22-0fd6-47e6-a6de-baae5fbf017a', 2, 2, 1, 0, 0, 1, '2024-05-12 16:13:13', '2024-05-12 16:13:13'),
(571, 'd82a1f22-0fd6-47e6-a6de-baae5fbf017a', 2, 3, 0, 0, 0, 0, '2024-05-12 16:13:13', '2024-05-12 16:13:13'),
(572, 'd82a1f22-0fd6-47e6-a6de-baae5fbf017a', 2, 4, 0, 1, 0, 1, '2024-05-12 16:13:13', '2024-05-12 16:13:13'),
(573, 'd82a1f22-0fd6-47e6-a6de-baae5fbf017a', 2, 5, 1, 1, 1, 3, '2024-05-12 16:13:13', '2024-05-12 16:13:13'),
(574, 'd82a1f22-0fd6-47e6-a6de-baae5fbf017a', 2, 6, 0, 0, 0, 0, '2024-05-12 16:13:13', '2024-05-12 16:13:13'),
(575, 'd82a1f22-0fd6-47e6-a6de-baae5fbf017a', 3, 0, 1, 0, 0, 1, '2024-05-12 16:13:13', '2024-05-12 16:13:13'),
(576, 'd82a1f22-0fd6-47e6-a6de-baae5fbf017a', 3, 1, 1, 0, 1, 2, '2024-05-12 16:13:13', '2024-05-12 16:13:13'),
(577, 'd82a1f22-0fd6-47e6-a6de-baae5fbf017a', 3, 2, 1, 1, 1, 3, '2024-05-12 16:13:13', '2024-05-12 16:13:13'),
(578, 'd82a1f22-0fd6-47e6-a6de-baae5fbf017a', 3, 3, 0, 0, 1, 1, '2024-05-12 16:13:13', '2024-05-12 16:13:13'),
(579, 'd82a1f22-0fd6-47e6-a6de-baae5fbf017a', 3, 4, 0, 1, 1, 2, '2024-05-12 16:13:13', '2024-05-12 16:13:13'),
(580, 'd82a1f22-0fd6-47e6-a6de-baae5fbf017a', 3, 5, 1, 0, 0, 1, '2024-05-12 16:13:13', '2024-05-12 16:13:13'),
(581, 'd82a1f22-0fd6-47e6-a6de-baae5fbf017a', 3, 6, 0, 0, 1, 1, '2024-05-12 16:13:13', '2024-05-12 16:13:13'),
(582, 'd82a1f22-0fd6-47e6-a6de-baae5fbf017a', 4, 0, 1, 0, 1, 2, '2024-05-12 16:13:13', '2024-05-12 16:13:13'),
(583, 'd82a1f22-0fd6-47e6-a6de-baae5fbf017a', 4, 1, 0, 0, 1, 1, '2024-05-12 16:13:13', '2024-05-12 16:13:13'),
(584, 'd82a1f22-0fd6-47e6-a6de-baae5fbf017a', 4, 2, 0, 0, 0, 0, '2024-05-12 16:13:13', '2024-05-12 16:13:13'),
(585, 'd82a1f22-0fd6-47e6-a6de-baae5fbf017a', 4, 3, 1, 0, 1, 2, '2024-05-12 16:13:13', '2024-05-12 16:13:13'),
(586, 'd82a1f22-0fd6-47e6-a6de-baae5fbf017a', 4, 4, 1, 1, 1, 3, '2024-05-12 16:13:13', '2024-05-12 16:13:13'),
(587, 'd82a1f22-0fd6-47e6-a6de-baae5fbf017a', 4, 5, 0, 0, 1, 1, '2024-05-12 16:13:13', '2024-05-12 16:13:13'),
(588, 'd82a1f22-0fd6-47e6-a6de-baae5fbf017a', 4, 6, 0, 0, 0, 0, '2024-05-12 16:13:13', '2024-05-12 16:13:13'),
(589, 'd82a1f22-0fd6-47e6-a6de-baae5fbf017a', 5, 0, 1, 1, 1, 3, '2024-05-12 16:13:13', '2024-05-12 16:13:13'),
(590, 'd82a1f22-0fd6-47e6-a6de-baae5fbf017a', 5, 1, 0, 1, 1, 2, '2024-05-12 16:13:13', '2024-05-12 16:13:13'),
(591, 'd82a1f22-0fd6-47e6-a6de-baae5fbf017a', 5, 2, 1, 0, 1, 2, '2024-05-12 16:13:13', '2024-05-12 16:13:13'),
(592, 'd82a1f22-0fd6-47e6-a6de-baae5fbf017a', 5, 3, 0, 0, 1, 1, '2024-05-12 16:13:13', '2024-05-12 16:13:13'),
(593, 'd82a1f22-0fd6-47e6-a6de-baae5fbf017a', 5, 4, 1, 1, 0, 2, '2024-05-12 16:13:13', '2024-05-12 16:13:13'),
(594, 'd82a1f22-0fd6-47e6-a6de-baae5fbf017a', 5, 5, 0, 0, 0, 0, '2024-05-12 16:13:13', '2024-05-12 16:13:13'),
(595, 'd82a1f22-0fd6-47e6-a6de-baae5fbf017a', 5, 6, 0, 0, 0, 0, '2024-05-12 16:13:13', '2024-05-12 16:13:13'),
(596, 'd82a1f22-0fd6-47e6-a6de-baae5fbf017a', 6, 0, 1, 1, 0, 2, '2024-05-12 16:13:13', '2024-05-12 16:13:13'),
(597, 'd82a1f22-0fd6-47e6-a6de-baae5fbf017a', 6, 1, 1, 1, 1, 3, '2024-05-12 16:13:13', '2024-05-12 16:13:13'),
(598, 'd82a1f22-0fd6-47e6-a6de-baae5fbf017a', 6, 2, 0, 0, 1, 1, '2024-05-12 16:13:13', '2024-05-12 16:13:13'),
(599, 'd82a1f22-0fd6-47e6-a6de-baae5fbf017a', 6, 3, 1, 0, 0, 1, '2024-05-12 16:13:13', '2024-05-12 16:13:13'),
(600, 'd82a1f22-0fd6-47e6-a6de-baae5fbf017a', 6, 4, 0, 1, 0, 1, '2024-05-12 16:13:13', '2024-05-12 16:13:13'),
(601, 'd82a1f22-0fd6-47e6-a6de-baae5fbf017a', 6, 5, 0, 0, 1, 1, '2024-05-12 16:13:13', '2024-05-12 16:13:13'),
(602, 'd82a1f22-0fd6-47e6-a6de-baae5fbf017a', 6, 6, 0, 1, 0, 1, '2024-05-12 16:13:13', '2024-05-12 16:13:13'),
(603, 'd82a1f22-0fd6-47e6-a6de-baae5fbf017a', 7, 0, 0, 1, 1, 2, '2024-05-12 16:13:13', '2024-05-12 16:13:13'),
(604, 'd82a1f22-0fd6-47e6-a6de-baae5fbf017a', 7, 1, 1, 0, 0, 1, '2024-05-12 16:13:13', '2024-05-12 16:13:13'),
(605, 'd82a1f22-0fd6-47e6-a6de-baae5fbf017a', 7, 2, 1, 1, 0, 2, '2024-05-12 16:13:13', '2024-05-12 16:13:13'),
(606, 'd82a1f22-0fd6-47e6-a6de-baae5fbf017a', 7, 3, 0, 0, 1, 1, '2024-05-12 16:13:13', '2024-05-12 16:13:13'),
(607, 'd82a1f22-0fd6-47e6-a6de-baae5fbf017a', 7, 4, 0, 1, 1, 2, '2024-05-12 16:13:13', '2024-05-12 16:13:13'),
(608, 'd82a1f22-0fd6-47e6-a6de-baae5fbf017a', 7, 5, 1, 1, 0, 2, '2024-05-12 16:13:13', '2024-05-12 16:13:13'),
(609, 'd82a1f22-0fd6-47e6-a6de-baae5fbf017a', 7, 6, 1, 1, 1, 3, '2024-05-12 16:13:13', '2024-05-12 16:13:13'),
(610, 'd82a1f22-0fd6-47e6-a6de-baae5fbf017a', 8, 0, 1, 1, 0, 2, '2024-05-12 16:13:13', '2024-05-12 16:13:13'),
(611, 'd82a1f22-0fd6-47e6-a6de-baae5fbf017a', 8, 1, 1, 0, 0, 1, '2024-05-12 16:13:13', '2024-05-12 16:13:13'),
(612, 'd82a1f22-0fd6-47e6-a6de-baae5fbf017a', 8, 2, 0, 0, 0, 0, '2024-05-12 16:13:13', '2024-05-12 16:13:13'),
(613, 'd82a1f22-0fd6-47e6-a6de-baae5fbf017a', 8, 3, 1, 1, 1, 3, '2024-05-12 16:13:13', '2024-05-12 16:13:13'),
(614, 'd82a1f22-0fd6-47e6-a6de-baae5fbf017a', 8, 4, 1, 1, 1, 3, '2024-05-12 16:13:13', '2024-05-12 16:13:13'),
(615, 'd82a1f22-0fd6-47e6-a6de-baae5fbf017a', 8, 5, 0, 1, 1, 2, '2024-05-12 16:13:13', '2024-05-12 16:13:13'),
(616, 'd82a1f22-0fd6-47e6-a6de-baae5fbf017a', 8, 6, 1, 1, 0, 2, '2024-05-12 16:13:13', '2024-05-12 16:13:13'),
(617, 'd82a1f22-0fd6-47e6-a6de-baae5fbf017a', 9, 0, 1, 0, 1, 2, '2024-05-12 16:13:13', '2024-05-12 16:13:13'),
(618, 'd82a1f22-0fd6-47e6-a6de-baae5fbf017a', 9, 1, 0, 1, 1, 2, '2024-05-12 16:13:13', '2024-05-12 16:13:13'),
(619, 'd82a1f22-0fd6-47e6-a6de-baae5fbf017a', 9, 2, 0, 0, 1, 1, '2024-05-12 16:13:13', '2024-05-12 16:13:13'),
(620, 'd82a1f22-0fd6-47e6-a6de-baae5fbf017a', 9, 3, 0, 1, 0, 1, '2024-05-12 16:13:13', '2024-05-12 16:13:13'),
(621, 'd82a1f22-0fd6-47e6-a6de-baae5fbf017a', 9, 4, 0, 1, 1, 2, '2024-05-12 16:13:13', '2024-05-12 16:13:13'),
(622, 'd82a1f22-0fd6-47e6-a6de-baae5fbf017a', 9, 5, 0, 1, 1, 2, '2024-05-12 16:13:13', '2024-05-12 16:13:13'),
(623, 'd82a1f22-0fd6-47e6-a6de-baae5fbf017a', 9, 6, 0, 0, 0, 0, '2024-05-12 16:13:13', '2024-05-12 16:13:13'),
(624, 'd82a1f22-0fd6-47e6-a6de-baae5fbf017a', 10, 0, 0, 1, 0, 1, '2024-05-12 16:13:13', '2024-05-12 16:13:13'),
(625, 'd82a1f22-0fd6-47e6-a6de-baae5fbf017a', 10, 1, 0, 1, 1, 2, '2024-05-12 16:13:13', '2024-05-12 16:13:13'),
(626, 'd82a1f22-0fd6-47e6-a6de-baae5fbf017a', 10, 2, 1, 0, 1, 2, '2024-05-12 16:13:13', '2024-05-12 16:13:13'),
(627, 'd82a1f22-0fd6-47e6-a6de-baae5fbf017a', 10, 3, 0, 1, 1, 2, '2024-05-12 16:13:13', '2024-05-12 16:13:13'),
(628, 'd82a1f22-0fd6-47e6-a6de-baae5fbf017a', 10, 4, 0, 0, 1, 1, '2024-05-12 16:13:13', '2024-05-12 16:13:13'),
(629, 'd82a1f22-0fd6-47e6-a6de-baae5fbf017a', 10, 5, 0, 0, 1, 1, '2024-05-12 16:13:13', '2024-05-12 16:13:13'),
(630, 'd82a1f22-0fd6-47e6-a6de-baae5fbf017a', 10, 6, 1, 0, 0, 1, '2024-05-12 16:13:13', '2024-05-12 16:13:13'),
(631, 'ec2625bf-612c-4f5a-a68b-081c946820a3', 1, 0, 1, 0, 0, 1, '2024-05-12 16:13:13', '2024-05-12 16:13:13'),
(632, 'ec2625bf-612c-4f5a-a68b-081c946820a3', 1, 1, 0, 0, 0, 0, '2024-05-12 16:13:13', '2024-05-12 16:13:13'),
(633, 'ec2625bf-612c-4f5a-a68b-081c946820a3', 1, 2, 1, 0, 0, 1, '2024-05-12 16:13:13', '2024-05-12 16:13:13'),
(634, 'ec2625bf-612c-4f5a-a68b-081c946820a3', 1, 3, 0, 0, 1, 1, '2024-05-12 16:13:13', '2024-05-12 16:13:13'),
(635, 'ec2625bf-612c-4f5a-a68b-081c946820a3', 1, 4, 0, 1, 1, 2, '2024-05-12 16:13:13', '2024-05-12 16:13:13'),
(636, 'ec2625bf-612c-4f5a-a68b-081c946820a3', 1, 5, 1, 1, 0, 2, '2024-05-12 16:13:13', '2024-05-12 16:13:13'),
(637, 'ec2625bf-612c-4f5a-a68b-081c946820a3', 1, 6, 1, 0, 0, 1, '2024-05-12 16:13:13', '2024-05-12 16:13:13'),
(638, 'ec2625bf-612c-4f5a-a68b-081c946820a3', 2, 0, 1, 0, 1, 2, '2024-05-12 16:13:13', '2024-05-12 16:13:13'),
(639, 'ec2625bf-612c-4f5a-a68b-081c946820a3', 2, 1, 0, 0, 1, 1, '2024-05-12 16:13:13', '2024-05-12 16:13:13'),
(640, 'ec2625bf-612c-4f5a-a68b-081c946820a3', 2, 2, 1, 0, 0, 1, '2024-05-12 16:13:13', '2024-05-12 16:13:13'),
(641, 'ec2625bf-612c-4f5a-a68b-081c946820a3', 2, 3, 1, 1, 0, 2, '2024-05-12 16:13:13', '2024-05-12 16:13:13'),
(642, 'ec2625bf-612c-4f5a-a68b-081c946820a3', 2, 4, 0, 0, 0, 0, '2024-05-12 16:13:13', '2024-05-12 16:13:13'),
(643, 'ec2625bf-612c-4f5a-a68b-081c946820a3', 2, 5, 0, 1, 1, 2, '2024-05-12 16:13:13', '2024-05-12 16:13:13'),
(644, 'ec2625bf-612c-4f5a-a68b-081c946820a3', 2, 6, 0, 1, 1, 2, '2024-05-12 16:13:13', '2024-05-12 16:13:13'),
(645, 'ec2625bf-612c-4f5a-a68b-081c946820a3', 3, 0, 0, 1, 0, 1, '2024-05-12 16:13:13', '2024-05-12 16:13:13'),
(646, 'ec2625bf-612c-4f5a-a68b-081c946820a3', 3, 1, 1, 0, 0, 1, '2024-05-12 16:13:13', '2024-05-12 16:13:13'),
(647, 'ec2625bf-612c-4f5a-a68b-081c946820a3', 3, 2, 0, 0, 0, 0, '2024-05-12 16:13:13', '2024-05-12 16:13:13'),
(648, 'ec2625bf-612c-4f5a-a68b-081c946820a3', 3, 3, 1, 1, 0, 2, '2024-05-12 16:13:13', '2024-05-12 16:13:13'),
(649, 'ec2625bf-612c-4f5a-a68b-081c946820a3', 3, 4, 0, 0, 0, 0, '2024-05-12 16:13:13', '2024-05-12 16:13:13'),
(650, 'ec2625bf-612c-4f5a-a68b-081c946820a3', 3, 5, 0, 1, 0, 1, '2024-05-12 16:13:13', '2024-05-12 16:13:13'),
(651, 'ec2625bf-612c-4f5a-a68b-081c946820a3', 3, 6, 1, 0, 0, 1, '2024-05-12 16:13:13', '2024-05-12 16:13:13'),
(652, 'ec2625bf-612c-4f5a-a68b-081c946820a3', 4, 0, 0, 0, 0, 0, '2024-05-12 16:13:13', '2024-05-12 16:13:13'),
(653, 'ec2625bf-612c-4f5a-a68b-081c946820a3', 4, 1, 0, 1, 0, 1, '2024-05-12 16:13:13', '2024-05-12 16:13:13'),
(654, 'ec2625bf-612c-4f5a-a68b-081c946820a3', 4, 2, 1, 0, 1, 2, '2024-05-12 16:13:13', '2024-05-12 16:13:13'),
(655, 'ec2625bf-612c-4f5a-a68b-081c946820a3', 4, 3, 0, 0, 0, 0, '2024-05-12 16:13:13', '2024-05-12 16:13:13'),
(656, 'ec2625bf-612c-4f5a-a68b-081c946820a3', 4, 4, 0, 0, 0, 0, '2024-05-12 16:13:13', '2024-05-12 16:13:13'),
(657, 'ec2625bf-612c-4f5a-a68b-081c946820a3', 4, 5, 1, 0, 0, 1, '2024-05-12 16:13:13', '2024-05-12 16:13:13'),
(658, 'ec2625bf-612c-4f5a-a68b-081c946820a3', 4, 6, 1, 0, 1, 2, '2024-05-12 16:13:13', '2024-05-12 16:13:13'),
(659, 'ec2625bf-612c-4f5a-a68b-081c946820a3', 5, 0, 1, 0, 0, 1, '2024-05-12 16:13:13', '2024-05-12 16:13:13'),
(660, 'ec2625bf-612c-4f5a-a68b-081c946820a3', 5, 1, 0, 1, 0, 1, '2024-05-12 16:13:13', '2024-05-12 16:13:13'),
(661, 'ec2625bf-612c-4f5a-a68b-081c946820a3', 5, 2, 1, 0, 1, 2, '2024-05-12 16:13:13', '2024-05-12 16:13:13'),
(662, 'ec2625bf-612c-4f5a-a68b-081c946820a3', 5, 3, 0, 1, 0, 1, '2024-05-12 16:13:13', '2024-05-12 16:13:13'),
(663, 'ec2625bf-612c-4f5a-a68b-081c946820a3', 5, 4, 0, 1, 1, 2, '2024-05-12 16:13:13', '2024-05-12 16:13:13'),
(664, 'ec2625bf-612c-4f5a-a68b-081c946820a3', 5, 5, 1, 0, 0, 1, '2024-05-12 16:13:13', '2024-05-12 16:13:13'),
(665, 'ec2625bf-612c-4f5a-a68b-081c946820a3', 5, 6, 0, 0, 0, 0, '2024-05-12 16:13:13', '2024-05-12 16:13:13'),
(666, 'ec2625bf-612c-4f5a-a68b-081c946820a3', 6, 0, 0, 0, 0, 0, '2024-05-12 16:13:13', '2024-05-12 16:13:13'),
(667, 'ec2625bf-612c-4f5a-a68b-081c946820a3', 6, 1, 1, 1, 1, 3, '2024-05-12 16:13:13', '2024-05-12 16:13:13'),
(668, 'ec2625bf-612c-4f5a-a68b-081c946820a3', 6, 2, 0, 0, 1, 1, '2024-05-12 16:13:13', '2024-05-12 16:13:13'),
(669, 'ec2625bf-612c-4f5a-a68b-081c946820a3', 6, 3, 1, 0, 1, 2, '2024-05-12 16:13:13', '2024-05-12 16:13:13'),
(670, 'ec2625bf-612c-4f5a-a68b-081c946820a3', 6, 4, 1, 0, 0, 1, '2024-05-12 16:13:13', '2024-05-12 16:13:13'),
(671, 'ec2625bf-612c-4f5a-a68b-081c946820a3', 6, 5, 1, 1, 0, 2, '2024-05-12 16:13:13', '2024-05-12 16:13:13'),
(672, 'ec2625bf-612c-4f5a-a68b-081c946820a3', 6, 6, 1, 1, 1, 3, '2024-05-12 16:13:13', '2024-05-12 16:13:13'),
(673, 'ec2625bf-612c-4f5a-a68b-081c946820a3', 7, 0, 0, 1, 0, 1, '2024-05-12 16:13:13', '2024-05-12 16:13:13'),
(674, 'ec2625bf-612c-4f5a-a68b-081c946820a3', 7, 1, 1, 0, 1, 2, '2024-05-12 16:13:13', '2024-05-12 16:13:13'),
(675, 'ec2625bf-612c-4f5a-a68b-081c946820a3', 7, 2, 0, 1, 1, 2, '2024-05-12 16:13:13', '2024-05-12 16:13:13'),
(676, 'ec2625bf-612c-4f5a-a68b-081c946820a3', 7, 3, 1, 1, 1, 3, '2024-05-12 16:13:13', '2024-05-12 16:13:13'),
(677, 'ec2625bf-612c-4f5a-a68b-081c946820a3', 7, 4, 1, 1, 0, 2, '2024-05-12 16:13:13', '2024-05-12 16:13:13'),
(678, 'ec2625bf-612c-4f5a-a68b-081c946820a3', 7, 5, 1, 0, 0, 1, '2024-05-12 16:13:13', '2024-05-12 16:13:13'),
(679, 'ec2625bf-612c-4f5a-a68b-081c946820a3', 7, 6, 1, 1, 0, 2, '2024-05-12 16:13:13', '2024-05-12 16:13:13'),
(680, 'ec2625bf-612c-4f5a-a68b-081c946820a3', 8, 0, 1, 1, 0, 2, '2024-05-12 16:13:13', '2024-05-12 16:13:13'),
(681, 'ec2625bf-612c-4f5a-a68b-081c946820a3', 8, 1, 1, 0, 1, 2, '2024-05-12 16:13:13', '2024-05-12 16:13:13'),
(682, 'ec2625bf-612c-4f5a-a68b-081c946820a3', 8, 2, 1, 1, 0, 2, '2024-05-12 16:13:13', '2024-05-12 16:13:13'),
(683, 'ec2625bf-612c-4f5a-a68b-081c946820a3', 8, 3, 0, 1, 1, 2, '2024-05-12 16:13:13', '2024-05-12 16:13:13'),
(684, 'ec2625bf-612c-4f5a-a68b-081c946820a3', 8, 4, 1, 0, 1, 2, '2024-05-12 16:13:13', '2024-05-12 16:13:13'),
(685, 'ec2625bf-612c-4f5a-a68b-081c946820a3', 8, 5, 1, 1, 0, 2, '2024-05-12 16:13:13', '2024-05-12 16:13:13'),
(686, 'ec2625bf-612c-4f5a-a68b-081c946820a3', 8, 6, 1, 0, 1, 2, '2024-05-12 16:13:13', '2024-05-12 16:13:13'),
(687, 'ec2625bf-612c-4f5a-a68b-081c946820a3', 9, 0, 1, 1, 0, 2, '2024-05-12 16:13:13', '2024-05-12 16:13:13'),
(688, 'ec2625bf-612c-4f5a-a68b-081c946820a3', 9, 1, 0, 0, 1, 1, '2024-05-12 16:13:14', '2024-05-12 16:13:14'),
(689, 'ec2625bf-612c-4f5a-a68b-081c946820a3', 9, 2, 0, 0, 0, 0, '2024-05-12 16:13:14', '2024-05-12 16:13:14'),
(690, 'ec2625bf-612c-4f5a-a68b-081c946820a3', 9, 3, 0, 0, 1, 1, '2024-05-12 16:13:14', '2024-05-12 16:13:14'),
(691, 'ec2625bf-612c-4f5a-a68b-081c946820a3', 9, 4, 0, 1, 0, 1, '2024-05-12 16:13:14', '2024-05-12 16:13:14'),
(692, 'ec2625bf-612c-4f5a-a68b-081c946820a3', 9, 5, 1, 0, 1, 2, '2024-05-12 16:13:14', '2024-05-12 16:13:14'),
(693, 'ec2625bf-612c-4f5a-a68b-081c946820a3', 9, 6, 1, 1, 0, 2, '2024-05-12 16:13:14', '2024-05-12 16:13:14'),
(694, 'ec2625bf-612c-4f5a-a68b-081c946820a3', 10, 0, 0, 0, 0, 0, '2024-05-12 16:13:14', '2024-05-12 16:13:14'),
(695, 'ec2625bf-612c-4f5a-a68b-081c946820a3', 10, 1, 0, 1, 0, 1, '2024-05-12 16:13:14', '2024-05-12 16:13:14'),
(696, 'ec2625bf-612c-4f5a-a68b-081c946820a3', 10, 2, 1, 0, 0, 1, '2024-05-12 16:13:14', '2024-05-12 16:13:14'),
(697, 'ec2625bf-612c-4f5a-a68b-081c946820a3', 10, 3, 1, 0, 1, 2, '2024-05-12 16:13:14', '2024-05-12 16:13:14'),
(698, 'ec2625bf-612c-4f5a-a68b-081c946820a3', 10, 4, 0, 0, 1, 1, '2024-05-12 16:13:14', '2024-05-12 16:13:14'),
(699, 'ec2625bf-612c-4f5a-a68b-081c946820a3', 10, 5, 1, 0, 0, 1, '2024-05-12 16:13:14', '2024-05-12 16:13:14'),
(700, 'ec2625bf-612c-4f5a-a68b-081c946820a3', 10, 6, 1, 1, 1, 3, '2024-05-12 16:13:14', '2024-05-12 16:13:14'),
(701, 'ef6e1ec4-592a-4d6f-a795-e93f2e7acfc6', 1, 0, 0, 1, 0, 1, '2024-05-12 16:13:14', '2024-05-12 16:13:14'),
(702, 'ef6e1ec4-592a-4d6f-a795-e93f2e7acfc6', 1, 1, 1, 1, 0, 2, '2024-05-12 16:13:14', '2024-05-12 16:13:14'),
(703, 'ef6e1ec4-592a-4d6f-a795-e93f2e7acfc6', 1, 2, 1, 0, 0, 1, '2024-05-12 16:13:14', '2024-05-12 16:13:14'),
(704, 'ef6e1ec4-592a-4d6f-a795-e93f2e7acfc6', 1, 3, 0, 0, 0, 0, '2024-05-12 16:13:14', '2024-05-12 16:13:14'),
(705, 'ef6e1ec4-592a-4d6f-a795-e93f2e7acfc6', 1, 4, 0, 0, 1, 1, '2024-05-12 16:13:14', '2024-05-12 16:13:14'),
(706, 'ef6e1ec4-592a-4d6f-a795-e93f2e7acfc6', 1, 5, 1, 1, 0, 2, '2024-05-12 16:13:14', '2024-05-12 16:13:14'),
(707, 'ef6e1ec4-592a-4d6f-a795-e93f2e7acfc6', 1, 6, 1, 1, 0, 2, '2024-05-12 16:13:14', '2024-05-12 16:13:14'),
(708, 'ef6e1ec4-592a-4d6f-a795-e93f2e7acfc6', 2, 0, 0, 0, 0, 0, '2024-05-12 16:13:14', '2024-05-12 16:13:14'),
(709, 'ef6e1ec4-592a-4d6f-a795-e93f2e7acfc6', 2, 1, 1, 1, 1, 3, '2024-05-12 16:13:14', '2024-05-12 16:13:14'),
(710, 'ef6e1ec4-592a-4d6f-a795-e93f2e7acfc6', 2, 2, 1, 0, 1, 2, '2024-05-12 16:13:14', '2024-05-12 16:13:14'),
(711, 'ef6e1ec4-592a-4d6f-a795-e93f2e7acfc6', 2, 3, 0, 0, 1, 1, '2024-05-12 16:13:14', '2024-05-12 16:13:14'),
(712, 'ef6e1ec4-592a-4d6f-a795-e93f2e7acfc6', 2, 4, 1, 0, 0, 1, '2024-05-12 16:13:14', '2024-05-12 16:13:14'),
(713, 'ef6e1ec4-592a-4d6f-a795-e93f2e7acfc6', 2, 5, 1, 0, 0, 1, '2024-05-12 16:13:14', '2024-05-12 16:13:14'),
(714, 'ef6e1ec4-592a-4d6f-a795-e93f2e7acfc6', 2, 6, 0, 0, 1, 1, '2024-05-12 16:13:14', '2024-05-12 16:13:14'),
(715, 'ef6e1ec4-592a-4d6f-a795-e93f2e7acfc6', 3, 0, 1, 0, 0, 1, '2024-05-12 16:13:14', '2024-05-12 16:13:14'),
(716, 'ef6e1ec4-592a-4d6f-a795-e93f2e7acfc6', 3, 1, 1, 1, 1, 3, '2024-05-12 16:13:14', '2024-05-12 16:13:14'),
(717, 'ef6e1ec4-592a-4d6f-a795-e93f2e7acfc6', 3, 2, 0, 1, 0, 1, '2024-05-12 16:13:14', '2024-05-12 16:13:14'),
(718, 'ef6e1ec4-592a-4d6f-a795-e93f2e7acfc6', 3, 3, 1, 0, 0, 1, '2024-05-12 16:13:14', '2024-05-12 16:13:14'),
(719, 'ef6e1ec4-592a-4d6f-a795-e93f2e7acfc6', 3, 4, 0, 1, 1, 2, '2024-05-12 16:13:14', '2024-05-12 16:13:14'),
(720, 'ef6e1ec4-592a-4d6f-a795-e93f2e7acfc6', 3, 5, 1, 0, 0, 1, '2024-05-12 16:13:14', '2024-05-12 16:13:14'),
(721, 'ef6e1ec4-592a-4d6f-a795-e93f2e7acfc6', 3, 6, 0, 0, 0, 0, '2024-05-12 16:13:14', '2024-05-12 16:13:14'),
(722, 'ef6e1ec4-592a-4d6f-a795-e93f2e7acfc6', 4, 0, 1, 1, 1, 3, '2024-05-12 16:13:14', '2024-05-12 16:13:14'),
(723, 'ef6e1ec4-592a-4d6f-a795-e93f2e7acfc6', 4, 1, 0, 1, 0, 1, '2024-05-12 16:13:14', '2024-05-12 16:13:14'),
(724, 'ef6e1ec4-592a-4d6f-a795-e93f2e7acfc6', 4, 2, 0, 1, 1, 2, '2024-05-12 16:13:14', '2024-05-12 16:13:14'),
(725, 'ef6e1ec4-592a-4d6f-a795-e93f2e7acfc6', 4, 3, 0, 1, 1, 2, '2024-05-12 16:13:14', '2024-05-12 16:13:14'),
(726, 'ef6e1ec4-592a-4d6f-a795-e93f2e7acfc6', 4, 4, 0, 0, 0, 0, '2024-05-12 16:13:14', '2024-05-12 16:13:14'),
(727, 'ef6e1ec4-592a-4d6f-a795-e93f2e7acfc6', 4, 5, 0, 0, 1, 1, '2024-05-12 16:13:14', '2024-05-12 16:13:14'),
(728, 'ef6e1ec4-592a-4d6f-a795-e93f2e7acfc6', 4, 6, 0, 1, 0, 1, '2024-05-12 16:13:14', '2024-05-12 16:13:14'),
(729, 'ef6e1ec4-592a-4d6f-a795-e93f2e7acfc6', 5, 0, 0, 1, 1, 2, '2024-05-12 16:13:14', '2024-05-12 16:13:14'),
(730, 'ef6e1ec4-592a-4d6f-a795-e93f2e7acfc6', 5, 1, 0, 0, 0, 0, '2024-05-12 16:13:14', '2024-05-12 16:13:14'),
(731, 'ef6e1ec4-592a-4d6f-a795-e93f2e7acfc6', 5, 2, 1, 1, 0, 2, '2024-05-12 16:13:14', '2024-05-12 16:13:14'),
(732, 'ef6e1ec4-592a-4d6f-a795-e93f2e7acfc6', 5, 3, 1, 1, 0, 2, '2024-05-12 16:13:14', '2024-05-12 16:13:14'),
(733, 'ef6e1ec4-592a-4d6f-a795-e93f2e7acfc6', 5, 4, 1, 0, 1, 2, '2024-05-12 16:13:14', '2024-05-12 16:13:14'),
(734, 'ef6e1ec4-592a-4d6f-a795-e93f2e7acfc6', 5, 5, 0, 0, 0, 0, '2024-05-12 16:13:14', '2024-05-12 16:13:14'),
(735, 'ef6e1ec4-592a-4d6f-a795-e93f2e7acfc6', 5, 6, 1, 1, 0, 2, '2024-05-12 16:13:14', '2024-05-12 16:13:14'),
(736, 'ef6e1ec4-592a-4d6f-a795-e93f2e7acfc6', 6, 0, 0, 0, 0, 0, '2024-05-12 16:13:14', '2024-05-12 16:13:14'),
(737, 'ef6e1ec4-592a-4d6f-a795-e93f2e7acfc6', 6, 1, 0, 0, 0, 0, '2024-05-12 16:13:14', '2024-05-12 16:13:14'),
(738, 'ef6e1ec4-592a-4d6f-a795-e93f2e7acfc6', 6, 2, 0, 1, 0, 1, '2024-05-12 16:13:14', '2024-05-12 16:13:14'),
(739, 'ef6e1ec4-592a-4d6f-a795-e93f2e7acfc6', 6, 3, 1, 1, 1, 3, '2024-05-12 16:13:14', '2024-05-12 16:13:14'),
(740, 'ef6e1ec4-592a-4d6f-a795-e93f2e7acfc6', 6, 4, 0, 0, 1, 1, '2024-05-12 16:13:14', '2024-05-12 16:13:14'),
(741, 'ef6e1ec4-592a-4d6f-a795-e93f2e7acfc6', 6, 5, 0, 1, 1, 2, '2024-05-12 16:13:14', '2024-05-12 16:13:14'),
(742, 'ef6e1ec4-592a-4d6f-a795-e93f2e7acfc6', 6, 6, 1, 0, 1, 2, '2024-05-12 16:13:14', '2024-05-12 16:13:14'),
(743, 'ef6e1ec4-592a-4d6f-a795-e93f2e7acfc6', 7, 0, 0, 0, 0, 0, '2024-05-12 16:13:14', '2024-05-12 16:13:14'),
(744, 'ef6e1ec4-592a-4d6f-a795-e93f2e7acfc6', 7, 1, 1, 0, 1, 2, '2024-05-12 16:13:14', '2024-05-12 16:13:14'),
(745, 'ef6e1ec4-592a-4d6f-a795-e93f2e7acfc6', 7, 2, 1, 1, 0, 2, '2024-05-12 16:13:14', '2024-05-12 16:13:14'),
(746, 'ef6e1ec4-592a-4d6f-a795-e93f2e7acfc6', 7, 3, 1, 1, 0, 2, '2024-05-12 16:13:14', '2024-05-12 16:13:14'),
(747, 'ef6e1ec4-592a-4d6f-a795-e93f2e7acfc6', 7, 4, 0, 1, 1, 2, '2024-05-12 16:13:14', '2024-05-12 16:13:14'),
(748, 'ef6e1ec4-592a-4d6f-a795-e93f2e7acfc6', 7, 5, 0, 0, 0, 0, '2024-05-12 16:13:14', '2024-05-12 16:13:14'),
(749, 'ef6e1ec4-592a-4d6f-a795-e93f2e7acfc6', 7, 6, 1, 1, 0, 2, '2024-05-12 16:13:14', '2024-05-12 16:13:14'),
(750, 'ef6e1ec4-592a-4d6f-a795-e93f2e7acfc6', 8, 0, 1, 0, 0, 1, '2024-05-12 16:13:14', '2024-05-12 16:13:14'),
(751, 'ef6e1ec4-592a-4d6f-a795-e93f2e7acfc6', 8, 1, 0, 0, 0, 0, '2024-05-12 16:13:14', '2024-05-12 16:13:14'),
(752, 'ef6e1ec4-592a-4d6f-a795-e93f2e7acfc6', 8, 2, 1, 1, 0, 2, '2024-05-12 16:13:14', '2024-05-12 16:13:14'),
(753, 'ef6e1ec4-592a-4d6f-a795-e93f2e7acfc6', 8, 3, 0, 1, 1, 2, '2024-05-12 16:13:14', '2024-05-12 16:13:14'),
(754, 'ef6e1ec4-592a-4d6f-a795-e93f2e7acfc6', 8, 4, 1, 0, 0, 1, '2024-05-12 16:13:14', '2024-05-12 16:13:14'),
(755, 'ef6e1ec4-592a-4d6f-a795-e93f2e7acfc6', 8, 5, 0, 0, 0, 0, '2024-05-12 16:13:14', '2024-05-12 16:13:14'),
(756, 'ef6e1ec4-592a-4d6f-a795-e93f2e7acfc6', 8, 6, 1, 0, 1, 2, '2024-05-12 16:13:14', '2024-05-12 16:13:14'),
(757, 'ef6e1ec4-592a-4d6f-a795-e93f2e7acfc6', 9, 0, 0, 0, 0, 0, '2024-05-12 16:13:14', '2024-05-12 16:13:14'),
(758, 'ef6e1ec4-592a-4d6f-a795-e93f2e7acfc6', 9, 1, 1, 0, 1, 2, '2024-05-12 16:13:14', '2024-05-12 16:13:14'),
(759, 'ef6e1ec4-592a-4d6f-a795-e93f2e7acfc6', 9, 2, 1, 0, 1, 2, '2024-05-12 16:13:14', '2024-05-12 16:13:14'),
(760, 'ef6e1ec4-592a-4d6f-a795-e93f2e7acfc6', 9, 3, 1, 0, 0, 1, '2024-05-12 16:13:14', '2024-05-12 16:13:14'),
(761, 'ef6e1ec4-592a-4d6f-a795-e93f2e7acfc6', 9, 4, 1, 0, 0, 1, '2024-05-12 16:13:14', '2024-05-12 16:13:14'),
(762, 'ef6e1ec4-592a-4d6f-a795-e93f2e7acfc6', 9, 5, 1, 0, 0, 1, '2024-05-12 16:13:14', '2024-05-12 16:13:14'),
(763, 'ef6e1ec4-592a-4d6f-a795-e93f2e7acfc6', 9, 6, 0, 1, 0, 1, '2024-05-12 16:13:14', '2024-05-12 16:13:14'),
(764, 'ef6e1ec4-592a-4d6f-a795-e93f2e7acfc6', 10, 0, 0, 1, 1, 2, '2024-05-12 16:13:14', '2024-05-12 16:13:14'),
(765, 'ef6e1ec4-592a-4d6f-a795-e93f2e7acfc6', 10, 1, 0, 0, 1, 1, '2024-05-12 16:13:14', '2024-05-12 16:13:14'),
(766, 'ef6e1ec4-592a-4d6f-a795-e93f2e7acfc6', 10, 2, 1, 0, 1, 2, '2024-05-12 16:13:14', '2024-05-12 16:13:14'),
(767, 'ef6e1ec4-592a-4d6f-a795-e93f2e7acfc6', 10, 3, 0, 1, 0, 1, '2024-05-12 16:13:14', '2024-05-12 16:13:14'),
(768, 'ef6e1ec4-592a-4d6f-a795-e93f2e7acfc6', 10, 4, 1, 1, 1, 3, '2024-05-12 16:13:14', '2024-05-12 16:13:14'),
(769, 'ef6e1ec4-592a-4d6f-a795-e93f2e7acfc6', 10, 5, 0, 1, 1, 2, '2024-05-12 16:13:14', '2024-05-12 16:13:14'),
(770, 'ef6e1ec4-592a-4d6f-a795-e93f2e7acfc6', 10, 6, 0, 0, 1, 1, '2024-05-12 16:13:14', '2024-05-12 16:13:14');

-- --------------------------------------------------------

--
-- Table structure for table `timekeeps`
--

CREATE TABLE `timekeeps` (
  `id` bigint UNSIGNED NOT NULL,
  `calendar_id` bigint UNSIGNED DEFAULT NULL,
  `user_id` char(36) COLLATE utf8mb4_unicode_ci DEFAULT NULL,
  `date` datetime DEFAULT NULL,
  `time_in` time DEFAULT NULL,
  `time_out` time DEFAULT NULL,
  `shift` varchar(255) COLLATE utf8mb4_unicode_ci DEFAULT NULL,
  `created_at` timestamp NULL DEFAULT NULL,
  `updated_at` timestamp NULL DEFAULT NULL
) ENGINE=InnoDB DEFAULT CHARSET=utf8mb4 COLLATE=utf8mb4_unicode_ci;

--
-- Dumping data for table `timekeeps`
--

INSERT INTO `timekeeps` (`id`, `calendar_id`, `user_id`, `date`, `time_in`, `time_out`, `shift`, `created_at`, `updated_at`) VALUES
(1, 1, '0853b6db-db10-48e7-ac45-45f728a3d6e4', '2024-05-06 00:00:00', '06:18:00', '21:52:00', NULL, '2024-05-12 16:13:14', '2024-05-12 16:13:14'),
(2, 1, '0853b6db-db10-48e7-ac45-45f728a3d6e4', '2024-05-07 00:00:00', '06:21:00', '22:42:00', NULL, '2024-05-12 16:13:14', '2024-05-12 16:13:14'),
(3, 1, '0853b6db-db10-48e7-ac45-45f728a3d6e4', '2024-05-08 00:00:00', '06:33:00', '21:01:00', NULL, '2024-05-12 16:13:14', '2024-05-12 16:13:14'),
(4, 1, '0853b6db-db10-48e7-ac45-45f728a3d6e4', '2024-05-09 00:00:00', '06:13:00', '21:11:00', NULL, '2024-05-12 16:13:14', '2024-05-12 16:13:14'),
(5, 1, '0853b6db-db10-48e7-ac45-45f728a3d6e4', '2024-05-10 00:00:00', '07:10:00', '21:43:00', NULL, '2024-05-12 16:13:14', '2024-05-12 16:13:14'),
(6, 1, '0853b6db-db10-48e7-ac45-45f728a3d6e4', '2024-05-11 00:00:00', '07:47:00', '22:51:00', NULL, '2024-05-12 16:13:14', '2024-05-12 16:13:14'),
(7, 1, '0853b6db-db10-48e7-ac45-45f728a3d6e4', '2024-05-12 00:00:00', '06:37:00', '21:24:00', NULL, '2024-05-12 16:13:14', '2024-05-12 16:13:14'),
(8, 2, '0853b6db-db10-48e7-ac45-45f728a3d6e4', '2024-04-29 00:00:00', '07:16:00', '22:01:00', NULL, '2024-05-12 16:13:14', '2024-05-12 16:13:14'),
(9, 2, '0853b6db-db10-48e7-ac45-45f728a3d6e4', '2024-04-30 00:00:00', '06:22:00', '22:58:00', NULL, '2024-05-12 16:13:14', '2024-05-12 16:13:14'),
(10, 2, '0853b6db-db10-48e7-ac45-45f728a3d6e4', '2024-05-01 00:00:00', '07:47:00', '22:38:00', NULL, '2024-05-12 16:13:14', '2024-05-12 16:13:14'),
(11, 2, '0853b6db-db10-48e7-ac45-45f728a3d6e4', '2024-05-02 00:00:00', '00:00:00', '00:00:00', NULL, '2024-05-12 16:13:14', '2024-05-12 16:13:14'),
(12, 2, '0853b6db-db10-48e7-ac45-45f728a3d6e4', '2024-05-03 00:00:00', '06:42:00', '22:58:00', NULL, '2024-05-12 16:13:14', '2024-05-12 16:13:14'),
(13, 2, '0853b6db-db10-48e7-ac45-45f728a3d6e4', '2024-05-04 00:00:00', '06:59:00', '22:52:00', NULL, '2024-05-12 16:13:14', '2024-05-12 16:13:14'),
(14, 2, '0853b6db-db10-48e7-ac45-45f728a3d6e4', '2024-05-05 00:00:00', '06:07:00', '22:38:00', NULL, '2024-05-12 16:13:14', '2024-05-12 16:13:14'),
(15, 3, '0853b6db-db10-48e7-ac45-45f728a3d6e4', '2024-04-22 00:00:00', '06:40:00', '21:37:00', NULL, '2024-05-12 16:13:14', '2024-05-12 16:13:14'),
(16, 3, '0853b6db-db10-48e7-ac45-45f728a3d6e4', '2024-04-23 00:00:00', '07:19:00', '21:07:00', NULL, '2024-05-12 16:13:14', '2024-05-12 16:13:14'),
(17, 3, '0853b6db-db10-48e7-ac45-45f728a3d6e4', '2024-04-24 00:00:00', '06:50:00', '21:56:00', NULL, '2024-05-12 16:13:14', '2024-05-12 16:13:14'),
(18, 3, '0853b6db-db10-48e7-ac45-45f728a3d6e4', '2024-04-25 00:00:00', '06:06:00', '22:56:00', NULL, '2024-05-12 16:13:14', '2024-05-12 16:13:14'),
(19, 3, '0853b6db-db10-48e7-ac45-45f728a3d6e4', '2024-04-26 00:00:00', '07:44:00', '21:29:00', NULL, '2024-05-12 16:13:14', '2024-05-12 16:13:14'),
(20, 3, '0853b6db-db10-48e7-ac45-45f728a3d6e4', '2024-04-27 00:00:00', '07:37:00', '22:23:00', NULL, '2024-05-12 16:13:14', '2024-05-12 16:13:14'),
(21, 3, '0853b6db-db10-48e7-ac45-45f728a3d6e4', '2024-04-28 00:00:00', '07:51:00', '22:51:00', NULL, '2024-05-12 16:13:14', '2024-05-12 16:13:14'),
(22, 4, '0853b6db-db10-48e7-ac45-45f728a3d6e4', '2024-04-15 00:00:00', '07:11:00', '22:28:00', NULL, '2024-05-12 16:13:14', '2024-05-12 16:13:14'),
(23, 4, '0853b6db-db10-48e7-ac45-45f728a3d6e4', '2024-04-16 00:00:00', '07:12:00', '22:04:00', NULL, '2024-05-12 16:13:14', '2024-05-12 16:13:14'),
(24, 4, '0853b6db-db10-48e7-ac45-45f728a3d6e4', '2024-04-17 00:00:00', '06:25:00', '22:30:00', NULL, '2024-05-12 16:13:14', '2024-05-12 16:13:14'),
(25, 4, '0853b6db-db10-48e7-ac45-45f728a3d6e4', '2024-04-18 00:00:00', '07:51:00', '21:44:00', NULL, '2024-05-12 16:13:14', '2024-05-12 16:13:14'),
(26, 4, '0853b6db-db10-48e7-ac45-45f728a3d6e4', '2024-04-19 00:00:00', '07:15:00', '21:03:00', NULL, '2024-05-12 16:13:14', '2024-05-12 16:13:14'),
(27, 4, '0853b6db-db10-48e7-ac45-45f728a3d6e4', '2024-04-20 00:00:00', '07:23:00', '21:31:00', NULL, '2024-05-12 16:13:14', '2024-05-12 16:13:14'),
(28, 4, '0853b6db-db10-48e7-ac45-45f728a3d6e4', '2024-04-21 00:00:00', '06:52:00', '22:42:00', NULL, '2024-05-12 16:13:14', '2024-05-12 16:13:14'),
(29, 5, '0853b6db-db10-48e7-ac45-45f728a3d6e4', '2024-04-08 00:00:00', '00:00:00', '00:00:00', NULL, '2024-05-12 16:13:14', '2024-05-12 16:13:14'),
(30, 5, '0853b6db-db10-48e7-ac45-45f728a3d6e4', '2024-04-09 00:00:00', '06:08:00', '22:48:00', NULL, '2024-05-12 16:13:14', '2024-05-12 16:13:14'),
(31, 5, '0853b6db-db10-48e7-ac45-45f728a3d6e4', '2024-04-10 00:00:00', '00:00:00', '00:00:00', NULL, '2024-05-12 16:13:14', '2024-05-12 16:13:14'),
(32, 5, '0853b6db-db10-48e7-ac45-45f728a3d6e4', '2024-04-11 00:00:00', '07:19:00', '22:57:00', NULL, '2024-05-12 16:13:14', '2024-05-12 16:13:14'),
(33, 5, '0853b6db-db10-48e7-ac45-45f728a3d6e4', '2024-04-12 00:00:00', '06:59:00', '21:38:00', NULL, '2024-05-12 16:13:14', '2024-05-12 16:13:14'),
(34, 5, '0853b6db-db10-48e7-ac45-45f728a3d6e4', '2024-04-13 00:00:00', '07:35:00', '22:46:00', NULL, '2024-05-12 16:13:14', '2024-05-12 16:13:14'),
(35, 5, '0853b6db-db10-48e7-ac45-45f728a3d6e4', '2024-04-14 00:00:00', '07:49:00', '22:51:00', NULL, '2024-05-12 16:13:14', '2024-05-12 16:13:14'),
(36, 6, '0853b6db-db10-48e7-ac45-45f728a3d6e4', '2024-04-08 00:00:00', '07:28:00', '21:12:00', NULL, '2024-05-12 16:13:14', '2024-05-12 16:13:14'),
(37, 6, '0853b6db-db10-48e7-ac45-45f728a3d6e4', '2024-04-09 00:00:00', '07:15:00', '22:13:00', NULL, '2024-05-12 16:13:14', '2024-05-12 16:13:14'),
(38, 6, '0853b6db-db10-48e7-ac45-45f728a3d6e4', '2024-04-10 00:00:00', '07:24:00', '22:30:00', NULL, '2024-05-12 16:13:14', '2024-05-12 16:13:14'),
(39, 6, '0853b6db-db10-48e7-ac45-45f728a3d6e4', '2024-04-11 00:00:00', '06:05:00', '22:55:00', NULL, '2024-05-12 16:13:14', '2024-05-12 16:13:14'),
(40, 6, '0853b6db-db10-48e7-ac45-45f728a3d6e4', '2024-04-12 00:00:00', '07:17:00', '22:48:00', NULL, '2024-05-12 16:13:14', '2024-05-12 16:13:14'),
(41, 6, '0853b6db-db10-48e7-ac45-45f728a3d6e4', '2024-04-13 00:00:00', '06:48:00', '22:39:00', NULL, '2024-05-12 16:13:14', '2024-05-12 16:13:14'),
(42, 6, '0853b6db-db10-48e7-ac45-45f728a3d6e4', '2024-04-14 00:00:00', '06:03:00', '21:26:00', NULL, '2024-05-12 16:13:14', '2024-05-12 16:13:14'),
(43, 7, '0853b6db-db10-48e7-ac45-45f728a3d6e4', '2024-04-01 00:00:00', '06:35:00', '22:27:00', NULL, '2024-05-12 16:13:14', '2024-05-12 16:13:14'),
(44, 7, '0853b6db-db10-48e7-ac45-45f728a3d6e4', '2024-04-02 00:00:00', '06:24:00', '22:49:00', NULL, '2024-05-12 16:13:14', '2024-05-12 16:13:14'),
(45, 7, '0853b6db-db10-48e7-ac45-45f728a3d6e4', '2024-04-03 00:00:00', '06:10:00', '22:44:00', NULL, '2024-05-12 16:13:14', '2024-05-12 16:13:14'),
(46, 7, '0853b6db-db10-48e7-ac45-45f728a3d6e4', '2024-04-04 00:00:00', '06:10:00', '22:36:00', NULL, '2024-05-12 16:13:14', '2024-05-12 16:13:14'),
(47, 7, '0853b6db-db10-48e7-ac45-45f728a3d6e4', '2024-04-05 00:00:00', '06:01:00', '22:29:00', NULL, '2024-05-12 16:13:14', '2024-05-12 16:13:14'),
(48, 7, '0853b6db-db10-48e7-ac45-45f728a3d6e4', '2024-04-06 00:00:00', '06:00:00', '21:19:00', NULL, '2024-05-12 16:13:14', '2024-05-12 16:13:14'),
(49, 7, '0853b6db-db10-48e7-ac45-45f728a3d6e4', '2024-04-07 00:00:00', '06:09:00', '21:42:00', NULL, '2024-05-12 16:13:14', '2024-05-12 16:13:14'),
(50, 8, '0853b6db-db10-48e7-ac45-45f728a3d6e4', '2024-03-25 00:00:00', '06:37:00', '22:13:00', NULL, '2024-05-12 16:13:14', '2024-05-12 16:13:14'),
(51, 8, '0853b6db-db10-48e7-ac45-45f728a3d6e4', '2024-03-26 00:00:00', '07:19:00', '21:01:00', NULL, '2024-05-12 16:13:14', '2024-05-12 16:13:14'),
(52, 8, '0853b6db-db10-48e7-ac45-45f728a3d6e4', '2024-03-27 00:00:00', '07:07:00', '21:01:00', NULL, '2024-05-12 16:13:14', '2024-05-12 16:13:14'),
(53, 8, '0853b6db-db10-48e7-ac45-45f728a3d6e4', '2024-03-28 00:00:00', '00:00:00', '00:00:00', NULL, '2024-05-12 16:13:14', '2024-05-12 16:13:14'),
(54, 8, '0853b6db-db10-48e7-ac45-45f728a3d6e4', '2024-03-29 00:00:00', '06:13:00', '22:04:00', NULL, '2024-05-12 16:13:14', '2024-05-12 16:13:14'),
(55, 8, '0853b6db-db10-48e7-ac45-45f728a3d6e4', '2024-03-30 00:00:00', '06:47:00', '22:52:00', NULL, '2024-05-12 16:13:14', '2024-05-12 16:13:14'),
(56, 8, '0853b6db-db10-48e7-ac45-45f728a3d6e4', '2024-03-31 00:00:00', '07:58:00', '21:52:00', NULL, '2024-05-12 16:13:14', '2024-05-12 16:13:14'),
(57, 9, '0853b6db-db10-48e7-ac45-45f728a3d6e4', '2024-04-08 00:00:00', '06:01:00', '22:33:00', NULL, '2024-05-12 16:13:14', '2024-05-12 16:13:14'),
(58, 9, '0853b6db-db10-48e7-ac45-45f728a3d6e4', '2024-04-09 00:00:00', '07:59:00', '22:48:00', NULL, '2024-05-12 16:13:14', '2024-05-12 16:13:14'),
(59, 9, '0853b6db-db10-48e7-ac45-45f728a3d6e4', '2024-04-10 00:00:00', '06:07:00', '22:26:00', NULL, '2024-05-12 16:13:14', '2024-05-12 16:13:14'),
(60, 9, '0853b6db-db10-48e7-ac45-45f728a3d6e4', '2024-04-11 00:00:00', '06:58:00', '21:40:00', NULL, '2024-05-12 16:13:14', '2024-05-12 16:13:14'),
(61, 9, '0853b6db-db10-48e7-ac45-45f728a3d6e4', '2024-04-12 00:00:00', '07:04:00', '21:26:00', NULL, '2024-05-12 16:13:14', '2024-05-12 16:13:14'),
(62, 9, '0853b6db-db10-48e7-ac45-45f728a3d6e4', '2024-04-13 00:00:00', '06:00:00', '22:30:00', NULL, '2024-05-12 16:13:14', '2024-05-12 16:13:14'),
(63, 9, '0853b6db-db10-48e7-ac45-45f728a3d6e4', '2024-04-14 00:00:00', '00:00:00', '00:00:00', NULL, '2024-05-12 16:13:14', '2024-05-12 16:13:14'),
(64, 10, '0853b6db-db10-48e7-ac45-45f728a3d6e4', '2024-03-18 00:00:00', '00:00:00', '00:00:00', NULL, '2024-05-12 16:13:14', '2024-05-12 16:13:14'),
(65, 10, '0853b6db-db10-48e7-ac45-45f728a3d6e4', '2024-03-19 00:00:00', '07:10:00', '21:55:00', NULL, '2024-05-12 16:13:14', '2024-05-12 16:13:14'),
(66, 10, '0853b6db-db10-48e7-ac45-45f728a3d6e4', '2024-03-20 00:00:00', '00:00:00', '00:00:00', NULL, '2024-05-12 16:13:14', '2024-05-12 16:13:14'),
(67, 10, '0853b6db-db10-48e7-ac45-45f728a3d6e4', '2024-03-21 00:00:00', '06:09:00', '21:58:00', NULL, '2024-05-12 16:13:14', '2024-05-12 16:13:14'),
(68, 10, '0853b6db-db10-48e7-ac45-45f728a3d6e4', '2024-03-22 00:00:00', '06:12:00', '21:02:00', NULL, '2024-05-12 16:13:14', '2024-05-12 16:13:14'),
(69, 10, '0853b6db-db10-48e7-ac45-45f728a3d6e4', '2024-03-23 00:00:00', '06:32:00', '22:30:00', NULL, '2024-05-12 16:13:14', '2024-05-12 16:13:14'),
(70, 10, '0853b6db-db10-48e7-ac45-45f728a3d6e4', '2024-03-24 00:00:00', '00:00:00', '00:00:00', NULL, '2024-05-12 16:13:14', '2024-05-12 16:13:14'),
(71, 1, '233d626d-de50-4244-8dd1-6d598f6f9360', '2024-05-06 00:00:00', '07:47:00', '21:34:00', NULL, '2024-05-12 16:13:14', '2024-05-12 16:13:14'),
(72, 1, '233d626d-de50-4244-8dd1-6d598f6f9360', '2024-05-07 00:00:00', '06:06:00', '22:34:00', NULL, '2024-05-12 16:13:14', '2024-05-12 16:13:14'),
(73, 1, '233d626d-de50-4244-8dd1-6d598f6f9360', '2024-05-08 00:00:00', '06:34:00', '22:25:00', NULL, '2024-05-12 16:13:14', '2024-05-12 16:13:14'),
(74, 1, '233d626d-de50-4244-8dd1-6d598f6f9360', '2024-05-09 00:00:00', '00:00:00', '00:00:00', NULL, '2024-05-12 16:13:14', '2024-05-12 16:13:14'),
(75, 1, '233d626d-de50-4244-8dd1-6d598f6f9360', '2024-05-10 00:00:00', '06:20:00', '22:47:00', NULL, '2024-05-12 16:13:14', '2024-05-12 16:13:14'),
(76, 1, '233d626d-de50-4244-8dd1-6d598f6f9360', '2024-05-11 00:00:00', '06:45:00', '21:35:00', NULL, '2024-05-12 16:13:14', '2024-05-12 16:13:14'),
(77, 1, '233d626d-de50-4244-8dd1-6d598f6f9360', '2024-05-12 00:00:00', '06:16:00', '22:22:00', NULL, '2024-05-12 16:13:14', '2024-05-12 16:13:14'),
(78, 2, '233d626d-de50-4244-8dd1-6d598f6f9360', '2024-04-29 00:00:00', '07:40:00', '21:20:00', NULL, '2024-05-12 16:13:14', '2024-05-12 16:13:14'),
(79, 2, '233d626d-de50-4244-8dd1-6d598f6f9360', '2024-04-30 00:00:00', '07:36:00', '21:51:00', NULL, '2024-05-12 16:13:14', '2024-05-12 16:13:14'),
(80, 2, '233d626d-de50-4244-8dd1-6d598f6f9360', '2024-05-01 00:00:00', '06:38:00', '21:48:00', NULL, '2024-05-12 16:13:14', '2024-05-12 16:13:14'),
(81, 2, '233d626d-de50-4244-8dd1-6d598f6f9360', '2024-05-02 00:00:00', '06:56:00', '22:53:00', NULL, '2024-05-12 16:13:14', '2024-05-12 16:13:14'),
(82, 2, '233d626d-de50-4244-8dd1-6d598f6f9360', '2024-05-03 00:00:00', '06:34:00', '21:26:00', NULL, '2024-05-12 16:13:14', '2024-05-12 16:13:14'),
(83, 2, '233d626d-de50-4244-8dd1-6d598f6f9360', '2024-05-04 00:00:00', '07:20:00', '22:42:00', NULL, '2024-05-12 16:13:14', '2024-05-12 16:13:14'),
(84, 2, '233d626d-de50-4244-8dd1-6d598f6f9360', '2024-05-05 00:00:00', '00:00:00', '00:00:00', NULL, '2024-05-12 16:13:14', '2024-05-12 16:13:14'),
(85, 3, '233d626d-de50-4244-8dd1-6d598f6f9360', '2024-04-22 00:00:00', '06:29:00', '21:01:00', NULL, '2024-05-12 16:13:14', '2024-05-12 16:13:14'),
(86, 3, '233d626d-de50-4244-8dd1-6d598f6f9360', '2024-04-23 00:00:00', '06:17:00', '22:56:00', NULL, '2024-05-12 16:13:14', '2024-05-12 16:13:14'),
(87, 3, '233d626d-de50-4244-8dd1-6d598f6f9360', '2024-04-24 00:00:00', '07:00:00', '22:00:00', NULL, '2024-05-12 16:13:14', '2024-05-12 16:13:14'),
(88, 3, '233d626d-de50-4244-8dd1-6d598f6f9360', '2024-04-25 00:00:00', '07:46:00', '21:32:00', NULL, '2024-05-12 16:13:14', '2024-05-12 16:13:14'),
(89, 3, '233d626d-de50-4244-8dd1-6d598f6f9360', '2024-04-26 00:00:00', '06:32:00', '21:33:00', NULL, '2024-05-12 16:13:14', '2024-05-12 16:13:14'),
(90, 3, '233d626d-de50-4244-8dd1-6d598f6f9360', '2024-04-27 00:00:00', '07:03:00', '22:00:00', NULL, '2024-05-12 16:13:14', '2024-05-12 16:13:14'),
(91, 3, '233d626d-de50-4244-8dd1-6d598f6f9360', '2024-04-28 00:00:00', '06:18:00', '22:35:00', NULL, '2024-05-12 16:13:14', '2024-05-12 16:13:14'),
(92, 4, '233d626d-de50-4244-8dd1-6d598f6f9360', '2024-04-15 00:00:00', '06:12:00', '21:10:00', NULL, '2024-05-12 16:13:14', '2024-05-12 16:13:14'),
(93, 4, '233d626d-de50-4244-8dd1-6d598f6f9360', '2024-04-16 00:00:00', '06:08:00', '22:25:00', NULL, '2024-05-12 16:13:14', '2024-05-12 16:13:14'),
(94, 4, '233d626d-de50-4244-8dd1-6d598f6f9360', '2024-04-17 00:00:00', '07:56:00', '22:18:00', NULL, '2024-05-12 16:13:14', '2024-05-12 16:13:14'),
(95, 4, '233d626d-de50-4244-8dd1-6d598f6f9360', '2024-04-18 00:00:00', '06:04:00', '22:00:00', NULL, '2024-05-12 16:13:14', '2024-05-12 16:13:14'),
(96, 4, '233d626d-de50-4244-8dd1-6d598f6f9360', '2024-04-19 00:00:00', '07:47:00', '21:07:00', NULL, '2024-05-12 16:13:14', '2024-05-12 16:13:14'),
(97, 4, '233d626d-de50-4244-8dd1-6d598f6f9360', '2024-04-20 00:00:00', '07:01:00', '21:20:00', NULL, '2024-05-12 16:13:14', '2024-05-12 16:13:14'),
(98, 4, '233d626d-de50-4244-8dd1-6d598f6f9360', '2024-04-21 00:00:00', '07:10:00', '21:11:00', NULL, '2024-05-12 16:13:14', '2024-05-12 16:13:14'),
(99, 5, '233d626d-de50-4244-8dd1-6d598f6f9360', '2024-04-08 00:00:00', '07:16:00', '22:39:00', NULL, '2024-05-12 16:13:14', '2024-05-12 16:13:14'),
(100, 5, '233d626d-de50-4244-8dd1-6d598f6f9360', '2024-04-09 00:00:00', '07:18:00', '21:20:00', NULL, '2024-05-12 16:13:14', '2024-05-12 16:13:14'),
(101, 5, '233d626d-de50-4244-8dd1-6d598f6f9360', '2024-04-10 00:00:00', '07:17:00', '21:23:00', NULL, '2024-05-12 16:13:14', '2024-05-12 16:13:14'),
(102, 5, '233d626d-de50-4244-8dd1-6d598f6f9360', '2024-04-11 00:00:00', '07:31:00', '22:46:00', NULL, '2024-05-12 16:13:14', '2024-05-12 16:13:14'),
(103, 5, '233d626d-de50-4244-8dd1-6d598f6f9360', '2024-04-12 00:00:00', '07:21:00', '22:46:00', NULL, '2024-05-12 16:13:14', '2024-05-12 16:13:14'),
(104, 5, '233d626d-de50-4244-8dd1-6d598f6f9360', '2024-04-13 00:00:00', '06:10:00', '22:35:00', NULL, '2024-05-12 16:13:14', '2024-05-12 16:13:14'),
(105, 5, '233d626d-de50-4244-8dd1-6d598f6f9360', '2024-04-14 00:00:00', '07:08:00', '21:49:00', NULL, '2024-05-12 16:13:14', '2024-05-12 16:13:14'),
(106, 6, '233d626d-de50-4244-8dd1-6d598f6f9360', '2024-04-08 00:00:00', '00:00:00', '00:00:00', NULL, '2024-05-12 16:13:14', '2024-05-12 16:13:14'),
(107, 6, '233d626d-de50-4244-8dd1-6d598f6f9360', '2024-04-09 00:00:00', '06:11:00', '22:01:00', NULL, '2024-05-12 16:13:14', '2024-05-12 16:13:14'),
(108, 6, '233d626d-de50-4244-8dd1-6d598f6f9360', '2024-04-10 00:00:00', '06:41:00', '22:27:00', NULL, '2024-05-12 16:13:14', '2024-05-12 16:13:14'),
(109, 6, '233d626d-de50-4244-8dd1-6d598f6f9360', '2024-04-11 00:00:00', '00:00:00', '00:00:00', NULL, '2024-05-12 16:13:14', '2024-05-12 16:13:14'),
(110, 6, '233d626d-de50-4244-8dd1-6d598f6f9360', '2024-04-12 00:00:00', '06:12:00', '22:58:00', NULL, '2024-05-12 16:13:14', '2024-05-12 16:13:14'),
(111, 6, '233d626d-de50-4244-8dd1-6d598f6f9360', '2024-04-13 00:00:00', '07:09:00', '22:01:00', NULL, '2024-05-12 16:13:14', '2024-05-12 16:13:14'),
(112, 6, '233d626d-de50-4244-8dd1-6d598f6f9360', '2024-04-14 00:00:00', '06:54:00', '21:42:00', NULL, '2024-05-12 16:13:14', '2024-05-12 16:13:14'),
(113, 7, '233d626d-de50-4244-8dd1-6d598f6f9360', '2024-04-01 00:00:00', '06:48:00', '21:59:00', NULL, '2024-05-12 16:13:14', '2024-05-12 16:13:14'),
(114, 7, '233d626d-de50-4244-8dd1-6d598f6f9360', '2024-04-02 00:00:00', '06:10:00', '21:08:00', NULL, '2024-05-12 16:13:14', '2024-05-12 16:13:14'),
(115, 7, '233d626d-de50-4244-8dd1-6d598f6f9360', '2024-04-03 00:00:00', '06:39:00', '22:32:00', NULL, '2024-05-12 16:13:14', '2024-05-12 16:13:14'),
(116, 7, '233d626d-de50-4244-8dd1-6d598f6f9360', '2024-04-04 00:00:00', '07:12:00', '21:36:00', NULL, '2024-05-12 16:13:14', '2024-05-12 16:13:14'),
(117, 7, '233d626d-de50-4244-8dd1-6d598f6f9360', '2024-04-05 00:00:00', '06:33:00', '22:44:00', NULL, '2024-05-12 16:13:14', '2024-05-12 16:13:14'),
(118, 7, '233d626d-de50-4244-8dd1-6d598f6f9360', '2024-04-06 00:00:00', '07:06:00', '22:30:00', NULL, '2024-05-12 16:13:15', '2024-05-12 16:13:15'),
(119, 7, '233d626d-de50-4244-8dd1-6d598f6f9360', '2024-04-07 00:00:00', '00:00:00', '00:00:00', NULL, '2024-05-12 16:13:15', '2024-05-12 16:13:15'),
(120, 8, '233d626d-de50-4244-8dd1-6d598f6f9360', '2024-03-25 00:00:00', '06:51:00', '21:43:00', NULL, '2024-05-12 16:13:15', '2024-05-12 16:13:15'),
(121, 8, '233d626d-de50-4244-8dd1-6d598f6f9360', '2024-03-26 00:00:00', '06:19:00', '21:21:00', NULL, '2024-05-12 16:13:15', '2024-05-12 16:13:15'),
(122, 8, '233d626d-de50-4244-8dd1-6d598f6f9360', '2024-03-27 00:00:00', '06:54:00', '21:21:00', NULL, '2024-05-12 16:13:15', '2024-05-12 16:13:15'),
(123, 8, '233d626d-de50-4244-8dd1-6d598f6f9360', '2024-03-28 00:00:00', '07:22:00', '21:52:00', NULL, '2024-05-12 16:13:15', '2024-05-12 16:13:15'),
(124, 8, '233d626d-de50-4244-8dd1-6d598f6f9360', '2024-03-29 00:00:00', '07:45:00', '21:12:00', NULL, '2024-05-12 16:13:15', '2024-05-12 16:13:15'),
(125, 8, '233d626d-de50-4244-8dd1-6d598f6f9360', '2024-03-30 00:00:00', '06:40:00', '22:36:00', NULL, '2024-05-12 16:13:15', '2024-05-12 16:13:15'),
(126, 8, '233d626d-de50-4244-8dd1-6d598f6f9360', '2024-03-31 00:00:00', '07:56:00', '21:25:00', NULL, '2024-05-12 16:13:15', '2024-05-12 16:13:15'),
(127, 9, '233d626d-de50-4244-8dd1-6d598f6f9360', '2024-04-08 00:00:00', '06:26:00', '21:57:00', NULL, '2024-05-12 16:13:15', '2024-05-12 16:13:15'),
(128, 9, '233d626d-de50-4244-8dd1-6d598f6f9360', '2024-04-09 00:00:00', '07:54:00', '21:43:00', NULL, '2024-05-12 16:13:15', '2024-05-12 16:13:15'),
(129, 9, '233d626d-de50-4244-8dd1-6d598f6f9360', '2024-04-10 00:00:00', '06:22:00', '22:30:00', NULL, '2024-05-12 16:13:15', '2024-05-12 16:13:15'),
(130, 9, '233d626d-de50-4244-8dd1-6d598f6f9360', '2024-04-11 00:00:00', '07:36:00', '22:23:00', NULL, '2024-05-12 16:13:15', '2024-05-12 16:13:15'),
(131, 9, '233d626d-de50-4244-8dd1-6d598f6f9360', '2024-04-12 00:00:00', '06:25:00', '21:42:00', NULL, '2024-05-12 16:13:15', '2024-05-12 16:13:15'),
(132, 9, '233d626d-de50-4244-8dd1-6d598f6f9360', '2024-04-13 00:00:00', '00:00:00', '00:00:00', NULL, '2024-05-12 16:13:15', '2024-05-12 16:13:15'),
(133, 9, '233d626d-de50-4244-8dd1-6d598f6f9360', '2024-04-14 00:00:00', '07:15:00', '21:58:00', NULL, '2024-05-12 16:13:15', '2024-05-12 16:13:15'),
(134, 10, '233d626d-de50-4244-8dd1-6d598f6f9360', '2024-03-18 00:00:00', '00:00:00', '00:00:00', NULL, '2024-05-12 16:13:15', '2024-05-12 16:13:15'),
(135, 10, '233d626d-de50-4244-8dd1-6d598f6f9360', '2024-03-19 00:00:00', '07:37:00', '22:03:00', NULL, '2024-05-12 16:13:15', '2024-05-12 16:13:15'),
(136, 10, '233d626d-de50-4244-8dd1-6d598f6f9360', '2024-03-20 00:00:00', '06:37:00', '21:16:00', NULL, '2024-05-12 16:13:15', '2024-05-12 16:13:15'),
(137, 10, '233d626d-de50-4244-8dd1-6d598f6f9360', '2024-03-21 00:00:00', '06:39:00', '22:49:00', NULL, '2024-05-12 16:13:15', '2024-05-12 16:13:15'),
(138, 10, '233d626d-de50-4244-8dd1-6d598f6f9360', '2024-03-22 00:00:00', '07:49:00', '21:33:00', NULL, '2024-05-12 16:13:15', '2024-05-12 16:13:15'),
(139, 10, '233d626d-de50-4244-8dd1-6d598f6f9360', '2024-03-23 00:00:00', '06:40:00', '22:42:00', NULL, '2024-05-12 16:13:15', '2024-05-12 16:13:15'),
(140, 10, '233d626d-de50-4244-8dd1-6d598f6f9360', '2024-03-24 00:00:00', '06:59:00', '22:57:00', NULL, '2024-05-12 16:13:15', '2024-05-12 16:13:15'),
(141, 1, '3fe8dad9-94db-40e9-86e8-be95c868f550', '2024-05-06 00:00:00', '07:38:00', '21:00:00', NULL, '2024-05-12 16:13:15', '2024-05-12 16:13:15'),
(142, 1, '3fe8dad9-94db-40e9-86e8-be95c868f550', '2024-05-07 00:00:00', '06:26:00', '21:45:00', NULL, '2024-05-12 16:13:15', '2024-05-12 16:13:15'),
(143, 1, '3fe8dad9-94db-40e9-86e8-be95c868f550', '2024-05-08 00:00:00', '06:10:00', '21:14:00', NULL, '2024-05-12 16:13:15', '2024-05-12 16:13:15'),
(144, 1, '3fe8dad9-94db-40e9-86e8-be95c868f550', '2024-05-09 00:00:00', '00:00:00', '00:00:00', NULL, '2024-05-12 16:13:15', '2024-05-12 16:13:15'),
(145, 1, '3fe8dad9-94db-40e9-86e8-be95c868f550', '2024-05-10 00:00:00', '06:35:00', '21:43:00', NULL, '2024-05-12 16:13:15', '2024-05-12 16:13:15'),
(146, 1, '3fe8dad9-94db-40e9-86e8-be95c868f550', '2024-05-11 00:00:00', '07:27:00', '21:49:00', NULL, '2024-05-12 16:13:15', '2024-05-12 16:13:15'),
(147, 1, '3fe8dad9-94db-40e9-86e8-be95c868f550', '2024-05-12 00:00:00', '07:05:00', '22:24:00', NULL, '2024-05-12 16:13:15', '2024-05-12 16:13:15'),
(148, 2, '3fe8dad9-94db-40e9-86e8-be95c868f550', '2024-04-29 00:00:00', '06:02:00', '21:43:00', NULL, '2024-05-12 16:13:15', '2024-05-12 16:13:15'),
(149, 2, '3fe8dad9-94db-40e9-86e8-be95c868f550', '2024-04-30 00:00:00', '06:02:00', '21:56:00', NULL, '2024-05-12 16:13:15', '2024-05-12 16:13:15'),
(150, 2, '3fe8dad9-94db-40e9-86e8-be95c868f550', '2024-05-01 00:00:00', '06:01:00', '22:07:00', NULL, '2024-05-12 16:13:15', '2024-05-12 16:13:15'),
(151, 2, '3fe8dad9-94db-40e9-86e8-be95c868f550', '2024-05-02 00:00:00', '07:47:00', '21:06:00', NULL, '2024-05-12 16:13:15', '2024-05-12 16:13:15'),
(152, 2, '3fe8dad9-94db-40e9-86e8-be95c868f550', '2024-05-03 00:00:00', '07:10:00', '21:06:00', NULL, '2024-05-12 16:13:15', '2024-05-12 16:13:15'),
(153, 2, '3fe8dad9-94db-40e9-86e8-be95c868f550', '2024-05-04 00:00:00', '06:28:00', '22:47:00', NULL, '2024-05-12 16:13:15', '2024-05-12 16:13:15'),
(154, 2, '3fe8dad9-94db-40e9-86e8-be95c868f550', '2024-05-05 00:00:00', '06:14:00', '21:43:00', NULL, '2024-05-12 16:13:15', '2024-05-12 16:13:15'),
(155, 3, '3fe8dad9-94db-40e9-86e8-be95c868f550', '2024-04-22 00:00:00', '06:38:00', '22:36:00', NULL, '2024-05-12 16:13:15', '2024-05-12 16:13:15'),
(156, 3, '3fe8dad9-94db-40e9-86e8-be95c868f550', '2024-04-23 00:00:00', '00:00:00', '00:00:00', NULL, '2024-05-12 16:13:15', '2024-05-12 16:13:15'),
(157, 3, '3fe8dad9-94db-40e9-86e8-be95c868f550', '2024-04-24 00:00:00', '06:30:00', '22:50:00', NULL, '2024-05-12 16:13:15', '2024-05-12 16:13:15'),
(158, 3, '3fe8dad9-94db-40e9-86e8-be95c868f550', '2024-04-25 00:00:00', '07:00:00', '21:07:00', NULL, '2024-05-12 16:13:15', '2024-05-12 16:13:15'),
(159, 3, '3fe8dad9-94db-40e9-86e8-be95c868f550', '2024-04-26 00:00:00', '06:06:00', '21:44:00', NULL, '2024-05-12 16:13:15', '2024-05-12 16:13:15'),
(160, 3, '3fe8dad9-94db-40e9-86e8-be95c868f550', '2024-04-27 00:00:00', '06:02:00', '22:10:00', NULL, '2024-05-12 16:13:15', '2024-05-12 16:13:15'),
(161, 3, '3fe8dad9-94db-40e9-86e8-be95c868f550', '2024-04-28 00:00:00', '06:09:00', '21:16:00', NULL, '2024-05-12 16:13:15', '2024-05-12 16:13:15'),
(162, 4, '3fe8dad9-94db-40e9-86e8-be95c868f550', '2024-04-15 00:00:00', '06:37:00', '21:59:00', NULL, '2024-05-12 16:13:15', '2024-05-12 16:13:15'),
(163, 4, '3fe8dad9-94db-40e9-86e8-be95c868f550', '2024-04-16 00:00:00', '00:00:00', '00:00:00', NULL, '2024-05-12 16:13:15', '2024-05-12 16:13:15'),
(164, 4, '3fe8dad9-94db-40e9-86e8-be95c868f550', '2024-04-17 00:00:00', '06:12:00', '21:04:00', NULL, '2024-05-12 16:13:15', '2024-05-12 16:13:15'),
(165, 4, '3fe8dad9-94db-40e9-86e8-be95c868f550', '2024-04-18 00:00:00', '07:24:00', '22:01:00', NULL, '2024-05-12 16:13:15', '2024-05-12 16:13:15'),
(166, 4, '3fe8dad9-94db-40e9-86e8-be95c868f550', '2024-04-19 00:00:00', '06:48:00', '21:00:00', NULL, '2024-05-12 16:13:15', '2024-05-12 16:13:15'),
(167, 4, '3fe8dad9-94db-40e9-86e8-be95c868f550', '2024-04-20 00:00:00', '06:28:00', '21:45:00', NULL, '2024-05-12 16:13:15', '2024-05-12 16:13:15'),
(168, 4, '3fe8dad9-94db-40e9-86e8-be95c868f550', '2024-04-21 00:00:00', '00:00:00', '00:00:00', NULL, '2024-05-12 16:13:15', '2024-05-12 16:13:15'),
(169, 5, '3fe8dad9-94db-40e9-86e8-be95c868f550', '2024-04-08 00:00:00', '07:20:00', '22:45:00', NULL, '2024-05-12 16:13:15', '2024-05-12 16:13:15'),
(170, 5, '3fe8dad9-94db-40e9-86e8-be95c868f550', '2024-04-09 00:00:00', '06:02:00', '21:33:00', NULL, '2024-05-12 16:13:15', '2024-05-12 16:13:15'),
(171, 5, '3fe8dad9-94db-40e9-86e8-be95c868f550', '2024-04-10 00:00:00', '07:23:00', '21:14:00', NULL, '2024-05-12 16:13:15', '2024-05-12 16:13:15'),
(172, 5, '3fe8dad9-94db-40e9-86e8-be95c868f550', '2024-04-11 00:00:00', '07:14:00', '21:35:00', NULL, '2024-05-12 16:13:15', '2024-05-12 16:13:15'),
(173, 5, '3fe8dad9-94db-40e9-86e8-be95c868f550', '2024-04-12 00:00:00', '06:40:00', '22:33:00', NULL, '2024-05-12 16:13:15', '2024-05-12 16:13:15'),
(174, 5, '3fe8dad9-94db-40e9-86e8-be95c868f550', '2024-04-13 00:00:00', '06:14:00', '21:12:00', NULL, '2024-05-12 16:13:15', '2024-05-12 16:13:15'),
(175, 5, '3fe8dad9-94db-40e9-86e8-be95c868f550', '2024-04-14 00:00:00', '06:29:00', '21:30:00', NULL, '2024-05-12 16:13:15', '2024-05-12 16:13:15'),
(176, 6, '3fe8dad9-94db-40e9-86e8-be95c868f550', '2024-04-08 00:00:00', '07:43:00', '21:31:00', NULL, '2024-05-12 16:13:15', '2024-05-12 16:13:15'),
(177, 6, '3fe8dad9-94db-40e9-86e8-be95c868f550', '2024-04-09 00:00:00', '06:58:00', '21:50:00', NULL, '2024-05-12 16:13:15', '2024-05-12 16:13:15'),
(178, 6, '3fe8dad9-94db-40e9-86e8-be95c868f550', '2024-04-10 00:00:00', '07:27:00', '21:46:00', NULL, '2024-05-12 16:13:15', '2024-05-12 16:13:15'),
(179, 6, '3fe8dad9-94db-40e9-86e8-be95c868f550', '2024-04-11 00:00:00', '07:31:00', '22:42:00', NULL, '2024-05-12 16:13:15', '2024-05-12 16:13:15'),
(180, 6, '3fe8dad9-94db-40e9-86e8-be95c868f550', '2024-04-12 00:00:00', '06:41:00', '22:05:00', NULL, '2024-05-12 16:13:15', '2024-05-12 16:13:15'),
(181, 6, '3fe8dad9-94db-40e9-86e8-be95c868f550', '2024-04-13 00:00:00', '07:01:00', '22:17:00', NULL, '2024-05-12 16:13:15', '2024-05-12 16:13:15'),
(182, 6, '3fe8dad9-94db-40e9-86e8-be95c868f550', '2024-04-14 00:00:00', '06:45:00', '22:39:00', NULL, '2024-05-12 16:13:15', '2024-05-12 16:13:15'),
(183, 7, '3fe8dad9-94db-40e9-86e8-be95c868f550', '2024-04-01 00:00:00', '06:08:00', '22:27:00', NULL, '2024-05-12 16:13:15', '2024-05-12 16:13:15'),
(184, 7, '3fe8dad9-94db-40e9-86e8-be95c868f550', '2024-04-02 00:00:00', '06:14:00', '22:55:00', NULL, '2024-05-12 16:13:15', '2024-05-12 16:13:15'),
(185, 7, '3fe8dad9-94db-40e9-86e8-be95c868f550', '2024-04-03 00:00:00', '06:18:00', '22:53:00', NULL, '2024-05-12 16:13:15', '2024-05-12 16:13:15'),
(186, 7, '3fe8dad9-94db-40e9-86e8-be95c868f550', '2024-04-04 00:00:00', '00:00:00', '00:00:00', NULL, '2024-05-12 16:13:15', '2024-05-12 16:13:15'),
(187, 7, '3fe8dad9-94db-40e9-86e8-be95c868f550', '2024-04-05 00:00:00', '06:24:00', '21:48:00', NULL, '2024-05-12 16:13:15', '2024-05-12 16:13:15'),
(188, 7, '3fe8dad9-94db-40e9-86e8-be95c868f550', '2024-04-06 00:00:00', '07:23:00', '23:00:00', NULL, '2024-05-12 16:13:15', '2024-05-12 16:13:15'),
(189, 7, '3fe8dad9-94db-40e9-86e8-be95c868f550', '2024-04-07 00:00:00', '06:13:00', '22:04:00', NULL, '2024-05-12 16:13:15', '2024-05-12 16:13:15'),
(190, 8, '3fe8dad9-94db-40e9-86e8-be95c868f550', '2024-03-25 00:00:00', '06:50:00', '21:00:00', NULL, '2024-05-12 16:13:15', '2024-05-12 16:13:15'),
(191, 8, '3fe8dad9-94db-40e9-86e8-be95c868f550', '2024-03-26 00:00:00', '07:24:00', '21:45:00', NULL, '2024-05-12 16:13:15', '2024-05-12 16:13:15'),
(192, 8, '3fe8dad9-94db-40e9-86e8-be95c868f550', '2024-03-27 00:00:00', '06:35:00', '23:00:00', NULL, '2024-05-12 16:13:15', '2024-05-12 16:13:15'),
(193, 8, '3fe8dad9-94db-40e9-86e8-be95c868f550', '2024-03-28 00:00:00', '07:40:00', '21:50:00', NULL, '2024-05-12 16:13:15', '2024-05-12 16:13:15'),
(194, 8, '3fe8dad9-94db-40e9-86e8-be95c868f550', '2024-03-29 00:00:00', '06:18:00', '21:07:00', NULL, '2024-05-12 16:13:15', '2024-05-12 16:13:15'),
(195, 8, '3fe8dad9-94db-40e9-86e8-be95c868f550', '2024-03-30 00:00:00', '07:04:00', '21:02:00', NULL, '2024-05-12 16:13:15', '2024-05-12 16:13:15'),
(196, 8, '3fe8dad9-94db-40e9-86e8-be95c868f550', '2024-03-31 00:00:00', '06:34:00', '21:30:00', NULL, '2024-05-12 16:13:15', '2024-05-12 16:13:15'),
(197, 9, '3fe8dad9-94db-40e9-86e8-be95c868f550', '2024-04-08 00:00:00', '06:38:00', '22:42:00', NULL, '2024-05-12 16:13:15', '2024-05-12 16:13:15'),
(198, 9, '3fe8dad9-94db-40e9-86e8-be95c868f550', '2024-04-09 00:00:00', '07:23:00', '22:04:00', NULL, '2024-05-12 16:13:15', '2024-05-12 16:13:15'),
(199, 9, '3fe8dad9-94db-40e9-86e8-be95c868f550', '2024-04-10 00:00:00', '07:39:00', '22:47:00', NULL, '2024-05-12 16:13:15', '2024-05-12 16:13:15'),
(200, 9, '3fe8dad9-94db-40e9-86e8-be95c868f550', '2024-04-11 00:00:00', '07:57:00', '21:29:00', NULL, '2024-05-12 16:13:15', '2024-05-12 16:13:15'),
(201, 9, '3fe8dad9-94db-40e9-86e8-be95c868f550', '2024-04-12 00:00:00', '06:16:00', '21:30:00', NULL, '2024-05-12 16:13:15', '2024-05-12 16:13:15'),
(202, 9, '3fe8dad9-94db-40e9-86e8-be95c868f550', '2024-04-13 00:00:00', '07:10:00', '21:30:00', NULL, '2024-05-12 16:13:15', '2024-05-12 16:13:15'),
(203, 9, '3fe8dad9-94db-40e9-86e8-be95c868f550', '2024-04-14 00:00:00', '06:16:00', '21:03:00', NULL, '2024-05-12 16:13:15', '2024-05-12 16:13:15'),
(204, 10, '3fe8dad9-94db-40e9-86e8-be95c868f550', '2024-03-18 00:00:00', '06:31:00', '22:21:00', NULL, '2024-05-12 16:13:15', '2024-05-12 16:13:15'),
(205, 10, '3fe8dad9-94db-40e9-86e8-be95c868f550', '2024-03-19 00:00:00', '06:40:00', '21:20:00', NULL, '2024-05-12 16:13:15', '2024-05-12 16:13:15'),
(206, 10, '3fe8dad9-94db-40e9-86e8-be95c868f550', '2024-03-20 00:00:00', '00:00:00', '00:00:00', NULL, '2024-05-12 16:13:15', '2024-05-12 16:13:15'),
(207, 10, '3fe8dad9-94db-40e9-86e8-be95c868f550', '2024-03-21 00:00:00', '06:08:00', '21:01:00', NULL, '2024-05-12 16:13:15', '2024-05-12 16:13:15'),
(208, 10, '3fe8dad9-94db-40e9-86e8-be95c868f550', '2024-03-22 00:00:00', '06:14:00', '21:36:00', NULL, '2024-05-12 16:13:15', '2024-05-12 16:13:15'),
(209, 10, '3fe8dad9-94db-40e9-86e8-be95c868f550', '2024-03-23 00:00:00', '07:38:00', '21:16:00', NULL, '2024-05-12 16:13:15', '2024-05-12 16:13:15'),
(210, 10, '3fe8dad9-94db-40e9-86e8-be95c868f550', '2024-03-24 00:00:00', '06:14:00', '21:28:00', NULL, '2024-05-12 16:13:15', '2024-05-12 16:13:15'),
(211, 1, '60258b59-f1ec-4873-985c-f5008d33410c', '2024-05-06 00:00:00', '06:08:00', '21:28:00', NULL, '2024-05-12 16:13:15', '2024-05-12 16:13:15'),
(212, 1, '60258b59-f1ec-4873-985c-f5008d33410c', '2024-05-07 00:00:00', '07:10:00', '21:04:00', NULL, '2024-05-12 16:13:15', '2024-05-12 16:13:15'),
(213, 1, '60258b59-f1ec-4873-985c-f5008d33410c', '2024-05-08 00:00:00', '07:24:00', '22:39:00', NULL, '2024-05-12 16:13:15', '2024-05-12 16:13:15'),
(214, 1, '60258b59-f1ec-4873-985c-f5008d33410c', '2024-05-09 00:00:00', '06:14:00', '21:20:00', NULL, '2024-05-12 16:13:15', '2024-05-12 16:13:15'),
(215, 1, '60258b59-f1ec-4873-985c-f5008d33410c', '2024-05-10 00:00:00', '07:20:00', '21:51:00', NULL, '2024-05-12 16:13:15', '2024-05-12 16:13:15'),
(216, 1, '60258b59-f1ec-4873-985c-f5008d33410c', '2024-05-11 00:00:00', '06:48:00', '22:28:00', NULL, '2024-05-12 16:13:15', '2024-05-12 16:13:15'),
(217, 1, '60258b59-f1ec-4873-985c-f5008d33410c', '2024-05-12 00:00:00', '07:33:00', '21:09:00', NULL, '2024-05-12 16:13:15', '2024-05-12 16:13:15'),
(218, 2, '60258b59-f1ec-4873-985c-f5008d33410c', '2024-04-29 00:00:00', '07:39:00', '22:14:00', NULL, '2024-05-12 16:13:15', '2024-05-12 16:13:15'),
(219, 2, '60258b59-f1ec-4873-985c-f5008d33410c', '2024-04-30 00:00:00', '06:30:00', '21:12:00', NULL, '2024-05-12 16:13:15', '2024-05-12 16:13:15'),
(220, 2, '60258b59-f1ec-4873-985c-f5008d33410c', '2024-05-01 00:00:00', '06:00:00', '21:37:00', NULL, '2024-05-12 16:13:15', '2024-05-12 16:13:15'),
(221, 2, '60258b59-f1ec-4873-985c-f5008d33410c', '2024-05-02 00:00:00', '07:22:00', '21:06:00', NULL, '2024-05-12 16:13:15', '2024-05-12 16:13:15'),
(222, 2, '60258b59-f1ec-4873-985c-f5008d33410c', '2024-05-03 00:00:00', '07:54:00', '22:12:00', NULL, '2024-05-12 16:13:15', '2024-05-12 16:13:15'),
(223, 2, '60258b59-f1ec-4873-985c-f5008d33410c', '2024-05-04 00:00:00', '06:29:00', '21:05:00', NULL, '2024-05-12 16:13:15', '2024-05-12 16:13:15'),
(224, 2, '60258b59-f1ec-4873-985c-f5008d33410c', '2024-05-05 00:00:00', '00:00:00', '00:00:00', NULL, '2024-05-12 16:13:15', '2024-05-12 16:13:15'),
(225, 3, '60258b59-f1ec-4873-985c-f5008d33410c', '2024-04-22 00:00:00', '07:40:00', '22:41:00', NULL, '2024-05-12 16:13:15', '2024-05-12 16:13:15'),
(226, 3, '60258b59-f1ec-4873-985c-f5008d33410c', '2024-04-23 00:00:00', '07:49:00', '21:22:00', NULL, '2024-05-12 16:13:15', '2024-05-12 16:13:15'),
(227, 3, '60258b59-f1ec-4873-985c-f5008d33410c', '2024-04-24 00:00:00', '06:57:00', '22:09:00', NULL, '2024-05-12 16:13:15', '2024-05-12 16:13:15'),
(228, 3, '60258b59-f1ec-4873-985c-f5008d33410c', '2024-04-25 00:00:00', '08:00:00', '21:58:00', NULL, '2024-05-12 16:13:15', '2024-05-12 16:13:15'),
(229, 3, '60258b59-f1ec-4873-985c-f5008d33410c', '2024-04-26 00:00:00', '06:14:00', '21:49:00', NULL, '2024-05-12 16:13:15', '2024-05-12 16:13:15'),
(230, 3, '60258b59-f1ec-4873-985c-f5008d33410c', '2024-04-27 00:00:00', '07:53:00', '21:57:00', NULL, '2024-05-12 16:13:15', '2024-05-12 16:13:15'),
(231, 3, '60258b59-f1ec-4873-985c-f5008d33410c', '2024-04-28 00:00:00', '07:29:00', '21:24:00', NULL, '2024-05-12 16:13:15', '2024-05-12 16:13:15'),
(232, 4, '60258b59-f1ec-4873-985c-f5008d33410c', '2024-04-15 00:00:00', '06:27:00', '22:02:00', NULL, '2024-05-12 16:13:15', '2024-05-12 16:13:15'),
(233, 4, '60258b59-f1ec-4873-985c-f5008d33410c', '2024-04-16 00:00:00', '07:56:00', '22:56:00', NULL, '2024-05-12 16:13:15', '2024-05-12 16:13:15'),
(234, 4, '60258b59-f1ec-4873-985c-f5008d33410c', '2024-04-17 00:00:00', '06:04:00', '21:43:00', NULL, '2024-05-12 16:13:15', '2024-05-12 16:13:15'),
(235, 4, '60258b59-f1ec-4873-985c-f5008d33410c', '2024-04-18 00:00:00', '07:22:00', '22:10:00', NULL, '2024-05-12 16:13:15', '2024-05-12 16:13:15'),
(236, 4, '60258b59-f1ec-4873-985c-f5008d33410c', '2024-04-19 00:00:00', '07:02:00', '22:25:00', NULL, '2024-05-12 16:13:15', '2024-05-12 16:13:15'),
(237, 4, '60258b59-f1ec-4873-985c-f5008d33410c', '2024-04-20 00:00:00', '07:51:00', '21:13:00', NULL, '2024-05-12 16:13:15', '2024-05-12 16:13:15'),
(238, 4, '60258b59-f1ec-4873-985c-f5008d33410c', '2024-04-21 00:00:00', '06:52:00', '22:01:00', NULL, '2024-05-12 16:13:15', '2024-05-12 16:13:15'),
(239, 5, '60258b59-f1ec-4873-985c-f5008d33410c', '2024-04-08 00:00:00', '06:51:00', '21:05:00', NULL, '2024-05-12 16:13:15', '2024-05-12 16:13:15'),
(240, 5, '60258b59-f1ec-4873-985c-f5008d33410c', '2024-04-09 00:00:00', '07:47:00', '21:25:00', NULL, '2024-05-12 16:13:15', '2024-05-12 16:13:15'),
(241, 5, '60258b59-f1ec-4873-985c-f5008d33410c', '2024-04-10 00:00:00', '07:39:00', '21:55:00', NULL, '2024-05-12 16:13:15', '2024-05-12 16:13:15'),
(242, 5, '60258b59-f1ec-4873-985c-f5008d33410c', '2024-04-11 00:00:00', '06:34:00', '22:27:00', NULL, '2024-05-12 16:13:15', '2024-05-12 16:13:15'),
(243, 5, '60258b59-f1ec-4873-985c-f5008d33410c', '2024-04-12 00:00:00', '06:33:00', '22:29:00', NULL, '2024-05-12 16:13:15', '2024-05-12 16:13:15'),
(244, 5, '60258b59-f1ec-4873-985c-f5008d33410c', '2024-04-13 00:00:00', '07:20:00', '21:43:00', NULL, '2024-05-12 16:13:15', '2024-05-12 16:13:15'),
(245, 5, '60258b59-f1ec-4873-985c-f5008d33410c', '2024-04-14 00:00:00', '06:45:00', '21:28:00', NULL, '2024-05-12 16:13:15', '2024-05-12 16:13:15'),
(246, 6, '60258b59-f1ec-4873-985c-f5008d33410c', '2024-04-08 00:00:00', '06:10:00', '22:38:00', NULL, '2024-05-12 16:13:15', '2024-05-12 16:13:15'),
(247, 6, '60258b59-f1ec-4873-985c-f5008d33410c', '2024-04-09 00:00:00', '07:47:00', '21:24:00', NULL, '2024-05-12 16:13:15', '2024-05-12 16:13:15'),
(248, 6, '60258b59-f1ec-4873-985c-f5008d33410c', '2024-04-10 00:00:00', '07:33:00', '22:07:00', NULL, '2024-05-12 16:13:15', '2024-05-12 16:13:15'),
(249, 6, '60258b59-f1ec-4873-985c-f5008d33410c', '2024-04-11 00:00:00', '07:35:00', '21:06:00', NULL, '2024-05-12 16:13:15', '2024-05-12 16:13:15'),
(250, 6, '60258b59-f1ec-4873-985c-f5008d33410c', '2024-04-12 00:00:00', '00:00:00', '00:00:00', NULL, '2024-05-12 16:13:15', '2024-05-12 16:13:15'),
(251, 6, '60258b59-f1ec-4873-985c-f5008d33410c', '2024-04-13 00:00:00', '07:41:00', '22:10:00', NULL, '2024-05-12 16:13:15', '2024-05-12 16:13:15'),
(252, 6, '60258b59-f1ec-4873-985c-f5008d33410c', '2024-04-14 00:00:00', '07:10:00', '21:32:00', NULL, '2024-05-12 16:13:15', '2024-05-12 16:13:15'),
(253, 7, '60258b59-f1ec-4873-985c-f5008d33410c', '2024-04-01 00:00:00', '07:05:00', '21:54:00', NULL, '2024-05-12 16:13:15', '2024-05-12 16:13:15'),
(254, 7, '60258b59-f1ec-4873-985c-f5008d33410c', '2024-04-02 00:00:00', '06:39:00', '22:56:00', NULL, '2024-05-12 16:13:15', '2024-05-12 16:13:15'),
(255, 7, '60258b59-f1ec-4873-985c-f5008d33410c', '2024-04-03 00:00:00', '07:05:00', '21:37:00', NULL, '2024-05-12 16:13:15', '2024-05-12 16:13:15'),
(256, 7, '60258b59-f1ec-4873-985c-f5008d33410c', '2024-04-04 00:00:00', '07:20:00', '22:34:00', NULL, '2024-05-12 16:13:15', '2024-05-12 16:13:15'),
(257, 7, '60258b59-f1ec-4873-985c-f5008d33410c', '2024-04-05 00:00:00', '07:49:00', '22:51:00', NULL, '2024-05-12 16:13:15', '2024-05-12 16:13:15'),
(258, 7, '60258b59-f1ec-4873-985c-f5008d33410c', '2024-04-06 00:00:00', '07:20:00', '21:58:00', NULL, '2024-05-12 16:13:15', '2024-05-12 16:13:15'),
(259, 7, '60258b59-f1ec-4873-985c-f5008d33410c', '2024-04-07 00:00:00', '00:00:00', '00:00:00', NULL, '2024-05-12 16:13:15', '2024-05-12 16:13:15'),
(260, 8, '60258b59-f1ec-4873-985c-f5008d33410c', '2024-03-25 00:00:00', '07:58:00', '22:46:00', NULL, '2024-05-12 16:13:15', '2024-05-12 16:13:15'),
(261, 8, '60258b59-f1ec-4873-985c-f5008d33410c', '2024-03-26 00:00:00', '06:23:00', '21:49:00', NULL, '2024-05-12 16:13:15', '2024-05-12 16:13:15'),
(262, 8, '60258b59-f1ec-4873-985c-f5008d33410c', '2024-03-27 00:00:00', '07:00:00', '22:02:00', NULL, '2024-05-12 16:13:15', '2024-05-12 16:13:15'),
(263, 8, '60258b59-f1ec-4873-985c-f5008d33410c', '2024-03-28 00:00:00', '06:53:00', '21:28:00', NULL, '2024-05-12 16:13:15', '2024-05-12 16:13:15'),
(264, 8, '60258b59-f1ec-4873-985c-f5008d33410c', '2024-03-29 00:00:00', '07:58:00', '22:17:00', NULL, '2024-05-12 16:13:15', '2024-05-12 16:13:15'),
(265, 8, '60258b59-f1ec-4873-985c-f5008d33410c', '2024-03-30 00:00:00', '07:54:00', '22:34:00', NULL, '2024-05-12 16:13:15', '2024-05-12 16:13:15'),
(266, 8, '60258b59-f1ec-4873-985c-f5008d33410c', '2024-03-31 00:00:00', '06:55:00', '21:46:00', NULL, '2024-05-12 16:13:15', '2024-05-12 16:13:15'),
(267, 9, '60258b59-f1ec-4873-985c-f5008d33410c', '2024-04-08 00:00:00', '06:45:00', '21:49:00', NULL, '2024-05-12 16:13:15', '2024-05-12 16:13:15'),
(268, 9, '60258b59-f1ec-4873-985c-f5008d33410c', '2024-04-09 00:00:00', '07:46:00', '21:40:00', NULL, '2024-05-12 16:13:15', '2024-05-12 16:13:15'),
(269, 9, '60258b59-f1ec-4873-985c-f5008d33410c', '2024-04-10 00:00:00', '07:00:00', '21:16:00', NULL, '2024-05-12 16:13:15', '2024-05-12 16:13:15'),
(270, 9, '60258b59-f1ec-4873-985c-f5008d33410c', '2024-04-11 00:00:00', '06:44:00', '22:16:00', NULL, '2024-05-12 16:13:15', '2024-05-12 16:13:15'),
(271, 9, '60258b59-f1ec-4873-985c-f5008d33410c', '2024-04-12 00:00:00', '06:36:00', '22:10:00', NULL, '2024-05-12 16:13:15', '2024-05-12 16:13:15'),
(272, 9, '60258b59-f1ec-4873-985c-f5008d33410c', '2024-04-13 00:00:00', '07:50:00', '22:13:00', NULL, '2024-05-12 16:13:15', '2024-05-12 16:13:15'),
(273, 9, '60258b59-f1ec-4873-985c-f5008d33410c', '2024-04-14 00:00:00', '06:04:00', '22:47:00', NULL, '2024-05-12 16:13:15', '2024-05-12 16:13:15'),
(274, 10, '60258b59-f1ec-4873-985c-f5008d33410c', '2024-03-18 00:00:00', '00:00:00', '00:00:00', NULL, '2024-05-12 16:13:15', '2024-05-12 16:13:15'),
(275, 10, '60258b59-f1ec-4873-985c-f5008d33410c', '2024-03-19 00:00:00', '07:37:00', '22:23:00', NULL, '2024-05-12 16:13:15', '2024-05-12 16:13:15'),
(276, 10, '60258b59-f1ec-4873-985c-f5008d33410c', '2024-03-20 00:00:00', '06:23:00', '22:15:00', NULL, '2024-05-12 16:13:15', '2024-05-12 16:13:15'),
(277, 10, '60258b59-f1ec-4873-985c-f5008d33410c', '2024-03-21 00:00:00', '06:44:00', '22:58:00', NULL, '2024-05-12 16:13:15', '2024-05-12 16:13:15'),
(278, 10, '60258b59-f1ec-4873-985c-f5008d33410c', '2024-03-22 00:00:00', '06:52:00', '21:41:00', NULL, '2024-05-12 16:13:15', '2024-05-12 16:13:15'),
(279, 10, '60258b59-f1ec-4873-985c-f5008d33410c', '2024-03-23 00:00:00', '07:03:00', '21:25:00', NULL, '2024-05-12 16:13:15', '2024-05-12 16:13:15'),
(280, 10, '60258b59-f1ec-4873-985c-f5008d33410c', '2024-03-24 00:00:00', '07:40:00', '22:02:00', NULL, '2024-05-12 16:13:15', '2024-05-12 16:13:15'),
(281, 1, '8af006cf-b93d-4f6a-aad3-385e94fc0fd2', '2024-05-06 00:00:00', '00:00:00', '00:00:00', NULL, '2024-05-12 16:13:15', '2024-05-12 16:13:15'),
(282, 1, '8af006cf-b93d-4f6a-aad3-385e94fc0fd2', '2024-05-07 00:00:00', '07:45:00', '21:46:00', NULL, '2024-05-12 16:13:15', '2024-05-12 16:13:15'),
(283, 1, '8af006cf-b93d-4f6a-aad3-385e94fc0fd2', '2024-05-08 00:00:00', '06:35:00', '22:14:00', NULL, '2024-05-12 16:13:15', '2024-05-12 16:13:15'),
(284, 1, '8af006cf-b93d-4f6a-aad3-385e94fc0fd2', '2024-05-09 00:00:00', '06:42:00', '21:43:00', NULL, '2024-05-12 16:13:15', '2024-05-12 16:13:15'),
(285, 1, '8af006cf-b93d-4f6a-aad3-385e94fc0fd2', '2024-05-10 00:00:00', '06:46:00', '21:00:00', NULL, '2024-05-12 16:13:15', '2024-05-12 16:13:15'),
(286, 1, '8af006cf-b93d-4f6a-aad3-385e94fc0fd2', '2024-05-11 00:00:00', '07:37:00', '21:05:00', NULL, '2024-05-12 16:13:15', '2024-05-12 16:13:15'),
(287, 1, '8af006cf-b93d-4f6a-aad3-385e94fc0fd2', '2024-05-12 00:00:00', '00:00:00', '00:00:00', NULL, '2024-05-12 16:13:15', '2024-05-12 16:13:15'),
(288, 2, '8af006cf-b93d-4f6a-aad3-385e94fc0fd2', '2024-04-29 00:00:00', '07:47:00', '22:45:00', NULL, '2024-05-12 16:13:15', '2024-05-12 16:13:15'),
(289, 2, '8af006cf-b93d-4f6a-aad3-385e94fc0fd2', '2024-04-30 00:00:00', '06:55:00', '22:24:00', NULL, '2024-05-12 16:13:15', '2024-05-12 16:13:15'),
(290, 2, '8af006cf-b93d-4f6a-aad3-385e94fc0fd2', '2024-05-01 00:00:00', '07:13:00', '21:09:00', NULL, '2024-05-12 16:13:15', '2024-05-12 16:13:15'),
(291, 2, '8af006cf-b93d-4f6a-aad3-385e94fc0fd2', '2024-05-02 00:00:00', '06:20:00', '21:55:00', NULL, '2024-05-12 16:13:15', '2024-05-12 16:13:15'),
(292, 2, '8af006cf-b93d-4f6a-aad3-385e94fc0fd2', '2024-05-03 00:00:00', '06:02:00', '21:37:00', NULL, '2024-05-12 16:13:15', '2024-05-12 16:13:15'),
(293, 2, '8af006cf-b93d-4f6a-aad3-385e94fc0fd2', '2024-05-04 00:00:00', '07:37:00', '22:14:00', NULL, '2024-05-12 16:13:15', '2024-05-12 16:13:15'),
(294, 2, '8af006cf-b93d-4f6a-aad3-385e94fc0fd2', '2024-05-05 00:00:00', '07:27:00', '21:06:00', NULL, '2024-05-12 16:13:15', '2024-05-12 16:13:15'),
(295, 3, '8af006cf-b93d-4f6a-aad3-385e94fc0fd2', '2024-04-22 00:00:00', '06:47:00', '22:58:00', NULL, '2024-05-12 16:13:15', '2024-05-12 16:13:15'),
(296, 3, '8af006cf-b93d-4f6a-aad3-385e94fc0fd2', '2024-04-23 00:00:00', '06:51:00', '21:00:00', NULL, '2024-05-12 16:13:15', '2024-05-12 16:13:15'),
(297, 3, '8af006cf-b93d-4f6a-aad3-385e94fc0fd2', '2024-04-24 00:00:00', '06:27:00', '22:34:00', NULL, '2024-05-12 16:13:15', '2024-05-12 16:13:15'),
(298, 3, '8af006cf-b93d-4f6a-aad3-385e94fc0fd2', '2024-04-25 00:00:00', '06:02:00', '21:25:00', NULL, '2024-05-12 16:13:15', '2024-05-12 16:13:15'),
(299, 3, '8af006cf-b93d-4f6a-aad3-385e94fc0fd2', '2024-04-26 00:00:00', '07:37:00', '22:16:00', NULL, '2024-05-12 16:13:15', '2024-05-12 16:13:15'),
(300, 3, '8af006cf-b93d-4f6a-aad3-385e94fc0fd2', '2024-04-27 00:00:00', '06:39:00', '22:12:00', NULL, '2024-05-12 16:13:15', '2024-05-12 16:13:15'),
(301, 3, '8af006cf-b93d-4f6a-aad3-385e94fc0fd2', '2024-04-28 00:00:00', '07:59:00', '21:05:00', NULL, '2024-05-12 16:13:15', '2024-05-12 16:13:15'),
(302, 4, '8af006cf-b93d-4f6a-aad3-385e94fc0fd2', '2024-04-15 00:00:00', '07:31:00', '22:44:00', NULL, '2024-05-12 16:13:15', '2024-05-12 16:13:15'),
(303, 4, '8af006cf-b93d-4f6a-aad3-385e94fc0fd2', '2024-04-16 00:00:00', '06:32:00', '21:54:00', NULL, '2024-05-12 16:13:15', '2024-05-12 16:13:15'),
(304, 4, '8af006cf-b93d-4f6a-aad3-385e94fc0fd2', '2024-04-17 00:00:00', '07:42:00', '22:24:00', NULL, '2024-05-12 16:13:15', '2024-05-12 16:13:15'),
(305, 4, '8af006cf-b93d-4f6a-aad3-385e94fc0fd2', '2024-04-18 00:00:00', '00:00:00', '00:00:00', NULL, '2024-05-12 16:13:15', '2024-05-12 16:13:15'),
(306, 4, '8af006cf-b93d-4f6a-aad3-385e94fc0fd2', '2024-04-19 00:00:00', '07:16:00', '21:27:00', NULL, '2024-05-12 16:13:15', '2024-05-12 16:13:15'),
(307, 4, '8af006cf-b93d-4f6a-aad3-385e94fc0fd2', '2024-04-20 00:00:00', '06:38:00', '22:30:00', NULL, '2024-05-12 16:13:16', '2024-05-12 16:13:16'),
(308, 4, '8af006cf-b93d-4f6a-aad3-385e94fc0fd2', '2024-04-21 00:00:00', '06:52:00', '21:23:00', NULL, '2024-05-12 16:13:16', '2024-05-12 16:13:16'),
(309, 5, '8af006cf-b93d-4f6a-aad3-385e94fc0fd2', '2024-04-08 00:00:00', '07:57:00', '21:13:00', NULL, '2024-05-12 16:13:16', '2024-05-12 16:13:16'),
(310, 5, '8af006cf-b93d-4f6a-aad3-385e94fc0fd2', '2024-04-09 00:00:00', '07:52:00', '22:31:00', NULL, '2024-05-12 16:13:16', '2024-05-12 16:13:16'),
(311, 5, '8af006cf-b93d-4f6a-aad3-385e94fc0fd2', '2024-04-10 00:00:00', '06:10:00', '21:22:00', NULL, '2024-05-12 16:13:16', '2024-05-12 16:13:16'),
(312, 5, '8af006cf-b93d-4f6a-aad3-385e94fc0fd2', '2024-04-11 00:00:00', '06:42:00', '22:28:00', NULL, '2024-05-12 16:13:16', '2024-05-12 16:13:16'),
(313, 5, '8af006cf-b93d-4f6a-aad3-385e94fc0fd2', '2024-04-12 00:00:00', '06:41:00', '21:38:00', NULL, '2024-05-12 16:13:16', '2024-05-12 16:13:16'),
(314, 5, '8af006cf-b93d-4f6a-aad3-385e94fc0fd2', '2024-04-13 00:00:00', '07:26:00', '21:55:00', NULL, '2024-05-12 16:13:16', '2024-05-12 16:13:16'),
(315, 5, '8af006cf-b93d-4f6a-aad3-385e94fc0fd2', '2024-04-14 00:00:00', '06:15:00', '22:38:00', NULL, '2024-05-12 16:13:16', '2024-05-12 16:13:16'),
(316, 6, '8af006cf-b93d-4f6a-aad3-385e94fc0fd2', '2024-04-08 00:00:00', '00:00:00', '00:00:00', NULL, '2024-05-12 16:13:16', '2024-05-12 16:13:16'),
(317, 6, '8af006cf-b93d-4f6a-aad3-385e94fc0fd2', '2024-04-09 00:00:00', '06:35:00', '22:57:00', NULL, '2024-05-12 16:13:16', '2024-05-12 16:13:16'),
(318, 6, '8af006cf-b93d-4f6a-aad3-385e94fc0fd2', '2024-04-10 00:00:00', '06:17:00', '21:51:00', NULL, '2024-05-12 16:13:16', '2024-05-12 16:13:16'),
(319, 6, '8af006cf-b93d-4f6a-aad3-385e94fc0fd2', '2024-04-11 00:00:00', '06:03:00', '21:18:00', NULL, '2024-05-12 16:13:16', '2024-05-12 16:13:16'),
(320, 6, '8af006cf-b93d-4f6a-aad3-385e94fc0fd2', '2024-04-12 00:00:00', '00:00:00', '00:00:00', NULL, '2024-05-12 16:13:16', '2024-05-12 16:13:16'),
(321, 6, '8af006cf-b93d-4f6a-aad3-385e94fc0fd2', '2024-04-13 00:00:00', '00:00:00', '00:00:00', NULL, '2024-05-12 16:13:16', '2024-05-12 16:13:16'),
(322, 6, '8af006cf-b93d-4f6a-aad3-385e94fc0fd2', '2024-04-14 00:00:00', '08:00:00', '21:52:00', NULL, '2024-05-12 16:13:16', '2024-05-12 16:13:16'),
(323, 7, '8af006cf-b93d-4f6a-aad3-385e94fc0fd2', '2024-04-01 00:00:00', '06:22:00', '21:26:00', NULL, '2024-05-12 16:13:16', '2024-05-12 16:13:16'),
(324, 7, '8af006cf-b93d-4f6a-aad3-385e94fc0fd2', '2024-04-02 00:00:00', '06:58:00', '22:54:00', NULL, '2024-05-12 16:13:16', '2024-05-12 16:13:16'),
(325, 7, '8af006cf-b93d-4f6a-aad3-385e94fc0fd2', '2024-04-03 00:00:00', '07:14:00', '21:18:00', NULL, '2024-05-12 16:13:16', '2024-05-12 16:13:16'),
(326, 7, '8af006cf-b93d-4f6a-aad3-385e94fc0fd2', '2024-04-04 00:00:00', '07:13:00', '21:16:00', NULL, '2024-05-12 16:13:16', '2024-05-12 16:13:16'),
(327, 7, '8af006cf-b93d-4f6a-aad3-385e94fc0fd2', '2024-04-05 00:00:00', '07:07:00', '22:57:00', NULL, '2024-05-12 16:13:16', '2024-05-12 16:13:16'),
(328, 7, '8af006cf-b93d-4f6a-aad3-385e94fc0fd2', '2024-04-06 00:00:00', '07:48:00', '21:07:00', NULL, '2024-05-12 16:13:16', '2024-05-12 16:13:16'),
(329, 7, '8af006cf-b93d-4f6a-aad3-385e94fc0fd2', '2024-04-07 00:00:00', '07:41:00', '21:17:00', NULL, '2024-05-12 16:13:16', '2024-05-12 16:13:16'),
(330, 8, '8af006cf-b93d-4f6a-aad3-385e94fc0fd2', '2024-03-25 00:00:00', '07:22:00', '22:32:00', NULL, '2024-05-12 16:13:16', '2024-05-12 16:13:16'),
(331, 8, '8af006cf-b93d-4f6a-aad3-385e94fc0fd2', '2024-03-26 00:00:00', '06:52:00', '22:14:00', NULL, '2024-05-12 16:13:16', '2024-05-12 16:13:16'),
(332, 8, '8af006cf-b93d-4f6a-aad3-385e94fc0fd2', '2024-03-27 00:00:00', '06:18:00', '22:19:00', NULL, '2024-05-12 16:13:16', '2024-05-12 16:13:16'),
(333, 8, '8af006cf-b93d-4f6a-aad3-385e94fc0fd2', '2024-03-28 00:00:00', '07:41:00', '21:15:00', NULL, '2024-05-12 16:13:16', '2024-05-12 16:13:16'),
(334, 8, '8af006cf-b93d-4f6a-aad3-385e94fc0fd2', '2024-03-29 00:00:00', '06:23:00', '21:40:00', NULL, '2024-05-12 16:13:16', '2024-05-12 16:13:16'),
(335, 8, '8af006cf-b93d-4f6a-aad3-385e94fc0fd2', '2024-03-30 00:00:00', '07:15:00', '21:58:00', NULL, '2024-05-12 16:13:16', '2024-05-12 16:13:16'),
(336, 8, '8af006cf-b93d-4f6a-aad3-385e94fc0fd2', '2024-03-31 00:00:00', '06:03:00', '21:13:00', NULL, '2024-05-12 16:13:16', '2024-05-12 16:13:16'),
(337, 9, '8af006cf-b93d-4f6a-aad3-385e94fc0fd2', '2024-04-08 00:00:00', '07:12:00', '21:56:00', NULL, '2024-05-12 16:13:16', '2024-05-12 16:13:16'),
(338, 9, '8af006cf-b93d-4f6a-aad3-385e94fc0fd2', '2024-04-09 00:00:00', '07:29:00', '22:20:00', NULL, '2024-05-12 16:13:16', '2024-05-12 16:13:16'),
(339, 9, '8af006cf-b93d-4f6a-aad3-385e94fc0fd2', '2024-04-10 00:00:00', '06:05:00', '21:58:00', NULL, '2024-05-12 16:13:16', '2024-05-12 16:13:16');
INSERT INTO `timekeeps` (`id`, `calendar_id`, `user_id`, `date`, `time_in`, `time_out`, `shift`, `created_at`, `updated_at`) VALUES
(340, 9, '8af006cf-b93d-4f6a-aad3-385e94fc0fd2', '2024-04-11 00:00:00', '00:00:00', '00:00:00', NULL, '2024-05-12 16:13:16', '2024-05-12 16:13:16'),
(341, 9, '8af006cf-b93d-4f6a-aad3-385e94fc0fd2', '2024-04-12 00:00:00', '06:47:00', '21:40:00', NULL, '2024-05-12 16:13:16', '2024-05-12 16:13:16'),
(342, 9, '8af006cf-b93d-4f6a-aad3-385e94fc0fd2', '2024-04-13 00:00:00', '07:08:00', '21:15:00', NULL, '2024-05-12 16:13:16', '2024-05-12 16:13:16'),
(343, 9, '8af006cf-b93d-4f6a-aad3-385e94fc0fd2', '2024-04-14 00:00:00', '07:52:00', '21:09:00', NULL, '2024-05-12 16:13:16', '2024-05-12 16:13:16'),
(344, 10, '8af006cf-b93d-4f6a-aad3-385e94fc0fd2', '2024-03-18 00:00:00', '00:00:00', '00:00:00', NULL, '2024-05-12 16:13:16', '2024-05-12 16:13:16'),
(345, 10, '8af006cf-b93d-4f6a-aad3-385e94fc0fd2', '2024-03-19 00:00:00', '07:28:00', '22:17:00', NULL, '2024-05-12 16:13:16', '2024-05-12 16:13:16'),
(346, 10, '8af006cf-b93d-4f6a-aad3-385e94fc0fd2', '2024-03-20 00:00:00', '06:49:00', '21:01:00', NULL, '2024-05-12 16:13:16', '2024-05-12 16:13:16'),
(347, 10, '8af006cf-b93d-4f6a-aad3-385e94fc0fd2', '2024-03-21 00:00:00', '00:00:00', '00:00:00', NULL, '2024-05-12 16:13:16', '2024-05-12 16:13:16'),
(348, 10, '8af006cf-b93d-4f6a-aad3-385e94fc0fd2', '2024-03-22 00:00:00', '07:27:00', '22:01:00', NULL, '2024-05-12 16:13:16', '2024-05-12 16:13:16'),
(349, 10, '8af006cf-b93d-4f6a-aad3-385e94fc0fd2', '2024-03-23 00:00:00', '07:41:00', '22:44:00', NULL, '2024-05-12 16:13:16', '2024-05-12 16:13:16'),
(350, 10, '8af006cf-b93d-4f6a-aad3-385e94fc0fd2', '2024-03-24 00:00:00', '07:33:00', '22:22:00', NULL, '2024-05-12 16:13:16', '2024-05-12 16:13:16'),
(351, 1, '92e13d3c-4da1-4458-acb9-1ebd68c02cf0', '2024-05-06 00:00:00', '06:43:00', '22:26:00', NULL, '2024-05-12 16:13:16', '2024-05-12 16:13:16'),
(352, 1, '92e13d3c-4da1-4458-acb9-1ebd68c02cf0', '2024-05-07 00:00:00', '07:36:00', '21:59:00', NULL, '2024-05-12 16:13:16', '2024-05-12 16:13:16'),
(353, 1, '92e13d3c-4da1-4458-acb9-1ebd68c02cf0', '2024-05-08 00:00:00', '06:16:00', '21:56:00', NULL, '2024-05-12 16:13:16', '2024-05-12 16:13:16'),
(354, 1, '92e13d3c-4da1-4458-acb9-1ebd68c02cf0', '2024-05-09 00:00:00', '07:46:00', '22:45:00', NULL, '2024-05-12 16:13:16', '2024-05-12 16:13:16'),
(355, 1, '92e13d3c-4da1-4458-acb9-1ebd68c02cf0', '2024-05-10 00:00:00', '06:06:00', '22:52:00', NULL, '2024-05-12 16:13:16', '2024-05-12 16:13:16'),
(356, 1, '92e13d3c-4da1-4458-acb9-1ebd68c02cf0', '2024-05-11 00:00:00', '06:04:00', '22:35:00', NULL, '2024-05-12 16:13:16', '2024-05-12 16:13:16'),
(357, 1, '92e13d3c-4da1-4458-acb9-1ebd68c02cf0', '2024-05-12 00:00:00', '06:01:00', '22:25:00', NULL, '2024-05-12 16:13:16', '2024-05-12 16:13:16'),
(358, 2, '92e13d3c-4da1-4458-acb9-1ebd68c02cf0', '2024-04-29 00:00:00', '06:33:00', '22:19:00', NULL, '2024-05-12 16:13:16', '2024-05-12 16:13:16'),
(359, 2, '92e13d3c-4da1-4458-acb9-1ebd68c02cf0', '2024-04-30 00:00:00', '06:37:00', '22:10:00', NULL, '2024-05-12 16:13:16', '2024-05-12 16:13:16'),
(360, 2, '92e13d3c-4da1-4458-acb9-1ebd68c02cf0', '2024-05-01 00:00:00', '07:02:00', '22:12:00', NULL, '2024-05-12 16:13:16', '2024-05-12 16:13:16'),
(361, 2, '92e13d3c-4da1-4458-acb9-1ebd68c02cf0', '2024-05-02 00:00:00', '00:00:00', '00:00:00', NULL, '2024-05-12 16:13:16', '2024-05-12 16:13:16'),
(362, 2, '92e13d3c-4da1-4458-acb9-1ebd68c02cf0', '2024-05-03 00:00:00', '07:45:00', '21:25:00', NULL, '2024-05-12 16:13:16', '2024-05-12 16:13:16'),
(363, 2, '92e13d3c-4da1-4458-acb9-1ebd68c02cf0', '2024-05-04 00:00:00', '06:30:00', '22:35:00', NULL, '2024-05-12 16:13:16', '2024-05-12 16:13:16'),
(364, 2, '92e13d3c-4da1-4458-acb9-1ebd68c02cf0', '2024-05-05 00:00:00', '07:08:00', '21:39:00', NULL, '2024-05-12 16:13:16', '2024-05-12 16:13:16'),
(365, 3, '92e13d3c-4da1-4458-acb9-1ebd68c02cf0', '2024-04-22 00:00:00', '07:23:00', '21:49:00', NULL, '2024-05-12 16:13:16', '2024-05-12 16:13:16'),
(366, 3, '92e13d3c-4da1-4458-acb9-1ebd68c02cf0', '2024-04-23 00:00:00', '07:40:00', '22:37:00', NULL, '2024-05-12 16:13:16', '2024-05-12 16:13:16'),
(367, 3, '92e13d3c-4da1-4458-acb9-1ebd68c02cf0', '2024-04-24 00:00:00', '07:22:00', '22:41:00', NULL, '2024-05-12 16:13:16', '2024-05-12 16:13:16'),
(368, 3, '92e13d3c-4da1-4458-acb9-1ebd68c02cf0', '2024-04-25 00:00:00', '07:55:00', '21:59:00', NULL, '2024-05-12 16:13:16', '2024-05-12 16:13:16'),
(369, 3, '92e13d3c-4da1-4458-acb9-1ebd68c02cf0', '2024-04-26 00:00:00', '00:00:00', '00:00:00', NULL, '2024-05-12 16:13:16', '2024-05-12 16:13:16'),
(370, 3, '92e13d3c-4da1-4458-acb9-1ebd68c02cf0', '2024-04-27 00:00:00', '06:38:00', '22:00:00', NULL, '2024-05-12 16:13:16', '2024-05-12 16:13:16'),
(371, 3, '92e13d3c-4da1-4458-acb9-1ebd68c02cf0', '2024-04-28 00:00:00', '07:36:00', '21:40:00', NULL, '2024-05-12 16:13:16', '2024-05-12 16:13:16'),
(372, 4, '92e13d3c-4da1-4458-acb9-1ebd68c02cf0', '2024-04-15 00:00:00', '07:24:00', '21:17:00', NULL, '2024-05-12 16:13:16', '2024-05-12 16:13:16'),
(373, 4, '92e13d3c-4da1-4458-acb9-1ebd68c02cf0', '2024-04-16 00:00:00', '06:47:00', '21:58:00', NULL, '2024-05-12 16:13:16', '2024-05-12 16:13:16'),
(374, 4, '92e13d3c-4da1-4458-acb9-1ebd68c02cf0', '2024-04-17 00:00:00', '06:44:00', '21:39:00', NULL, '2024-05-12 16:13:16', '2024-05-12 16:13:16'),
(375, 4, '92e13d3c-4da1-4458-acb9-1ebd68c02cf0', '2024-04-18 00:00:00', '07:41:00', '22:15:00', NULL, '2024-05-12 16:13:16', '2024-05-12 16:13:16'),
(376, 4, '92e13d3c-4da1-4458-acb9-1ebd68c02cf0', '2024-04-19 00:00:00', '07:04:00', '22:40:00', NULL, '2024-05-12 16:13:16', '2024-05-12 16:13:16'),
(377, 4, '92e13d3c-4da1-4458-acb9-1ebd68c02cf0', '2024-04-20 00:00:00', '06:53:00', '22:50:00', NULL, '2024-05-12 16:13:16', '2024-05-12 16:13:16'),
(378, 4, '92e13d3c-4da1-4458-acb9-1ebd68c02cf0', '2024-04-21 00:00:00', '06:35:00', '22:09:00', NULL, '2024-05-12 16:13:16', '2024-05-12 16:13:16'),
(379, 5, '92e13d3c-4da1-4458-acb9-1ebd68c02cf0', '2024-04-08 00:00:00', '06:35:00', '22:05:00', NULL, '2024-05-12 16:13:16', '2024-05-12 16:13:16'),
(380, 5, '92e13d3c-4da1-4458-acb9-1ebd68c02cf0', '2024-04-09 00:00:00', '00:00:00', '00:00:00', NULL, '2024-05-12 16:13:16', '2024-05-12 16:13:16'),
(381, 5, '92e13d3c-4da1-4458-acb9-1ebd68c02cf0', '2024-04-10 00:00:00', '06:24:00', '21:01:00', NULL, '2024-05-12 16:13:16', '2024-05-12 16:13:16'),
(382, 5, '92e13d3c-4da1-4458-acb9-1ebd68c02cf0', '2024-04-11 00:00:00', '06:50:00', '21:15:00', NULL, '2024-05-12 16:13:16', '2024-05-12 16:13:16'),
(383, 5, '92e13d3c-4da1-4458-acb9-1ebd68c02cf0', '2024-04-12 00:00:00', '00:00:00', '00:00:00', NULL, '2024-05-12 16:13:16', '2024-05-12 16:13:16'),
(384, 5, '92e13d3c-4da1-4458-acb9-1ebd68c02cf0', '2024-04-13 00:00:00', '06:33:00', '22:52:00', NULL, '2024-05-12 16:13:16', '2024-05-12 16:13:16'),
(385, 5, '92e13d3c-4da1-4458-acb9-1ebd68c02cf0', '2024-04-14 00:00:00', '07:34:00', '22:06:00', NULL, '2024-05-12 16:13:16', '2024-05-12 16:13:16'),
(386, 6, '92e13d3c-4da1-4458-acb9-1ebd68c02cf0', '2024-04-08 00:00:00', '07:26:00', '22:57:00', NULL, '2024-05-12 16:13:16', '2024-05-12 16:13:16'),
(387, 6, '92e13d3c-4da1-4458-acb9-1ebd68c02cf0', '2024-04-09 00:00:00', '07:38:00', '21:32:00', NULL, '2024-05-12 16:13:16', '2024-05-12 16:13:16'),
(388, 6, '92e13d3c-4da1-4458-acb9-1ebd68c02cf0', '2024-04-10 00:00:00', '07:00:00', '22:10:00', NULL, '2024-05-12 16:13:16', '2024-05-12 16:13:16'),
(389, 6, '92e13d3c-4da1-4458-acb9-1ebd68c02cf0', '2024-04-11 00:00:00', '06:54:00', '22:01:00', NULL, '2024-05-12 16:13:16', '2024-05-12 16:13:16'),
(390, 6, '92e13d3c-4da1-4458-acb9-1ebd68c02cf0', '2024-04-12 00:00:00', '06:49:00', '21:34:00', NULL, '2024-05-12 16:13:16', '2024-05-12 16:13:16'),
(391, 6, '92e13d3c-4da1-4458-acb9-1ebd68c02cf0', '2024-04-13 00:00:00', '06:22:00', '22:08:00', NULL, '2024-05-12 16:13:16', '2024-05-12 16:13:16'),
(392, 6, '92e13d3c-4da1-4458-acb9-1ebd68c02cf0', '2024-04-14 00:00:00', '07:23:00', '22:12:00', NULL, '2024-05-12 16:13:16', '2024-05-12 16:13:16'),
(393, 7, '92e13d3c-4da1-4458-acb9-1ebd68c02cf0', '2024-04-01 00:00:00', '07:29:00', '22:26:00', NULL, '2024-05-12 16:13:16', '2024-05-12 16:13:16'),
(394, 7, '92e13d3c-4da1-4458-acb9-1ebd68c02cf0', '2024-04-02 00:00:00', '06:02:00', '21:20:00', NULL, '2024-05-12 16:13:16', '2024-05-12 16:13:16'),
(395, 7, '92e13d3c-4da1-4458-acb9-1ebd68c02cf0', '2024-04-03 00:00:00', '07:00:00', '21:30:00', NULL, '2024-05-12 16:13:16', '2024-05-12 16:13:16'),
(396, 7, '92e13d3c-4da1-4458-acb9-1ebd68c02cf0', '2024-04-04 00:00:00', '06:07:00', '22:15:00', NULL, '2024-05-12 16:13:16', '2024-05-12 16:13:16'),
(397, 7, '92e13d3c-4da1-4458-acb9-1ebd68c02cf0', '2024-04-05 00:00:00', '07:05:00', '21:06:00', NULL, '2024-05-12 16:13:16', '2024-05-12 16:13:16'),
(398, 7, '92e13d3c-4da1-4458-acb9-1ebd68c02cf0', '2024-04-06 00:00:00', '07:51:00', '21:48:00', NULL, '2024-05-12 16:13:16', '2024-05-12 16:13:16'),
(399, 7, '92e13d3c-4da1-4458-acb9-1ebd68c02cf0', '2024-04-07 00:00:00', '07:57:00', '22:39:00', NULL, '2024-05-12 16:13:16', '2024-05-12 16:13:16'),
(400, 8, '92e13d3c-4da1-4458-acb9-1ebd68c02cf0', '2024-03-25 00:00:00', '06:54:00', '21:34:00', NULL, '2024-05-12 16:13:16', '2024-05-12 16:13:16'),
(401, 8, '92e13d3c-4da1-4458-acb9-1ebd68c02cf0', '2024-03-26 00:00:00', '06:05:00', '21:09:00', NULL, '2024-05-12 16:13:16', '2024-05-12 16:13:16'),
(402, 8, '92e13d3c-4da1-4458-acb9-1ebd68c02cf0', '2024-03-27 00:00:00', '08:00:00', '22:36:00', NULL, '2024-05-12 16:13:16', '2024-05-12 16:13:16'),
(403, 8, '92e13d3c-4da1-4458-acb9-1ebd68c02cf0', '2024-03-28 00:00:00', '07:34:00', '22:04:00', NULL, '2024-05-12 16:13:16', '2024-05-12 16:13:16'),
(404, 8, '92e13d3c-4da1-4458-acb9-1ebd68c02cf0', '2024-03-29 00:00:00', '00:00:00', '00:00:00', NULL, '2024-05-12 16:13:16', '2024-05-12 16:13:16'),
(405, 8, '92e13d3c-4da1-4458-acb9-1ebd68c02cf0', '2024-03-30 00:00:00', '06:44:00', '21:27:00', NULL, '2024-05-12 16:13:16', '2024-05-12 16:13:16'),
(406, 8, '92e13d3c-4da1-4458-acb9-1ebd68c02cf0', '2024-03-31 00:00:00', '07:40:00', '22:49:00', NULL, '2024-05-12 16:13:16', '2024-05-12 16:13:16'),
(407, 9, '92e13d3c-4da1-4458-acb9-1ebd68c02cf0', '2024-04-08 00:00:00', '06:09:00', '21:32:00', NULL, '2024-05-12 16:13:16', '2024-05-12 16:13:16'),
(408, 9, '92e13d3c-4da1-4458-acb9-1ebd68c02cf0', '2024-04-09 00:00:00', '00:00:00', '00:00:00', NULL, '2024-05-12 16:13:16', '2024-05-12 16:13:16'),
(409, 9, '92e13d3c-4da1-4458-acb9-1ebd68c02cf0', '2024-04-10 00:00:00', '07:03:00', '22:15:00', NULL, '2024-05-12 16:13:16', '2024-05-12 16:13:16'),
(410, 9, '92e13d3c-4da1-4458-acb9-1ebd68c02cf0', '2024-04-11 00:00:00', '06:35:00', '21:04:00', NULL, '2024-05-12 16:13:16', '2024-05-12 16:13:16'),
(411, 9, '92e13d3c-4da1-4458-acb9-1ebd68c02cf0', '2024-04-12 00:00:00', '06:32:00', '21:22:00', NULL, '2024-05-12 16:13:16', '2024-05-12 16:13:16'),
(412, 9, '92e13d3c-4da1-4458-acb9-1ebd68c02cf0', '2024-04-13 00:00:00', '08:00:00', '22:12:00', NULL, '2024-05-12 16:13:16', '2024-05-12 16:13:16'),
(413, 9, '92e13d3c-4da1-4458-acb9-1ebd68c02cf0', '2024-04-14 00:00:00', '06:18:00', '22:15:00', NULL, '2024-05-12 16:13:16', '2024-05-12 16:13:16'),
(414, 10, '92e13d3c-4da1-4458-acb9-1ebd68c02cf0', '2024-03-18 00:00:00', '06:01:00', '21:32:00', NULL, '2024-05-12 16:13:16', '2024-05-12 16:13:16'),
(415, 10, '92e13d3c-4da1-4458-acb9-1ebd68c02cf0', '2024-03-19 00:00:00', '06:24:00', '22:48:00', NULL, '2024-05-12 16:13:16', '2024-05-12 16:13:16'),
(416, 10, '92e13d3c-4da1-4458-acb9-1ebd68c02cf0', '2024-03-20 00:00:00', '06:02:00', '21:55:00', NULL, '2024-05-12 16:13:16', '2024-05-12 16:13:16'),
(417, 10, '92e13d3c-4da1-4458-acb9-1ebd68c02cf0', '2024-03-21 00:00:00', '07:46:00', '22:20:00', NULL, '2024-05-12 16:13:16', '2024-05-12 16:13:16'),
(418, 10, '92e13d3c-4da1-4458-acb9-1ebd68c02cf0', '2024-03-22 00:00:00', '06:38:00', '21:11:00', NULL, '2024-05-12 16:13:16', '2024-05-12 16:13:16'),
(419, 10, '92e13d3c-4da1-4458-acb9-1ebd68c02cf0', '2024-03-23 00:00:00', '06:15:00', '21:02:00', NULL, '2024-05-12 16:13:16', '2024-05-12 16:13:16'),
(420, 10, '92e13d3c-4da1-4458-acb9-1ebd68c02cf0', '2024-03-24 00:00:00', '07:51:00', '22:08:00', NULL, '2024-05-12 16:13:16', '2024-05-12 16:13:16'),
(421, 1, '9e248025-e7c5-4ff9-a470-c82184671297', '2024-05-06 00:00:00', '06:36:00', '21:53:00', NULL, '2024-05-12 16:13:16', '2024-05-12 16:13:16'),
(422, 1, '9e248025-e7c5-4ff9-a470-c82184671297', '2024-05-07 00:00:00', '07:11:00', '22:03:00', NULL, '2024-05-12 16:13:16', '2024-05-12 16:13:16'),
(423, 1, '9e248025-e7c5-4ff9-a470-c82184671297', '2024-05-08 00:00:00', '00:00:00', '00:00:00', NULL, '2024-05-12 16:13:16', '2024-05-12 16:13:16'),
(424, 1, '9e248025-e7c5-4ff9-a470-c82184671297', '2024-05-09 00:00:00', '07:24:00', '22:21:00', NULL, '2024-05-12 16:13:16', '2024-05-12 16:13:16'),
(425, 1, '9e248025-e7c5-4ff9-a470-c82184671297', '2024-05-10 00:00:00', '06:59:00', '22:24:00', NULL, '2024-05-12 16:13:16', '2024-05-12 16:13:16'),
(426, 1, '9e248025-e7c5-4ff9-a470-c82184671297', '2024-05-11 00:00:00', '07:15:00', '21:40:00', NULL, '2024-05-12 16:13:16', '2024-05-12 16:13:16'),
(427, 1, '9e248025-e7c5-4ff9-a470-c82184671297', '2024-05-12 00:00:00', '06:20:00', '21:28:00', NULL, '2024-05-12 16:13:16', '2024-05-12 16:13:16'),
(428, 2, '9e248025-e7c5-4ff9-a470-c82184671297', '2024-04-29 00:00:00', '07:41:00', '22:38:00', NULL, '2024-05-12 16:13:16', '2024-05-12 16:13:16'),
(429, 2, '9e248025-e7c5-4ff9-a470-c82184671297', '2024-04-30 00:00:00', '06:50:00', '22:27:00', NULL, '2024-05-12 16:13:16', '2024-05-12 16:13:16'),
(430, 2, '9e248025-e7c5-4ff9-a470-c82184671297', '2024-05-01 00:00:00', '06:18:00', '22:15:00', NULL, '2024-05-12 16:13:16', '2024-05-12 16:13:16'),
(431, 2, '9e248025-e7c5-4ff9-a470-c82184671297', '2024-05-02 00:00:00', '06:30:00', '21:37:00', NULL, '2024-05-12 16:13:16', '2024-05-12 16:13:16'),
(432, 2, '9e248025-e7c5-4ff9-a470-c82184671297', '2024-05-03 00:00:00', '07:50:00', '22:16:00', NULL, '2024-05-12 16:13:16', '2024-05-12 16:13:16'),
(433, 2, '9e248025-e7c5-4ff9-a470-c82184671297', '2024-05-04 00:00:00', '07:34:00', '22:31:00', NULL, '2024-05-12 16:13:16', '2024-05-12 16:13:16'),
(434, 2, '9e248025-e7c5-4ff9-a470-c82184671297', '2024-05-05 00:00:00', '06:25:00', '21:48:00', NULL, '2024-05-12 16:13:16', '2024-05-12 16:13:16'),
(435, 3, '9e248025-e7c5-4ff9-a470-c82184671297', '2024-04-22 00:00:00', '07:38:00', '21:03:00', NULL, '2024-05-12 16:13:16', '2024-05-12 16:13:16'),
(436, 3, '9e248025-e7c5-4ff9-a470-c82184671297', '2024-04-23 00:00:00', '07:52:00', '21:32:00', NULL, '2024-05-12 16:13:16', '2024-05-12 16:13:16'),
(437, 3, '9e248025-e7c5-4ff9-a470-c82184671297', '2024-04-24 00:00:00', '00:00:00', '00:00:00', NULL, '2024-05-12 16:13:16', '2024-05-12 16:13:16'),
(438, 3, '9e248025-e7c5-4ff9-a470-c82184671297', '2024-04-25 00:00:00', '07:15:00', '21:26:00', NULL, '2024-05-12 16:13:16', '2024-05-12 16:13:16'),
(439, 3, '9e248025-e7c5-4ff9-a470-c82184671297', '2024-04-26 00:00:00', '06:37:00', '21:41:00', NULL, '2024-05-12 16:13:16', '2024-05-12 16:13:16'),
(440, 3, '9e248025-e7c5-4ff9-a470-c82184671297', '2024-04-27 00:00:00', '06:59:00', '22:07:00', NULL, '2024-05-12 16:13:16', '2024-05-12 16:13:16'),
(441, 3, '9e248025-e7c5-4ff9-a470-c82184671297', '2024-04-28 00:00:00', '00:00:00', '00:00:00', NULL, '2024-05-12 16:13:16', '2024-05-12 16:13:16'),
(442, 4, '9e248025-e7c5-4ff9-a470-c82184671297', '2024-04-15 00:00:00', '07:18:00', '21:26:00', NULL, '2024-05-12 16:13:16', '2024-05-12 16:13:16'),
(443, 4, '9e248025-e7c5-4ff9-a470-c82184671297', '2024-04-16 00:00:00', '06:03:00', '21:37:00', NULL, '2024-05-12 16:13:16', '2024-05-12 16:13:16'),
(444, 4, '9e248025-e7c5-4ff9-a470-c82184671297', '2024-04-17 00:00:00', '00:00:00', '00:00:00', NULL, '2024-05-12 16:13:16', '2024-05-12 16:13:16'),
(445, 4, '9e248025-e7c5-4ff9-a470-c82184671297', '2024-04-18 00:00:00', '06:01:00', '21:11:00', NULL, '2024-05-12 16:13:16', '2024-05-12 16:13:16'),
(446, 4, '9e248025-e7c5-4ff9-a470-c82184671297', '2024-04-19 00:00:00', '07:13:00', '21:41:00', NULL, '2024-05-12 16:13:16', '2024-05-12 16:13:16'),
(447, 4, '9e248025-e7c5-4ff9-a470-c82184671297', '2024-04-20 00:00:00', '06:00:00', '21:01:00', NULL, '2024-05-12 16:13:16', '2024-05-12 16:13:16'),
(448, 4, '9e248025-e7c5-4ff9-a470-c82184671297', '2024-04-21 00:00:00', '07:58:00', '21:43:00', NULL, '2024-05-12 16:13:16', '2024-05-12 16:13:16'),
(449, 5, '9e248025-e7c5-4ff9-a470-c82184671297', '2024-04-08 00:00:00', '00:00:00', '00:00:00', NULL, '2024-05-12 16:13:16', '2024-05-12 16:13:16'),
(450, 5, '9e248025-e7c5-4ff9-a470-c82184671297', '2024-04-09 00:00:00', '07:33:00', '22:13:00', NULL, '2024-05-12 16:13:16', '2024-05-12 16:13:16'),
(451, 5, '9e248025-e7c5-4ff9-a470-c82184671297', '2024-04-10 00:00:00', '07:20:00', '22:04:00', NULL, '2024-05-12 16:13:16', '2024-05-12 16:13:16'),
(452, 5, '9e248025-e7c5-4ff9-a470-c82184671297', '2024-04-11 00:00:00', '07:00:00', '21:03:00', NULL, '2024-05-12 16:13:16', '2024-05-12 16:13:16'),
(453, 5, '9e248025-e7c5-4ff9-a470-c82184671297', '2024-04-12 00:00:00', '00:00:00', '00:00:00', NULL, '2024-05-12 16:13:16', '2024-05-12 16:13:16'),
(454, 5, '9e248025-e7c5-4ff9-a470-c82184671297', '2024-04-13 00:00:00', '06:03:00', '22:03:00', NULL, '2024-05-12 16:13:16', '2024-05-12 16:13:16'),
(455, 5, '9e248025-e7c5-4ff9-a470-c82184671297', '2024-04-14 00:00:00', '07:26:00', '21:30:00', NULL, '2024-05-12 16:13:16', '2024-05-12 16:13:16'),
(456, 6, '9e248025-e7c5-4ff9-a470-c82184671297', '2024-04-08 00:00:00', '06:10:00', '21:50:00', NULL, '2024-05-12 16:13:16', '2024-05-12 16:13:16'),
(457, 6, '9e248025-e7c5-4ff9-a470-c82184671297', '2024-04-09 00:00:00', '00:00:00', '00:00:00', NULL, '2024-05-12 16:13:16', '2024-05-12 16:13:16'),
(458, 6, '9e248025-e7c5-4ff9-a470-c82184671297', '2024-04-10 00:00:00', '07:08:00', '21:34:00', NULL, '2024-05-12 16:13:16', '2024-05-12 16:13:16'),
(459, 6, '9e248025-e7c5-4ff9-a470-c82184671297', '2024-04-11 00:00:00', '07:51:00', '21:44:00', NULL, '2024-05-12 16:13:16', '2024-05-12 16:13:16'),
(460, 6, '9e248025-e7c5-4ff9-a470-c82184671297', '2024-04-12 00:00:00', '07:45:00', '21:46:00', NULL, '2024-05-12 16:13:16', '2024-05-12 16:13:16'),
(461, 6, '9e248025-e7c5-4ff9-a470-c82184671297', '2024-04-13 00:00:00', '07:52:00', '21:04:00', NULL, '2024-05-12 16:13:16', '2024-05-12 16:13:16'),
(462, 6, '9e248025-e7c5-4ff9-a470-c82184671297', '2024-04-14 00:00:00', '07:50:00', '21:16:00', NULL, '2024-05-12 16:13:16', '2024-05-12 16:13:16'),
(463, 7, '9e248025-e7c5-4ff9-a470-c82184671297', '2024-04-01 00:00:00', '07:51:00', '22:42:00', NULL, '2024-05-12 16:13:16', '2024-05-12 16:13:16'),
(464, 7, '9e248025-e7c5-4ff9-a470-c82184671297', '2024-04-02 00:00:00', '00:00:00', '00:00:00', NULL, '2024-05-12 16:13:16', '2024-05-12 16:13:16'),
(465, 7, '9e248025-e7c5-4ff9-a470-c82184671297', '2024-04-03 00:00:00', '06:17:00', '22:26:00', NULL, '2024-05-12 16:13:16', '2024-05-12 16:13:16'),
(466, 7, '9e248025-e7c5-4ff9-a470-c82184671297', '2024-04-04 00:00:00', '07:06:00', '21:37:00', NULL, '2024-05-12 16:13:16', '2024-05-12 16:13:16'),
(467, 7, '9e248025-e7c5-4ff9-a470-c82184671297', '2024-04-05 00:00:00', '06:45:00', '21:51:00', NULL, '2024-05-12 16:13:16', '2024-05-12 16:13:16'),
(468, 7, '9e248025-e7c5-4ff9-a470-c82184671297', '2024-04-06 00:00:00', '07:47:00', '22:39:00', NULL, '2024-05-12 16:13:16', '2024-05-12 16:13:16'),
(469, 7, '9e248025-e7c5-4ff9-a470-c82184671297', '2024-04-07 00:00:00', '07:20:00', '21:29:00', NULL, '2024-05-12 16:13:16', '2024-05-12 16:13:16'),
(470, 8, '9e248025-e7c5-4ff9-a470-c82184671297', '2024-03-25 00:00:00', '07:04:00', '22:54:00', NULL, '2024-05-12 16:13:16', '2024-05-12 16:13:16'),
(471, 8, '9e248025-e7c5-4ff9-a470-c82184671297', '2024-03-26 00:00:00', '07:42:00', '21:34:00', NULL, '2024-05-12 16:13:16', '2024-05-12 16:13:16'),
(472, 8, '9e248025-e7c5-4ff9-a470-c82184671297', '2024-03-27 00:00:00', '06:57:00', '22:49:00', NULL, '2024-05-12 16:13:16', '2024-05-12 16:13:16'),
(473, 8, '9e248025-e7c5-4ff9-a470-c82184671297', '2024-03-28 00:00:00', '06:33:00', '22:24:00', NULL, '2024-05-12 16:13:16', '2024-05-12 16:13:16'),
(474, 8, '9e248025-e7c5-4ff9-a470-c82184671297', '2024-03-29 00:00:00', '06:05:00', '21:17:00', NULL, '2024-05-12 16:13:16', '2024-05-12 16:13:16'),
(475, 8, '9e248025-e7c5-4ff9-a470-c82184671297', '2024-03-30 00:00:00', '06:04:00', '22:39:00', NULL, '2024-05-12 16:13:16', '2024-05-12 16:13:16'),
(476, 8, '9e248025-e7c5-4ff9-a470-c82184671297', '2024-03-31 00:00:00', '07:49:00', '22:27:00', NULL, '2024-05-12 16:13:16', '2024-05-12 16:13:16'),
(477, 9, '9e248025-e7c5-4ff9-a470-c82184671297', '2024-04-08 00:00:00', '07:43:00', '21:08:00', NULL, '2024-05-12 16:13:16', '2024-05-12 16:13:16'),
(478, 9, '9e248025-e7c5-4ff9-a470-c82184671297', '2024-04-09 00:00:00', '06:21:00', '21:12:00', NULL, '2024-05-12 16:13:16', '2024-05-12 16:13:16'),
(479, 9, '9e248025-e7c5-4ff9-a470-c82184671297', '2024-04-10 00:00:00', '07:57:00', '21:28:00', NULL, '2024-05-12 16:13:16', '2024-05-12 16:13:16'),
(480, 9, '9e248025-e7c5-4ff9-a470-c82184671297', '2024-04-11 00:00:00', '07:29:00', '21:08:00', NULL, '2024-05-12 16:13:16', '2024-05-12 16:13:16'),
(481, 9, '9e248025-e7c5-4ff9-a470-c82184671297', '2024-04-12 00:00:00', '06:51:00', '22:39:00', NULL, '2024-05-12 16:13:16', '2024-05-12 16:13:16'),
(482, 9, '9e248025-e7c5-4ff9-a470-c82184671297', '2024-04-13 00:00:00', '06:12:00', '21:14:00', NULL, '2024-05-12 16:13:16', '2024-05-12 16:13:16'),
(483, 9, '9e248025-e7c5-4ff9-a470-c82184671297', '2024-04-14 00:00:00', '07:19:00', '21:26:00', NULL, '2024-05-12 16:13:16', '2024-05-12 16:13:16'),
(484, 10, '9e248025-e7c5-4ff9-a470-c82184671297', '2024-03-18 00:00:00', '00:00:00', '00:00:00', NULL, '2024-05-12 16:13:16', '2024-05-12 16:13:16'),
(485, 10, '9e248025-e7c5-4ff9-a470-c82184671297', '2024-03-19 00:00:00', '06:47:00', '21:42:00', NULL, '2024-05-12 16:13:16', '2024-05-12 16:13:16'),
(486, 10, '9e248025-e7c5-4ff9-a470-c82184671297', '2024-03-20 00:00:00', '06:52:00', '21:09:00', NULL, '2024-05-12 16:13:16', '2024-05-12 16:13:16'),
(487, 10, '9e248025-e7c5-4ff9-a470-c82184671297', '2024-03-21 00:00:00', '07:43:00', '21:52:00', NULL, '2024-05-12 16:13:16', '2024-05-12 16:13:16'),
(488, 10, '9e248025-e7c5-4ff9-a470-c82184671297', '2024-03-22 00:00:00', '06:57:00', '22:29:00', NULL, '2024-05-12 16:13:16', '2024-05-12 16:13:16'),
(489, 10, '9e248025-e7c5-4ff9-a470-c82184671297', '2024-03-23 00:00:00', '07:05:00', '22:55:00', NULL, '2024-05-12 16:13:16', '2024-05-12 16:13:16'),
(490, 10, '9e248025-e7c5-4ff9-a470-c82184671297', '2024-03-24 00:00:00', '06:31:00', '22:23:00', NULL, '2024-05-12 16:13:16', '2024-05-12 16:13:16'),
(491, 1, 'bc8b5621-1b7e-4654-90b0-dd27f64a5d47', '2024-05-06 00:00:00', '06:50:00', '21:26:00', NULL, '2024-05-12 16:13:16', '2024-05-12 16:13:16'),
(492, 1, 'bc8b5621-1b7e-4654-90b0-dd27f64a5d47', '2024-05-07 00:00:00', '07:02:00', '21:38:00', NULL, '2024-05-12 16:13:16', '2024-05-12 16:13:16'),
(493, 1, 'bc8b5621-1b7e-4654-90b0-dd27f64a5d47', '2024-05-08 00:00:00', '00:00:00', '00:00:00', NULL, '2024-05-12 16:13:16', '2024-05-12 16:13:16'),
(494, 1, 'bc8b5621-1b7e-4654-90b0-dd27f64a5d47', '2024-05-09 00:00:00', '00:00:00', '00:00:00', NULL, '2024-05-12 16:13:16', '2024-05-12 16:13:16'),
(495, 1, 'bc8b5621-1b7e-4654-90b0-dd27f64a5d47', '2024-05-10 00:00:00', '06:38:00', '22:33:00', NULL, '2024-05-12 16:13:16', '2024-05-12 16:13:16'),
(496, 1, 'bc8b5621-1b7e-4654-90b0-dd27f64a5d47', '2024-05-11 00:00:00', '07:06:00', '21:01:00', NULL, '2024-05-12 16:13:16', '2024-05-12 16:13:16'),
(497, 1, 'bc8b5621-1b7e-4654-90b0-dd27f64a5d47', '2024-05-12 00:00:00', '07:55:00', '21:33:00', NULL, '2024-05-12 16:13:16', '2024-05-12 16:13:16'),
(498, 2, 'bc8b5621-1b7e-4654-90b0-dd27f64a5d47', '2024-04-29 00:00:00', '07:23:00', '21:48:00', NULL, '2024-05-12 16:13:16', '2024-05-12 16:13:16'),
(499, 2, 'bc8b5621-1b7e-4654-90b0-dd27f64a5d47', '2024-04-30 00:00:00', '06:17:00', '21:51:00', NULL, '2024-05-12 16:13:16', '2024-05-12 16:13:16'),
(500, 2, 'bc8b5621-1b7e-4654-90b0-dd27f64a5d47', '2024-05-01 00:00:00', '07:51:00', '21:13:00', NULL, '2024-05-12 16:13:16', '2024-05-12 16:13:16'),
(501, 2, 'bc8b5621-1b7e-4654-90b0-dd27f64a5d47', '2024-05-02 00:00:00', '06:30:00', '22:27:00', NULL, '2024-05-12 16:13:16', '2024-05-12 16:13:16'),
(502, 2, 'bc8b5621-1b7e-4654-90b0-dd27f64a5d47', '2024-05-03 00:00:00', '07:13:00', '22:52:00', NULL, '2024-05-12 16:13:16', '2024-05-12 16:13:16'),
(503, 2, 'bc8b5621-1b7e-4654-90b0-dd27f64a5d47', '2024-05-04 00:00:00', '06:29:00', '21:30:00', NULL, '2024-05-12 16:13:16', '2024-05-12 16:13:16'),
(504, 2, 'bc8b5621-1b7e-4654-90b0-dd27f64a5d47', '2024-05-05 00:00:00', '07:16:00', '22:09:00', NULL, '2024-05-12 16:13:16', '2024-05-12 16:13:16'),
(505, 3, 'bc8b5621-1b7e-4654-90b0-dd27f64a5d47', '2024-04-22 00:00:00', '06:22:00', '22:43:00', NULL, '2024-05-12 16:13:16', '2024-05-12 16:13:16'),
(506, 3, 'bc8b5621-1b7e-4654-90b0-dd27f64a5d47', '2024-04-23 00:00:00', '06:55:00', '21:07:00', NULL, '2024-05-12 16:13:16', '2024-05-12 16:13:16'),
(507, 3, 'bc8b5621-1b7e-4654-90b0-dd27f64a5d47', '2024-04-24 00:00:00', '07:50:00', '21:54:00', NULL, '2024-05-12 16:13:16', '2024-05-12 16:13:16'),
(508, 3, 'bc8b5621-1b7e-4654-90b0-dd27f64a5d47', '2024-04-25 00:00:00', '07:01:00', '21:54:00', NULL, '2024-05-12 16:13:17', '2024-05-12 16:13:17'),
(509, 3, 'bc8b5621-1b7e-4654-90b0-dd27f64a5d47', '2024-04-26 00:00:00', '06:48:00', '21:53:00', NULL, '2024-05-12 16:13:17', '2024-05-12 16:13:17'),
(510, 3, 'bc8b5621-1b7e-4654-90b0-dd27f64a5d47', '2024-04-27 00:00:00', '00:00:00', '00:00:00', NULL, '2024-05-12 16:13:17', '2024-05-12 16:13:17'),
(511, 3, 'bc8b5621-1b7e-4654-90b0-dd27f64a5d47', '2024-04-28 00:00:00', '07:30:00', '22:25:00', NULL, '2024-05-12 16:13:17', '2024-05-12 16:13:17'),
(512, 4, 'bc8b5621-1b7e-4654-90b0-dd27f64a5d47', '2024-04-15 00:00:00', '07:35:00', '22:00:00', NULL, '2024-05-12 16:13:17', '2024-05-12 16:13:17'),
(513, 4, 'bc8b5621-1b7e-4654-90b0-dd27f64a5d47', '2024-04-16 00:00:00', '00:00:00', '00:00:00', NULL, '2024-05-12 16:13:17', '2024-05-12 16:13:17'),
(514, 4, 'bc8b5621-1b7e-4654-90b0-dd27f64a5d47', '2024-04-17 00:00:00', '06:45:00', '21:50:00', NULL, '2024-05-12 16:13:17', '2024-05-12 16:13:17'),
(515, 4, 'bc8b5621-1b7e-4654-90b0-dd27f64a5d47', '2024-04-18 00:00:00', '07:15:00', '21:11:00', NULL, '2024-05-12 16:13:17', '2024-05-12 16:13:17'),
(516, 4, 'bc8b5621-1b7e-4654-90b0-dd27f64a5d47', '2024-04-19 00:00:00', '07:06:00', '22:55:00', NULL, '2024-05-12 16:13:17', '2024-05-12 16:13:17'),
(517, 4, 'bc8b5621-1b7e-4654-90b0-dd27f64a5d47', '2024-04-20 00:00:00', '07:56:00', '21:40:00', NULL, '2024-05-12 16:13:17', '2024-05-12 16:13:17'),
(518, 4, 'bc8b5621-1b7e-4654-90b0-dd27f64a5d47', '2024-04-21 00:00:00', '07:09:00', '22:44:00', NULL, '2024-05-12 16:13:17', '2024-05-12 16:13:17'),
(519, 5, 'bc8b5621-1b7e-4654-90b0-dd27f64a5d47', '2024-04-08 00:00:00', '06:06:00', '21:10:00', NULL, '2024-05-12 16:13:17', '2024-05-12 16:13:17'),
(520, 5, 'bc8b5621-1b7e-4654-90b0-dd27f64a5d47', '2024-04-09 00:00:00', '07:56:00', '22:02:00', NULL, '2024-05-12 16:13:17', '2024-05-12 16:13:17'),
(521, 5, 'bc8b5621-1b7e-4654-90b0-dd27f64a5d47', '2024-04-10 00:00:00', '07:33:00', '21:37:00', NULL, '2024-05-12 16:13:17', '2024-05-12 16:13:17'),
(522, 5, 'bc8b5621-1b7e-4654-90b0-dd27f64a5d47', '2024-04-11 00:00:00', '00:00:00', '00:00:00', NULL, '2024-05-12 16:13:17', '2024-05-12 16:13:17'),
(523, 5, 'bc8b5621-1b7e-4654-90b0-dd27f64a5d47', '2024-04-12 00:00:00', '06:22:00', '21:58:00', NULL, '2024-05-12 16:13:17', '2024-05-12 16:13:17'),
(524, 5, 'bc8b5621-1b7e-4654-90b0-dd27f64a5d47', '2024-04-13 00:00:00', '06:54:00', '22:06:00', NULL, '2024-05-12 16:13:17', '2024-05-12 16:13:17'),
(525, 5, 'bc8b5621-1b7e-4654-90b0-dd27f64a5d47', '2024-04-14 00:00:00', '06:40:00', '21:45:00', NULL, '2024-05-12 16:13:17', '2024-05-12 16:13:17'),
(526, 6, 'bc8b5621-1b7e-4654-90b0-dd27f64a5d47', '2024-04-08 00:00:00', '08:00:00', '22:07:00', NULL, '2024-05-12 16:13:17', '2024-05-12 16:13:17'),
(527, 6, 'bc8b5621-1b7e-4654-90b0-dd27f64a5d47', '2024-04-09 00:00:00', '00:00:00', '00:00:00', NULL, '2024-05-12 16:13:17', '2024-05-12 16:13:17'),
(528, 6, 'bc8b5621-1b7e-4654-90b0-dd27f64a5d47', '2024-04-10 00:00:00', '07:33:00', '21:09:00', NULL, '2024-05-12 16:13:17', '2024-05-12 16:13:17'),
(529, 6, 'bc8b5621-1b7e-4654-90b0-dd27f64a5d47', '2024-04-11 00:00:00', '00:00:00', '00:00:00', NULL, '2024-05-12 16:13:17', '2024-05-12 16:13:17'),
(530, 6, 'bc8b5621-1b7e-4654-90b0-dd27f64a5d47', '2024-04-12 00:00:00', '06:29:00', '22:09:00', NULL, '2024-05-12 16:13:17', '2024-05-12 16:13:17'),
(531, 6, 'bc8b5621-1b7e-4654-90b0-dd27f64a5d47', '2024-04-13 00:00:00', '07:30:00', '21:54:00', NULL, '2024-05-12 16:13:17', '2024-05-12 16:13:17'),
(532, 6, 'bc8b5621-1b7e-4654-90b0-dd27f64a5d47', '2024-04-14 00:00:00', '06:36:00', '21:43:00', NULL, '2024-05-12 16:13:17', '2024-05-12 16:13:17'),
(533, 7, 'bc8b5621-1b7e-4654-90b0-dd27f64a5d47', '2024-04-01 00:00:00', '07:56:00', '21:00:00', NULL, '2024-05-12 16:13:17', '2024-05-12 16:13:17'),
(534, 7, 'bc8b5621-1b7e-4654-90b0-dd27f64a5d47', '2024-04-02 00:00:00', '07:57:00', '21:58:00', NULL, '2024-05-12 16:13:17', '2024-05-12 16:13:17'),
(535, 7, 'bc8b5621-1b7e-4654-90b0-dd27f64a5d47', '2024-04-03 00:00:00', '06:38:00', '21:29:00', NULL, '2024-05-12 16:13:17', '2024-05-12 16:13:17'),
(536, 7, 'bc8b5621-1b7e-4654-90b0-dd27f64a5d47', '2024-04-04 00:00:00', '07:57:00', '21:43:00', NULL, '2024-05-12 16:13:17', '2024-05-12 16:13:17'),
(537, 7, 'bc8b5621-1b7e-4654-90b0-dd27f64a5d47', '2024-04-05 00:00:00', '07:39:00', '21:54:00', NULL, '2024-05-12 16:13:17', '2024-05-12 16:13:17'),
(538, 7, 'bc8b5621-1b7e-4654-90b0-dd27f64a5d47', '2024-04-06 00:00:00', '06:16:00', '21:15:00', NULL, '2024-05-12 16:13:17', '2024-05-12 16:13:17'),
(539, 7, 'bc8b5621-1b7e-4654-90b0-dd27f64a5d47', '2024-04-07 00:00:00', '06:45:00', '21:52:00', NULL, '2024-05-12 16:13:17', '2024-05-12 16:13:17'),
(540, 8, 'bc8b5621-1b7e-4654-90b0-dd27f64a5d47', '2024-03-25 00:00:00', '07:15:00', '21:41:00', NULL, '2024-05-12 16:13:17', '2024-05-12 16:13:17'),
(541, 8, 'bc8b5621-1b7e-4654-90b0-dd27f64a5d47', '2024-03-26 00:00:00', '06:16:00', '21:12:00', NULL, '2024-05-12 16:13:17', '2024-05-12 16:13:17'),
(542, 8, 'bc8b5621-1b7e-4654-90b0-dd27f64a5d47', '2024-03-27 00:00:00', '06:10:00', '22:17:00', NULL, '2024-05-12 16:13:17', '2024-05-12 16:13:17'),
(543, 8, 'bc8b5621-1b7e-4654-90b0-dd27f64a5d47', '2024-03-28 00:00:00', '07:32:00', '21:49:00', NULL, '2024-05-12 16:13:17', '2024-05-12 16:13:17'),
(544, 8, 'bc8b5621-1b7e-4654-90b0-dd27f64a5d47', '2024-03-29 00:00:00', '07:05:00', '22:58:00', NULL, '2024-05-12 16:13:17', '2024-05-12 16:13:17'),
(545, 8, 'bc8b5621-1b7e-4654-90b0-dd27f64a5d47', '2024-03-30 00:00:00', '06:35:00', '22:29:00', NULL, '2024-05-12 16:13:17', '2024-05-12 16:13:17'),
(546, 8, 'bc8b5621-1b7e-4654-90b0-dd27f64a5d47', '2024-03-31 00:00:00', '06:49:00', '21:02:00', NULL, '2024-05-12 16:13:17', '2024-05-12 16:13:17'),
(547, 9, 'bc8b5621-1b7e-4654-90b0-dd27f64a5d47', '2024-04-08 00:00:00', '07:57:00', '21:25:00', NULL, '2024-05-12 16:13:17', '2024-05-12 16:13:17'),
(548, 9, 'bc8b5621-1b7e-4654-90b0-dd27f64a5d47', '2024-04-09 00:00:00', '07:21:00', '22:09:00', NULL, '2024-05-12 16:13:17', '2024-05-12 16:13:17'),
(549, 9, 'bc8b5621-1b7e-4654-90b0-dd27f64a5d47', '2024-04-10 00:00:00', '07:02:00', '22:00:00', NULL, '2024-05-12 16:13:17', '2024-05-12 16:13:17'),
(550, 9, 'bc8b5621-1b7e-4654-90b0-dd27f64a5d47', '2024-04-11 00:00:00', '07:56:00', '21:03:00', NULL, '2024-05-12 16:13:17', '2024-05-12 16:13:17'),
(551, 9, 'bc8b5621-1b7e-4654-90b0-dd27f64a5d47', '2024-04-12 00:00:00', '07:52:00', '21:32:00', NULL, '2024-05-12 16:13:17', '2024-05-12 16:13:17'),
(552, 9, 'bc8b5621-1b7e-4654-90b0-dd27f64a5d47', '2024-04-13 00:00:00', '07:46:00', '22:21:00', NULL, '2024-05-12 16:13:17', '2024-05-12 16:13:17'),
(553, 9, 'bc8b5621-1b7e-4654-90b0-dd27f64a5d47', '2024-04-14 00:00:00', '06:53:00', '21:01:00', NULL, '2024-05-12 16:13:17', '2024-05-12 16:13:17'),
(554, 10, 'bc8b5621-1b7e-4654-90b0-dd27f64a5d47', '2024-03-18 00:00:00', '00:00:00', '00:00:00', NULL, '2024-05-12 16:13:17', '2024-05-12 16:13:17'),
(555, 10, 'bc8b5621-1b7e-4654-90b0-dd27f64a5d47', '2024-03-19 00:00:00', '06:20:00', '22:02:00', NULL, '2024-05-12 16:13:17', '2024-05-12 16:13:17'),
(556, 10, 'bc8b5621-1b7e-4654-90b0-dd27f64a5d47', '2024-03-20 00:00:00', '06:59:00', '21:32:00', NULL, '2024-05-12 16:13:17', '2024-05-12 16:13:17'),
(557, 10, 'bc8b5621-1b7e-4654-90b0-dd27f64a5d47', '2024-03-21 00:00:00', '06:37:00', '21:02:00', NULL, '2024-05-12 16:13:17', '2024-05-12 16:13:17'),
(558, 10, 'bc8b5621-1b7e-4654-90b0-dd27f64a5d47', '2024-03-22 00:00:00', '06:28:00', '21:09:00', NULL, '2024-05-12 16:13:17', '2024-05-12 16:13:17'),
(559, 10, 'bc8b5621-1b7e-4654-90b0-dd27f64a5d47', '2024-03-23 00:00:00', '06:56:00', '22:19:00', NULL, '2024-05-12 16:13:17', '2024-05-12 16:13:17'),
(560, 10, 'bc8b5621-1b7e-4654-90b0-dd27f64a5d47', '2024-03-24 00:00:00', '07:11:00', '22:59:00', NULL, '2024-05-12 16:13:17', '2024-05-12 16:13:17'),
(561, 1, 'd82a1f22-0fd6-47e6-a6de-baae5fbf017a', '2024-05-06 00:00:00', '07:30:00', '21:20:00', NULL, '2024-05-12 16:13:17', '2024-05-12 16:13:17'),
(562, 1, 'd82a1f22-0fd6-47e6-a6de-baae5fbf017a', '2024-05-07 00:00:00', '07:15:00', '21:20:00', NULL, '2024-05-12 16:13:17', '2024-05-12 16:13:17'),
(563, 1, 'd82a1f22-0fd6-47e6-a6de-baae5fbf017a', '2024-05-08 00:00:00', '06:01:00', '21:12:00', NULL, '2024-05-12 16:13:17', '2024-05-12 16:13:17'),
(564, 1, 'd82a1f22-0fd6-47e6-a6de-baae5fbf017a', '2024-05-09 00:00:00', '06:19:00', '21:49:00', NULL, '2024-05-12 16:13:17', '2024-05-12 16:13:17'),
(565, 1, 'd82a1f22-0fd6-47e6-a6de-baae5fbf017a', '2024-05-10 00:00:00', '00:00:00', '00:00:00', NULL, '2024-05-12 16:13:17', '2024-05-12 16:13:17'),
(566, 1, 'd82a1f22-0fd6-47e6-a6de-baae5fbf017a', '2024-05-11 00:00:00', '07:44:00', '22:32:00', NULL, '2024-05-12 16:13:17', '2024-05-12 16:13:17'),
(567, 1, 'd82a1f22-0fd6-47e6-a6de-baae5fbf017a', '2024-05-12 00:00:00', '00:00:00', '00:00:00', NULL, '2024-05-12 16:13:17', '2024-05-12 16:13:17'),
(568, 2, 'd82a1f22-0fd6-47e6-a6de-baae5fbf017a', '2024-04-29 00:00:00', '07:51:00', '22:58:00', NULL, '2024-05-12 16:13:17', '2024-05-12 16:13:17'),
(569, 2, 'd82a1f22-0fd6-47e6-a6de-baae5fbf017a', '2024-04-30 00:00:00', '06:29:00', '21:13:00', NULL, '2024-05-12 16:13:17', '2024-05-12 16:13:17'),
(570, 2, 'd82a1f22-0fd6-47e6-a6de-baae5fbf017a', '2024-05-01 00:00:00', '06:25:00', '22:03:00', NULL, '2024-05-12 16:13:17', '2024-05-12 16:13:17'),
(571, 2, 'd82a1f22-0fd6-47e6-a6de-baae5fbf017a', '2024-05-02 00:00:00', '00:00:00', '00:00:00', NULL, '2024-05-12 16:13:17', '2024-05-12 16:13:17'),
(572, 2, 'd82a1f22-0fd6-47e6-a6de-baae5fbf017a', '2024-05-03 00:00:00', '06:04:00', '21:19:00', NULL, '2024-05-12 16:13:17', '2024-05-12 16:13:17'),
(573, 2, 'd82a1f22-0fd6-47e6-a6de-baae5fbf017a', '2024-05-04 00:00:00', '06:45:00', '22:04:00', NULL, '2024-05-12 16:13:17', '2024-05-12 16:13:17'),
(574, 2, 'd82a1f22-0fd6-47e6-a6de-baae5fbf017a', '2024-05-05 00:00:00', '00:00:00', '00:00:00', NULL, '2024-05-12 16:13:17', '2024-05-12 16:13:17'),
(575, 3, 'd82a1f22-0fd6-47e6-a6de-baae5fbf017a', '2024-04-22 00:00:00', '07:05:00', '21:28:00', NULL, '2024-05-12 16:13:17', '2024-05-12 16:13:17'),
(576, 3, 'd82a1f22-0fd6-47e6-a6de-baae5fbf017a', '2024-04-23 00:00:00', '07:50:00', '21:31:00', NULL, '2024-05-12 16:13:17', '2024-05-12 16:13:17'),
(577, 3, 'd82a1f22-0fd6-47e6-a6de-baae5fbf017a', '2024-04-24 00:00:00', '06:51:00', '21:58:00', NULL, '2024-05-12 16:13:17', '2024-05-12 16:13:17'),
(578, 3, 'd82a1f22-0fd6-47e6-a6de-baae5fbf017a', '2024-04-25 00:00:00', '06:29:00', '21:35:00', NULL, '2024-05-12 16:13:17', '2024-05-12 16:13:17'),
(579, 3, 'd82a1f22-0fd6-47e6-a6de-baae5fbf017a', '2024-04-26 00:00:00', '07:29:00', '22:39:00', NULL, '2024-05-12 16:13:17', '2024-05-12 16:13:17'),
(580, 3, 'd82a1f22-0fd6-47e6-a6de-baae5fbf017a', '2024-04-27 00:00:00', '07:48:00', '22:50:00', NULL, '2024-05-12 16:13:17', '2024-05-12 16:13:17'),
(581, 3, 'd82a1f22-0fd6-47e6-a6de-baae5fbf017a', '2024-04-28 00:00:00', '07:46:00', '22:21:00', NULL, '2024-05-12 16:13:17', '2024-05-12 16:13:17'),
(582, 4, 'd82a1f22-0fd6-47e6-a6de-baae5fbf017a', '2024-04-15 00:00:00', '06:05:00', '22:33:00', NULL, '2024-05-12 16:13:17', '2024-05-12 16:13:17'),
(583, 4, 'd82a1f22-0fd6-47e6-a6de-baae5fbf017a', '2024-04-16 00:00:00', '07:01:00', '22:02:00', NULL, '2024-05-12 16:13:17', '2024-05-12 16:13:17'),
(584, 4, 'd82a1f22-0fd6-47e6-a6de-baae5fbf017a', '2024-04-17 00:00:00', '00:00:00', '00:00:00', NULL, '2024-05-12 16:13:17', '2024-05-12 16:13:17'),
(585, 4, 'd82a1f22-0fd6-47e6-a6de-baae5fbf017a', '2024-04-18 00:00:00', '07:05:00', '21:41:00', NULL, '2024-05-12 16:13:17', '2024-05-12 16:13:17'),
(586, 4, 'd82a1f22-0fd6-47e6-a6de-baae5fbf017a', '2024-04-19 00:00:00', '07:45:00', '22:03:00', NULL, '2024-05-12 16:13:17', '2024-05-12 16:13:17'),
(587, 4, 'd82a1f22-0fd6-47e6-a6de-baae5fbf017a', '2024-04-20 00:00:00', '06:20:00', '22:54:00', NULL, '2024-05-12 16:13:17', '2024-05-12 16:13:17'),
(588, 4, 'd82a1f22-0fd6-47e6-a6de-baae5fbf017a', '2024-04-21 00:00:00', '00:00:00', '00:00:00', NULL, '2024-05-12 16:13:17', '2024-05-12 16:13:17'),
(589, 5, 'd82a1f22-0fd6-47e6-a6de-baae5fbf017a', '2024-04-08 00:00:00', '06:36:00', '22:35:00', NULL, '2024-05-12 16:13:17', '2024-05-12 16:13:17'),
(590, 5, 'd82a1f22-0fd6-47e6-a6de-baae5fbf017a', '2024-04-09 00:00:00', '08:00:00', '22:29:00', NULL, '2024-05-12 16:13:17', '2024-05-12 16:13:17'),
(591, 5, 'd82a1f22-0fd6-47e6-a6de-baae5fbf017a', '2024-04-10 00:00:00', '06:14:00', '22:21:00', NULL, '2024-05-12 16:13:17', '2024-05-12 16:13:17'),
(592, 5, 'd82a1f22-0fd6-47e6-a6de-baae5fbf017a', '2024-04-11 00:00:00', '06:07:00', '22:31:00', NULL, '2024-05-12 16:13:17', '2024-05-12 16:13:17'),
(593, 5, 'd82a1f22-0fd6-47e6-a6de-baae5fbf017a', '2024-04-12 00:00:00', '07:29:00', '21:36:00', NULL, '2024-05-12 16:13:17', '2024-05-12 16:13:17'),
(594, 5, 'd82a1f22-0fd6-47e6-a6de-baae5fbf017a', '2024-04-13 00:00:00', '00:00:00', '00:00:00', NULL, '2024-05-12 16:13:17', '2024-05-12 16:13:17'),
(595, 5, 'd82a1f22-0fd6-47e6-a6de-baae5fbf017a', '2024-04-14 00:00:00', '00:00:00', '00:00:00', NULL, '2024-05-12 16:13:17', '2024-05-12 16:13:17'),
(596, 6, 'd82a1f22-0fd6-47e6-a6de-baae5fbf017a', '2024-04-08 00:00:00', '06:00:00', '21:50:00', NULL, '2024-05-12 16:13:17', '2024-05-12 16:13:17'),
(597, 6, 'd82a1f22-0fd6-47e6-a6de-baae5fbf017a', '2024-04-09 00:00:00', '06:16:00', '22:51:00', NULL, '2024-05-12 16:13:17', '2024-05-12 16:13:17'),
(598, 6, 'd82a1f22-0fd6-47e6-a6de-baae5fbf017a', '2024-04-10 00:00:00', '06:10:00', '22:09:00', NULL, '2024-05-12 16:13:17', '2024-05-12 16:13:17'),
(599, 6, 'd82a1f22-0fd6-47e6-a6de-baae5fbf017a', '2024-04-11 00:00:00', '06:48:00', '21:32:00', NULL, '2024-05-12 16:13:17', '2024-05-12 16:13:17'),
(600, 6, 'd82a1f22-0fd6-47e6-a6de-baae5fbf017a', '2024-04-12 00:00:00', '07:36:00', '22:09:00', NULL, '2024-05-12 16:13:17', '2024-05-12 16:13:17'),
(601, 6, 'd82a1f22-0fd6-47e6-a6de-baae5fbf017a', '2024-04-13 00:00:00', '07:44:00', '22:57:00', NULL, '2024-05-12 16:13:17', '2024-05-12 16:13:17'),
(602, 6, 'd82a1f22-0fd6-47e6-a6de-baae5fbf017a', '2024-04-14 00:00:00', '06:40:00', '22:18:00', NULL, '2024-05-12 16:13:17', '2024-05-12 16:13:17'),
(603, 7, 'd82a1f22-0fd6-47e6-a6de-baae5fbf017a', '2024-04-01 00:00:00', '06:12:00', '22:20:00', NULL, '2024-05-12 16:13:17', '2024-05-12 16:13:17'),
(604, 7, 'd82a1f22-0fd6-47e6-a6de-baae5fbf017a', '2024-04-02 00:00:00', '06:52:00', '22:31:00', NULL, '2024-05-12 16:13:17', '2024-05-12 16:13:17'),
(605, 7, 'd82a1f22-0fd6-47e6-a6de-baae5fbf017a', '2024-04-03 00:00:00', '07:25:00', '23:00:00', NULL, '2024-05-12 16:13:17', '2024-05-12 16:13:17'),
(606, 7, 'd82a1f22-0fd6-47e6-a6de-baae5fbf017a', '2024-04-04 00:00:00', '07:50:00', '21:12:00', NULL, '2024-05-12 16:13:17', '2024-05-12 16:13:17'),
(607, 7, 'd82a1f22-0fd6-47e6-a6de-baae5fbf017a', '2024-04-05 00:00:00', '07:48:00', '21:20:00', NULL, '2024-05-12 16:13:17', '2024-05-12 16:13:17'),
(608, 7, 'd82a1f22-0fd6-47e6-a6de-baae5fbf017a', '2024-04-06 00:00:00', '07:41:00', '22:24:00', NULL, '2024-05-12 16:13:17', '2024-05-12 16:13:17'),
(609, 7, 'd82a1f22-0fd6-47e6-a6de-baae5fbf017a', '2024-04-07 00:00:00', '07:19:00', '21:34:00', NULL, '2024-05-12 16:13:17', '2024-05-12 16:13:17'),
(610, 8, 'd82a1f22-0fd6-47e6-a6de-baae5fbf017a', '2024-03-25 00:00:00', '07:35:00', '21:38:00', NULL, '2024-05-12 16:13:17', '2024-05-12 16:13:17'),
(611, 8, 'd82a1f22-0fd6-47e6-a6de-baae5fbf017a', '2024-03-26 00:00:00', '07:49:00', '22:01:00', NULL, '2024-05-12 16:13:17', '2024-05-12 16:13:17'),
(612, 8, 'd82a1f22-0fd6-47e6-a6de-baae5fbf017a', '2024-03-27 00:00:00', '00:00:00', '00:00:00', NULL, '2024-05-12 16:13:17', '2024-05-12 16:13:17'),
(613, 8, 'd82a1f22-0fd6-47e6-a6de-baae5fbf017a', '2024-03-28 00:00:00', '07:24:00', '22:42:00', NULL, '2024-05-12 16:13:17', '2024-05-12 16:13:17'),
(614, 8, 'd82a1f22-0fd6-47e6-a6de-baae5fbf017a', '2024-03-29 00:00:00', '06:50:00', '22:44:00', NULL, '2024-05-12 16:13:17', '2024-05-12 16:13:17'),
(615, 8, 'd82a1f22-0fd6-47e6-a6de-baae5fbf017a', '2024-03-30 00:00:00', '07:14:00', '22:29:00', NULL, '2024-05-12 16:13:17', '2024-05-12 16:13:17'),
(616, 8, 'd82a1f22-0fd6-47e6-a6de-baae5fbf017a', '2024-03-31 00:00:00', '07:12:00', '21:23:00', NULL, '2024-05-12 16:13:17', '2024-05-12 16:13:17'),
(617, 9, 'd82a1f22-0fd6-47e6-a6de-baae5fbf017a', '2024-04-08 00:00:00', '07:02:00', '21:56:00', NULL, '2024-05-12 16:13:17', '2024-05-12 16:13:17'),
(618, 9, 'd82a1f22-0fd6-47e6-a6de-baae5fbf017a', '2024-04-09 00:00:00', '06:58:00', '22:15:00', NULL, '2024-05-12 16:13:17', '2024-05-12 16:13:17'),
(619, 9, 'd82a1f22-0fd6-47e6-a6de-baae5fbf017a', '2024-04-10 00:00:00', '06:34:00', '21:16:00', NULL, '2024-05-12 16:13:17', '2024-05-12 16:13:17'),
(620, 9, 'd82a1f22-0fd6-47e6-a6de-baae5fbf017a', '2024-04-11 00:00:00', '07:07:00', '21:03:00', NULL, '2024-05-12 16:13:17', '2024-05-12 16:13:17'),
(621, 9, 'd82a1f22-0fd6-47e6-a6de-baae5fbf017a', '2024-04-12 00:00:00', '07:19:00', '21:21:00', NULL, '2024-05-12 16:13:17', '2024-05-12 16:13:17'),
(622, 9, 'd82a1f22-0fd6-47e6-a6de-baae5fbf017a', '2024-04-13 00:00:00', '06:14:00', '21:07:00', NULL, '2024-05-12 16:13:17', '2024-05-12 16:13:17'),
(623, 9, 'd82a1f22-0fd6-47e6-a6de-baae5fbf017a', '2024-04-14 00:00:00', '00:00:00', '00:00:00', NULL, '2024-05-12 16:13:17', '2024-05-12 16:13:17'),
(624, 10, 'd82a1f22-0fd6-47e6-a6de-baae5fbf017a', '2024-03-18 00:00:00', '06:21:00', '21:17:00', NULL, '2024-05-12 16:13:17', '2024-05-12 16:13:17'),
(625, 10, 'd82a1f22-0fd6-47e6-a6de-baae5fbf017a', '2024-03-19 00:00:00', '07:18:00', '22:27:00', NULL, '2024-05-12 16:13:17', '2024-05-12 16:13:17'),
(626, 10, 'd82a1f22-0fd6-47e6-a6de-baae5fbf017a', '2024-03-20 00:00:00', '06:03:00', '22:36:00', NULL, '2024-05-12 16:13:17', '2024-05-12 16:13:17'),
(627, 10, 'd82a1f22-0fd6-47e6-a6de-baae5fbf017a', '2024-03-21 00:00:00', '07:24:00', '22:13:00', NULL, '2024-05-12 16:13:17', '2024-05-12 16:13:17'),
(628, 10, 'd82a1f22-0fd6-47e6-a6de-baae5fbf017a', '2024-03-22 00:00:00', '06:03:00', '21:07:00', NULL, '2024-05-12 16:13:17', '2024-05-12 16:13:17'),
(629, 10, 'd82a1f22-0fd6-47e6-a6de-baae5fbf017a', '2024-03-23 00:00:00', '06:09:00', '22:16:00', NULL, '2024-05-12 16:13:17', '2024-05-12 16:13:17'),
(630, 10, 'd82a1f22-0fd6-47e6-a6de-baae5fbf017a', '2024-03-24 00:00:00', '06:20:00', '22:33:00', NULL, '2024-05-12 16:13:17', '2024-05-12 16:13:17'),
(631, 1, 'ec2625bf-612c-4f5a-a68b-081c946820a3', '2024-05-06 00:00:00', '06:29:00', '22:21:00', NULL, '2024-05-12 16:13:17', '2024-05-12 16:13:17'),
(632, 1, 'ec2625bf-612c-4f5a-a68b-081c946820a3', '2024-05-07 00:00:00', '00:00:00', '00:00:00', NULL, '2024-05-12 16:13:17', '2024-05-12 16:13:17'),
(633, 1, 'ec2625bf-612c-4f5a-a68b-081c946820a3', '2024-05-08 00:00:00', '07:16:00', '21:16:00', NULL, '2024-05-12 16:13:17', '2024-05-12 16:13:17'),
(634, 1, 'ec2625bf-612c-4f5a-a68b-081c946820a3', '2024-05-09 00:00:00', '07:31:00', '21:15:00', NULL, '2024-05-12 16:13:17', '2024-05-12 16:13:17'),
(635, 1, 'ec2625bf-612c-4f5a-a68b-081c946820a3', '2024-05-10 00:00:00', '06:18:00', '22:02:00', NULL, '2024-05-12 16:13:17', '2024-05-12 16:13:17'),
(636, 1, 'ec2625bf-612c-4f5a-a68b-081c946820a3', '2024-05-11 00:00:00', '07:53:00', '22:12:00', NULL, '2024-05-12 16:13:17', '2024-05-12 16:13:17'),
(637, 1, 'ec2625bf-612c-4f5a-a68b-081c946820a3', '2024-05-12 00:00:00', '07:46:00', '21:21:00', NULL, '2024-05-12 16:13:17', '2024-05-12 16:13:17'),
(638, 2, 'ec2625bf-612c-4f5a-a68b-081c946820a3', '2024-04-29 00:00:00', '06:54:00', '22:12:00', NULL, '2024-05-12 16:13:17', '2024-05-12 16:13:17'),
(639, 2, 'ec2625bf-612c-4f5a-a68b-081c946820a3', '2024-04-30 00:00:00', '06:36:00', '21:44:00', NULL, '2024-05-12 16:13:17', '2024-05-12 16:13:17'),
(640, 2, 'ec2625bf-612c-4f5a-a68b-081c946820a3', '2024-05-01 00:00:00', '07:29:00', '21:11:00', NULL, '2024-05-12 16:13:17', '2024-05-12 16:13:17'),
(641, 2, 'ec2625bf-612c-4f5a-a68b-081c946820a3', '2024-05-02 00:00:00', '07:47:00', '22:02:00', NULL, '2024-05-12 16:13:17', '2024-05-12 16:13:17'),
(642, 2, 'ec2625bf-612c-4f5a-a68b-081c946820a3', '2024-05-03 00:00:00', '00:00:00', '00:00:00', NULL, '2024-05-12 16:13:17', '2024-05-12 16:13:17'),
(643, 2, 'ec2625bf-612c-4f5a-a68b-081c946820a3', '2024-05-04 00:00:00', '06:14:00', '21:29:00', NULL, '2024-05-12 16:13:17', '2024-05-12 16:13:17'),
(644, 2, 'ec2625bf-612c-4f5a-a68b-081c946820a3', '2024-05-05 00:00:00', '06:07:00', '22:18:00', NULL, '2024-05-12 16:13:17', '2024-05-12 16:13:17'),
(645, 3, 'ec2625bf-612c-4f5a-a68b-081c946820a3', '2024-04-22 00:00:00', '06:24:00', '21:53:00', NULL, '2024-05-12 16:13:17', '2024-05-12 16:13:17'),
(646, 3, 'ec2625bf-612c-4f5a-a68b-081c946820a3', '2024-04-23 00:00:00', '06:26:00', '21:27:00', NULL, '2024-05-12 16:13:17', '2024-05-12 16:13:17'),
(647, 3, 'ec2625bf-612c-4f5a-a68b-081c946820a3', '2024-04-24 00:00:00', '00:00:00', '00:00:00', NULL, '2024-05-12 16:13:17', '2024-05-12 16:13:17'),
(648, 3, 'ec2625bf-612c-4f5a-a68b-081c946820a3', '2024-04-25 00:00:00', '06:39:00', '21:44:00', NULL, '2024-05-12 16:13:17', '2024-05-12 16:13:17'),
(649, 3, 'ec2625bf-612c-4f5a-a68b-081c946820a3', '2024-04-26 00:00:00', '00:00:00', '00:00:00', NULL, '2024-05-12 16:13:17', '2024-05-12 16:13:17'),
(650, 3, 'ec2625bf-612c-4f5a-a68b-081c946820a3', '2024-04-27 00:00:00', '07:33:00', '22:58:00', NULL, '2024-05-12 16:13:17', '2024-05-12 16:13:17'),
(651, 3, 'ec2625bf-612c-4f5a-a68b-081c946820a3', '2024-04-28 00:00:00', '07:09:00', '22:19:00', NULL, '2024-05-12 16:13:17', '2024-05-12 16:13:17'),
(652, 4, 'ec2625bf-612c-4f5a-a68b-081c946820a3', '2024-04-15 00:00:00', '00:00:00', '00:00:00', NULL, '2024-05-12 16:13:17', '2024-05-12 16:13:17'),
(653, 4, 'ec2625bf-612c-4f5a-a68b-081c946820a3', '2024-04-16 00:00:00', '06:17:00', '21:53:00', NULL, '2024-05-12 16:13:17', '2024-05-12 16:13:17'),
(654, 4, 'ec2625bf-612c-4f5a-a68b-081c946820a3', '2024-04-17 00:00:00', '07:41:00', '21:13:00', NULL, '2024-05-12 16:13:17', '2024-05-12 16:13:17'),
(655, 4, 'ec2625bf-612c-4f5a-a68b-081c946820a3', '2024-04-18 00:00:00', '00:00:00', '00:00:00', NULL, '2024-05-12 16:13:17', '2024-05-12 16:13:17'),
(656, 4, 'ec2625bf-612c-4f5a-a68b-081c946820a3', '2024-04-19 00:00:00', '00:00:00', '00:00:00', NULL, '2024-05-12 16:13:17', '2024-05-12 16:13:17'),
(657, 4, 'ec2625bf-612c-4f5a-a68b-081c946820a3', '2024-04-20 00:00:00', '07:57:00', '21:18:00', NULL, '2024-05-12 16:13:17', '2024-05-12 16:13:17'),
(658, 4, 'ec2625bf-612c-4f5a-a68b-081c946820a3', '2024-04-21 00:00:00', '07:06:00', '22:14:00', NULL, '2024-05-12 16:13:17', '2024-05-12 16:13:17'),
(659, 5, 'ec2625bf-612c-4f5a-a68b-081c946820a3', '2024-04-08 00:00:00', '07:11:00', '22:27:00', NULL, '2024-05-12 16:13:17', '2024-05-12 16:13:17'),
(660, 5, 'ec2625bf-612c-4f5a-a68b-081c946820a3', '2024-04-09 00:00:00', '07:14:00', '21:47:00', NULL, '2024-05-12 16:13:17', '2024-05-12 16:13:17'),
(661, 5, 'ec2625bf-612c-4f5a-a68b-081c946820a3', '2024-04-10 00:00:00', '06:03:00', '22:09:00', NULL, '2024-05-12 16:13:17', '2024-05-12 16:13:17'),
(662, 5, 'ec2625bf-612c-4f5a-a68b-081c946820a3', '2024-04-11 00:00:00', '07:16:00', '22:54:00', NULL, '2024-05-12 16:13:17', '2024-05-12 16:13:17'),
(663, 5, 'ec2625bf-612c-4f5a-a68b-081c946820a3', '2024-04-12 00:00:00', '06:24:00', '22:24:00', NULL, '2024-05-12 16:13:17', '2024-05-12 16:13:17'),
(664, 5, 'ec2625bf-612c-4f5a-a68b-081c946820a3', '2024-04-13 00:00:00', '06:24:00', '21:40:00', NULL, '2024-05-12 16:13:17', '2024-05-12 16:13:17'),
(665, 5, 'ec2625bf-612c-4f5a-a68b-081c946820a3', '2024-04-14 00:00:00', '00:00:00', '00:00:00', NULL, '2024-05-12 16:13:17', '2024-05-12 16:13:17'),
(666, 6, 'ec2625bf-612c-4f5a-a68b-081c946820a3', '2024-04-08 00:00:00', '00:00:00', '00:00:00', NULL, '2024-05-12 16:13:17', '2024-05-12 16:13:17'),
(667, 6, 'ec2625bf-612c-4f5a-a68b-081c946820a3', '2024-04-09 00:00:00', '06:08:00', '22:36:00', NULL, '2024-05-12 16:13:17', '2024-05-12 16:13:17'),
(668, 6, 'ec2625bf-612c-4f5a-a68b-081c946820a3', '2024-04-10 00:00:00', '07:14:00', '22:23:00', NULL, '2024-05-12 16:13:17', '2024-05-12 16:13:17'),
(669, 6, 'ec2625bf-612c-4f5a-a68b-081c946820a3', '2024-04-11 00:00:00', '06:36:00', '21:35:00', NULL, '2024-05-12 16:13:17', '2024-05-12 16:13:17'),
(670, 6, 'ec2625bf-612c-4f5a-a68b-081c946820a3', '2024-04-12 00:00:00', '06:37:00', '21:04:00', NULL, '2024-05-12 16:13:17', '2024-05-12 16:13:17'),
(671, 6, 'ec2625bf-612c-4f5a-a68b-081c946820a3', '2024-04-13 00:00:00', '07:03:00', '21:43:00', NULL, '2024-05-12 16:13:17', '2024-05-12 16:13:17'),
(672, 6, 'ec2625bf-612c-4f5a-a68b-081c946820a3', '2024-04-14 00:00:00', '06:47:00', '21:39:00', NULL, '2024-05-12 16:13:17', '2024-05-12 16:13:17'),
(673, 7, 'ec2625bf-612c-4f5a-a68b-081c946820a3', '2024-04-01 00:00:00', '07:34:00', '21:22:00', NULL, '2024-05-12 16:13:17', '2024-05-12 16:13:17'),
(674, 7, 'ec2625bf-612c-4f5a-a68b-081c946820a3', '2024-04-02 00:00:00', '07:19:00', '22:23:00', NULL, '2024-05-12 16:13:17', '2024-05-12 16:13:17'),
(675, 7, 'ec2625bf-612c-4f5a-a68b-081c946820a3', '2024-04-03 00:00:00', '07:58:00', '21:21:00', NULL, '2024-05-12 16:13:17', '2024-05-12 16:13:17'),
(676, 7, 'ec2625bf-612c-4f5a-a68b-081c946820a3', '2024-04-04 00:00:00', '07:37:00', '22:32:00', NULL, '2024-05-12 16:13:17', '2024-05-12 16:13:17'),
(677, 7, 'ec2625bf-612c-4f5a-a68b-081c946820a3', '2024-04-05 00:00:00', '07:14:00', '21:25:00', NULL, '2024-05-12 16:13:17', '2024-05-12 16:13:17'),
(678, 7, 'ec2625bf-612c-4f5a-a68b-081c946820a3', '2024-04-06 00:00:00', '06:23:00', '22:45:00', NULL, '2024-05-12 16:13:17', '2024-05-12 16:13:17');
INSERT INTO `timekeeps` (`id`, `calendar_id`, `user_id`, `date`, `time_in`, `time_out`, `shift`, `created_at`, `updated_at`) VALUES
(679, 7, 'ec2625bf-612c-4f5a-a68b-081c946820a3', '2024-04-07 00:00:00', '07:22:00', '22:31:00', NULL, '2024-05-12 16:13:17', '2024-05-12 16:13:17'),
(680, 8, 'ec2625bf-612c-4f5a-a68b-081c946820a3', '2024-03-25 00:00:00', '06:59:00', '21:40:00', NULL, '2024-05-12 16:13:17', '2024-05-12 16:13:17'),
(681, 8, 'ec2625bf-612c-4f5a-a68b-081c946820a3', '2024-03-26 00:00:00', '07:51:00', '22:44:00', NULL, '2024-05-12 16:13:17', '2024-05-12 16:13:17'),
(682, 8, 'ec2625bf-612c-4f5a-a68b-081c946820a3', '2024-03-27 00:00:00', '06:50:00', '21:09:00', NULL, '2024-05-12 16:13:17', '2024-05-12 16:13:17'),
(683, 8, 'ec2625bf-612c-4f5a-a68b-081c946820a3', '2024-03-28 00:00:00', '06:33:00', '21:05:00', NULL, '2024-05-12 16:13:17', '2024-05-12 16:13:17'),
(684, 8, 'ec2625bf-612c-4f5a-a68b-081c946820a3', '2024-03-29 00:00:00', '07:55:00', '21:04:00', NULL, '2024-05-12 16:13:17', '2024-05-12 16:13:17'),
(685, 8, 'ec2625bf-612c-4f5a-a68b-081c946820a3', '2024-03-30 00:00:00', '06:23:00', '21:13:00', NULL, '2024-05-12 16:13:17', '2024-05-12 16:13:17'),
(686, 8, 'ec2625bf-612c-4f5a-a68b-081c946820a3', '2024-03-31 00:00:00', '06:51:00', '21:10:00', NULL, '2024-05-12 16:13:17', '2024-05-12 16:13:17'),
(687, 9, 'ec2625bf-612c-4f5a-a68b-081c946820a3', '2024-04-08 00:00:00', '07:39:00', '21:42:00', NULL, '2024-05-12 16:13:17', '2024-05-12 16:13:17'),
(688, 9, 'ec2625bf-612c-4f5a-a68b-081c946820a3', '2024-04-09 00:00:00', '07:47:00', '22:49:00', NULL, '2024-05-12 16:13:17', '2024-05-12 16:13:17'),
(689, 9, 'ec2625bf-612c-4f5a-a68b-081c946820a3', '2024-04-10 00:00:00', '00:00:00', '00:00:00', NULL, '2024-05-12 16:13:17', '2024-05-12 16:13:17'),
(690, 9, 'ec2625bf-612c-4f5a-a68b-081c946820a3', '2024-04-11 00:00:00', '07:24:00', '22:26:00', NULL, '2024-05-12 16:13:17', '2024-05-12 16:13:17'),
(691, 9, 'ec2625bf-612c-4f5a-a68b-081c946820a3', '2024-04-12 00:00:00', '06:20:00', '22:03:00', NULL, '2024-05-12 16:13:17', '2024-05-12 16:13:17'),
(692, 9, 'ec2625bf-612c-4f5a-a68b-081c946820a3', '2024-04-13 00:00:00', '06:31:00', '21:13:00', NULL, '2024-05-12 16:13:17', '2024-05-12 16:13:17'),
(693, 9, 'ec2625bf-612c-4f5a-a68b-081c946820a3', '2024-04-14 00:00:00', '07:15:00', '22:21:00', NULL, '2024-05-12 16:13:17', '2024-05-12 16:13:17'),
(694, 10, 'ec2625bf-612c-4f5a-a68b-081c946820a3', '2024-03-18 00:00:00', '00:00:00', '00:00:00', NULL, '2024-05-12 16:13:17', '2024-05-12 16:13:17'),
(695, 10, 'ec2625bf-612c-4f5a-a68b-081c946820a3', '2024-03-19 00:00:00', '06:21:00', '21:59:00', NULL, '2024-05-12 16:13:17', '2024-05-12 16:13:17'),
(696, 10, 'ec2625bf-612c-4f5a-a68b-081c946820a3', '2024-03-20 00:00:00', '07:22:00', '22:16:00', NULL, '2024-05-12 16:13:17', '2024-05-12 16:13:17'),
(697, 10, 'ec2625bf-612c-4f5a-a68b-081c946820a3', '2024-03-21 00:00:00', '07:17:00', '22:06:00', NULL, '2024-05-12 16:13:17', '2024-05-12 16:13:17'),
(698, 10, 'ec2625bf-612c-4f5a-a68b-081c946820a3', '2024-03-22 00:00:00', '06:11:00', '21:41:00', NULL, '2024-05-12 16:13:17', '2024-05-12 16:13:17'),
(699, 10, 'ec2625bf-612c-4f5a-a68b-081c946820a3', '2024-03-23 00:00:00', '06:18:00', '23:00:00', NULL, '2024-05-12 16:13:17', '2024-05-12 16:13:17'),
(700, 10, 'ec2625bf-612c-4f5a-a68b-081c946820a3', '2024-03-24 00:00:00', '06:09:00', '22:23:00', NULL, '2024-05-12 16:13:17', '2024-05-12 16:13:17'),
(701, 1, 'ef6e1ec4-592a-4d6f-a795-e93f2e7acfc6', '2024-05-06 00:00:00', '07:47:00', '21:50:00', NULL, '2024-05-12 16:13:17', '2024-05-12 16:13:17'),
(702, 1, 'ef6e1ec4-592a-4d6f-a795-e93f2e7acfc6', '2024-05-07 00:00:00', '07:45:00', '22:35:00', NULL, '2024-05-12 16:13:17', '2024-05-12 16:13:17'),
(703, 1, 'ef6e1ec4-592a-4d6f-a795-e93f2e7acfc6', '2024-05-08 00:00:00', '06:11:00', '21:00:00', NULL, '2024-05-12 16:13:17', '2024-05-12 16:13:17'),
(704, 1, 'ef6e1ec4-592a-4d6f-a795-e93f2e7acfc6', '2024-05-09 00:00:00', '00:00:00', '00:00:00', NULL, '2024-05-12 16:13:17', '2024-05-12 16:13:17'),
(705, 1, 'ef6e1ec4-592a-4d6f-a795-e93f2e7acfc6', '2024-05-10 00:00:00', '06:03:00', '21:07:00', NULL, '2024-05-12 16:13:17', '2024-05-12 16:13:17'),
(706, 1, 'ef6e1ec4-592a-4d6f-a795-e93f2e7acfc6', '2024-05-11 00:00:00', '07:47:00', '21:57:00', NULL, '2024-05-12 16:13:17', '2024-05-12 16:13:17'),
(707, 1, 'ef6e1ec4-592a-4d6f-a795-e93f2e7acfc6', '2024-05-12 00:00:00', '07:11:00', '22:09:00', NULL, '2024-05-12 16:13:17', '2024-05-12 16:13:17'),
(708, 2, 'ef6e1ec4-592a-4d6f-a795-e93f2e7acfc6', '2024-04-29 00:00:00', '00:00:00', '00:00:00', NULL, '2024-05-12 16:13:17', '2024-05-12 16:13:17'),
(709, 2, 'ef6e1ec4-592a-4d6f-a795-e93f2e7acfc6', '2024-04-30 00:00:00', '07:47:00', '21:14:00', NULL, '2024-05-12 16:13:17', '2024-05-12 16:13:17'),
(710, 2, 'ef6e1ec4-592a-4d6f-a795-e93f2e7acfc6', '2024-05-01 00:00:00', '07:38:00', '21:40:00', NULL, '2024-05-12 16:13:17', '2024-05-12 16:13:17'),
(711, 2, 'ef6e1ec4-592a-4d6f-a795-e93f2e7acfc6', '2024-05-02 00:00:00', '06:09:00', '21:40:00', NULL, '2024-05-12 16:13:17', '2024-05-12 16:13:17'),
(712, 2, 'ef6e1ec4-592a-4d6f-a795-e93f2e7acfc6', '2024-05-03 00:00:00', '07:12:00', '21:27:00', NULL, '2024-05-12 16:13:17', '2024-05-12 16:13:17'),
(713, 2, 'ef6e1ec4-592a-4d6f-a795-e93f2e7acfc6', '2024-05-04 00:00:00', '07:33:00', '21:35:00', NULL, '2024-05-12 16:13:17', '2024-05-12 16:13:17'),
(714, 2, 'ef6e1ec4-592a-4d6f-a795-e93f2e7acfc6', '2024-05-05 00:00:00', '07:18:00', '21:08:00', NULL, '2024-05-12 16:13:17', '2024-05-12 16:13:17'),
(715, 3, 'ef6e1ec4-592a-4d6f-a795-e93f2e7acfc6', '2024-04-22 00:00:00', '06:22:00', '22:09:00', NULL, '2024-05-12 16:13:17', '2024-05-12 16:13:17'),
(716, 3, 'ef6e1ec4-592a-4d6f-a795-e93f2e7acfc6', '2024-04-23 00:00:00', '07:35:00', '22:17:00', NULL, '2024-05-12 16:13:17', '2024-05-12 16:13:17'),
(717, 3, 'ef6e1ec4-592a-4d6f-a795-e93f2e7acfc6', '2024-04-24 00:00:00', '07:50:00', '22:21:00', NULL, '2024-05-12 16:13:17', '2024-05-12 16:13:17'),
(718, 3, 'ef6e1ec4-592a-4d6f-a795-e93f2e7acfc6', '2024-04-25 00:00:00', '07:32:00', '21:22:00', NULL, '2024-05-12 16:13:17', '2024-05-12 16:13:17'),
(719, 3, 'ef6e1ec4-592a-4d6f-a795-e93f2e7acfc6', '2024-04-26 00:00:00', '06:03:00', '21:54:00', NULL, '2024-05-12 16:13:17', '2024-05-12 16:13:17'),
(720, 3, 'ef6e1ec4-592a-4d6f-a795-e93f2e7acfc6', '2024-04-27 00:00:00', '07:15:00', '22:59:00', NULL, '2024-05-12 16:13:17', '2024-05-12 16:13:17'),
(721, 3, 'ef6e1ec4-592a-4d6f-a795-e93f2e7acfc6', '2024-04-28 00:00:00', '00:00:00', '00:00:00', NULL, '2024-05-12 16:13:17', '2024-05-12 16:13:17'),
(722, 4, 'ef6e1ec4-592a-4d6f-a795-e93f2e7acfc6', '2024-04-15 00:00:00', '07:32:00', '21:10:00', NULL, '2024-05-12 16:13:17', '2024-05-12 16:13:17'),
(723, 4, 'ef6e1ec4-592a-4d6f-a795-e93f2e7acfc6', '2024-04-16 00:00:00', '07:30:00', '21:56:00', NULL, '2024-05-12 16:13:17', '2024-05-12 16:13:17'),
(724, 4, 'ef6e1ec4-592a-4d6f-a795-e93f2e7acfc6', '2024-04-17 00:00:00', '06:16:00', '21:44:00', NULL, '2024-05-12 16:13:17', '2024-05-12 16:13:17'),
(725, 4, 'ef6e1ec4-592a-4d6f-a795-e93f2e7acfc6', '2024-04-18 00:00:00', '06:45:00', '21:12:00', NULL, '2024-05-12 16:13:17', '2024-05-12 16:13:17'),
(726, 4, 'ef6e1ec4-592a-4d6f-a795-e93f2e7acfc6', '2024-04-19 00:00:00', '00:00:00', '00:00:00', NULL, '2024-05-12 16:13:17', '2024-05-12 16:13:17'),
(727, 4, 'ef6e1ec4-592a-4d6f-a795-e93f2e7acfc6', '2024-04-20 00:00:00', '07:26:00', '22:56:00', NULL, '2024-05-12 16:13:17', '2024-05-12 16:13:17'),
(728, 4, 'ef6e1ec4-592a-4d6f-a795-e93f2e7acfc6', '2024-04-21 00:00:00', '07:49:00', '22:04:00', NULL, '2024-05-12 16:13:17', '2024-05-12 16:13:17'),
(729, 5, 'ef6e1ec4-592a-4d6f-a795-e93f2e7acfc6', '2024-04-08 00:00:00', '06:21:00', '22:51:00', NULL, '2024-05-12 16:13:17', '2024-05-12 16:13:17'),
(730, 5, 'ef6e1ec4-592a-4d6f-a795-e93f2e7acfc6', '2024-04-09 00:00:00', '00:00:00', '00:00:00', NULL, '2024-05-12 16:13:17', '2024-05-12 16:13:17'),
(731, 5, 'ef6e1ec4-592a-4d6f-a795-e93f2e7acfc6', '2024-04-10 00:00:00', '06:32:00', '21:39:00', NULL, '2024-05-12 16:13:17', '2024-05-12 16:13:17'),
(732, 5, 'ef6e1ec4-592a-4d6f-a795-e93f2e7acfc6', '2024-04-11 00:00:00', '06:12:00', '21:55:00', NULL, '2024-05-12 16:13:17', '2024-05-12 16:13:17'),
(733, 5, 'ef6e1ec4-592a-4d6f-a795-e93f2e7acfc6', '2024-04-12 00:00:00', '07:30:00', '22:46:00', NULL, '2024-05-12 16:13:17', '2024-05-12 16:13:17'),
(734, 5, 'ef6e1ec4-592a-4d6f-a795-e93f2e7acfc6', '2024-04-13 00:00:00', '00:00:00', '00:00:00', NULL, '2024-05-12 16:13:17', '2024-05-12 16:13:17'),
(735, 5, 'ef6e1ec4-592a-4d6f-a795-e93f2e7acfc6', '2024-04-14 00:00:00', '07:07:00', '22:42:00', NULL, '2024-05-12 16:13:17', '2024-05-12 16:13:17'),
(736, 6, 'ef6e1ec4-592a-4d6f-a795-e93f2e7acfc6', '2024-04-08 00:00:00', '00:00:00', '00:00:00', NULL, '2024-05-12 16:13:18', '2024-05-12 16:13:18'),
(737, 6, 'ef6e1ec4-592a-4d6f-a795-e93f2e7acfc6', '2024-04-09 00:00:00', '00:00:00', '00:00:00', NULL, '2024-05-12 16:13:18', '2024-05-12 16:13:18'),
(738, 6, 'ef6e1ec4-592a-4d6f-a795-e93f2e7acfc6', '2024-04-10 00:00:00', '06:27:00', '22:53:00', NULL, '2024-05-12 16:13:18', '2024-05-12 16:13:18'),
(739, 6, 'ef6e1ec4-592a-4d6f-a795-e93f2e7acfc6', '2024-04-11 00:00:00', '06:20:00', '21:12:00', NULL, '2024-05-12 16:13:18', '2024-05-12 16:13:18'),
(740, 6, 'ef6e1ec4-592a-4d6f-a795-e93f2e7acfc6', '2024-04-12 00:00:00', '07:25:00', '21:37:00', NULL, '2024-05-12 16:13:18', '2024-05-12 16:13:18'),
(741, 6, 'ef6e1ec4-592a-4d6f-a795-e93f2e7acfc6', '2024-04-13 00:00:00', '07:36:00', '22:48:00', NULL, '2024-05-12 16:13:18', '2024-05-12 16:13:18'),
(742, 6, 'ef6e1ec4-592a-4d6f-a795-e93f2e7acfc6', '2024-04-14 00:00:00', '07:25:00', '22:04:00', NULL, '2024-05-12 16:13:18', '2024-05-12 16:13:18'),
(743, 7, 'ef6e1ec4-592a-4d6f-a795-e93f2e7acfc6', '2024-04-01 00:00:00', '00:00:00', '00:00:00', NULL, '2024-05-12 16:13:18', '2024-05-12 16:13:18'),
(744, 7, 'ef6e1ec4-592a-4d6f-a795-e93f2e7acfc6', '2024-04-02 00:00:00', '07:47:00', '21:08:00', NULL, '2024-05-12 16:13:18', '2024-05-12 16:13:18'),
(745, 7, 'ef6e1ec4-592a-4d6f-a795-e93f2e7acfc6', '2024-04-03 00:00:00', '06:10:00', '21:40:00', NULL, '2024-05-12 16:13:18', '2024-05-12 16:13:18'),
(746, 7, 'ef6e1ec4-592a-4d6f-a795-e93f2e7acfc6', '2024-04-04 00:00:00', '06:36:00', '22:56:00', NULL, '2024-05-12 16:13:18', '2024-05-12 16:13:18'),
(747, 7, 'ef6e1ec4-592a-4d6f-a795-e93f2e7acfc6', '2024-04-05 00:00:00', '07:52:00', '21:06:00', NULL, '2024-05-12 16:13:18', '2024-05-12 16:13:18'),
(748, 7, 'ef6e1ec4-592a-4d6f-a795-e93f2e7acfc6', '2024-04-06 00:00:00', '00:00:00', '00:00:00', NULL, '2024-05-12 16:13:18', '2024-05-12 16:13:18'),
(749, 7, 'ef6e1ec4-592a-4d6f-a795-e93f2e7acfc6', '2024-04-07 00:00:00', '06:32:00', '21:10:00', NULL, '2024-05-12 16:13:18', '2024-05-12 16:13:18'),
(750, 8, 'ef6e1ec4-592a-4d6f-a795-e93f2e7acfc6', '2024-03-25 00:00:00', '06:43:00', '22:44:00', NULL, '2024-05-12 16:13:18', '2024-05-12 16:13:18'),
(751, 8, 'ef6e1ec4-592a-4d6f-a795-e93f2e7acfc6', '2024-03-26 00:00:00', '00:00:00', '00:00:00', NULL, '2024-05-12 16:13:18', '2024-05-12 16:13:18'),
(752, 8, 'ef6e1ec4-592a-4d6f-a795-e93f2e7acfc6', '2024-03-27 00:00:00', '07:50:00', '22:13:00', NULL, '2024-05-12 16:13:18', '2024-05-12 16:13:18'),
(753, 8, 'ef6e1ec4-592a-4d6f-a795-e93f2e7acfc6', '2024-03-28 00:00:00', '06:46:00', '22:45:00', NULL, '2024-05-12 16:13:18', '2024-05-12 16:13:18'),
(754, 8, 'ef6e1ec4-592a-4d6f-a795-e93f2e7acfc6', '2024-03-29 00:00:00', '07:04:00', '22:01:00', NULL, '2024-05-12 16:13:18', '2024-05-12 16:13:18'),
(755, 8, 'ef6e1ec4-592a-4d6f-a795-e93f2e7acfc6', '2024-03-30 00:00:00', '00:00:00', '00:00:00', NULL, '2024-05-12 16:13:18', '2024-05-12 16:13:18'),
(756, 8, 'ef6e1ec4-592a-4d6f-a795-e93f2e7acfc6', '2024-03-31 00:00:00', '07:44:00', '22:39:00', NULL, '2024-05-12 16:13:18', '2024-05-12 16:13:18'),
(757, 9, 'ef6e1ec4-592a-4d6f-a795-e93f2e7acfc6', '2024-04-08 00:00:00', '00:00:00', '00:00:00', NULL, '2024-05-12 16:13:18', '2024-05-12 16:13:18'),
(758, 9, 'ef6e1ec4-592a-4d6f-a795-e93f2e7acfc6', '2024-04-09 00:00:00', '06:34:00', '21:16:00', NULL, '2024-05-12 16:13:18', '2024-05-12 16:13:18'),
(759, 9, 'ef6e1ec4-592a-4d6f-a795-e93f2e7acfc6', '2024-04-10 00:00:00', '06:34:00', '22:55:00', NULL, '2024-05-12 16:13:18', '2024-05-12 16:13:18'),
(760, 9, 'ef6e1ec4-592a-4d6f-a795-e93f2e7acfc6', '2024-04-11 00:00:00', '06:16:00', '21:49:00', NULL, '2024-05-12 16:13:18', '2024-05-12 16:13:18'),
(761, 9, 'ef6e1ec4-592a-4d6f-a795-e93f2e7acfc6', '2024-04-12 00:00:00', '06:49:00', '21:13:00', NULL, '2024-05-12 16:13:18', '2024-05-12 16:13:18'),
(762, 9, 'ef6e1ec4-592a-4d6f-a795-e93f2e7acfc6', '2024-04-13 00:00:00', '06:27:00', '21:38:00', NULL, '2024-05-12 16:13:18', '2024-05-12 16:13:18'),
(763, 9, 'ef6e1ec4-592a-4d6f-a795-e93f2e7acfc6', '2024-04-14 00:00:00', '07:48:00', '21:49:00', NULL, '2024-05-12 16:13:18', '2024-05-12 16:13:18'),
(764, 10, 'ef6e1ec4-592a-4d6f-a795-e93f2e7acfc6', '2024-03-18 00:00:00', '07:44:00', '22:04:00', NULL, '2024-05-12 16:13:18', '2024-05-12 16:13:18'),
(765, 10, 'ef6e1ec4-592a-4d6f-a795-e93f2e7acfc6', '2024-03-19 00:00:00', '06:26:00', '22:03:00', NULL, '2024-05-12 16:13:18', '2024-05-12 16:13:18'),
(766, 10, 'ef6e1ec4-592a-4d6f-a795-e93f2e7acfc6', '2024-03-20 00:00:00', '06:10:00', '21:07:00', NULL, '2024-05-12 16:13:18', '2024-05-12 16:13:18'),
(767, 10, 'ef6e1ec4-592a-4d6f-a795-e93f2e7acfc6', '2024-03-21 00:00:00', '06:02:00', '22:06:00', NULL, '2024-05-12 16:13:18', '2024-05-12 16:13:18'),
(768, 10, 'ef6e1ec4-592a-4d6f-a795-e93f2e7acfc6', '2024-03-22 00:00:00', '07:58:00', '22:41:00', NULL, '2024-05-12 16:13:18', '2024-05-12 16:13:18'),
(769, 10, 'ef6e1ec4-592a-4d6f-a795-e93f2e7acfc6', '2024-03-23 00:00:00', '08:00:00', '21:07:00', NULL, '2024-05-12 16:13:18', '2024-05-12 16:13:18'),
(770, 10, 'ef6e1ec4-592a-4d6f-a795-e93f2e7acfc6', '2024-03-24 00:00:00', '07:14:00', '22:34:00', NULL, '2024-05-12 16:13:18', '2024-05-12 16:13:18');

-- --------------------------------------------------------

--
-- Table structure for table `users`
--

CREATE TABLE `users` (
  `id` char(36) COLLATE utf8mb4_unicode_ci NOT NULL,
  `username` varchar(200) COLLATE utf8mb4_unicode_ci NOT NULL,
  `fullname` varchar(200) COLLATE utf8mb4_unicode_ci DEFAULT NULL,
  `email` varchar(200) COLLATE utf8mb4_unicode_ci NOT NULL,
  `email_verified_at` timestamp NULL DEFAULT NULL,
  `password` varchar(200) COLLATE utf8mb4_unicode_ci NOT NULL,
  `phone` varchar(10) COLLATE utf8mb4_unicode_ci DEFAULT NULL,
  `cccd` varchar(12) COLLATE utf8mb4_unicode_ci DEFAULT NULL,
  `sex` int UNSIGNED NOT NULL DEFAULT '0',
  `address` text COLLATE utf8mb4_unicode_ci,
  `birthday` date DEFAULT NULL,
  `image` text COLLATE utf8mb4_unicode_ci,
  `qr_code` text COLLATE utf8mb4_unicode_ci,
  `position_id` char(36) COLLATE utf8mb4_unicode_ci DEFAULT NULL,
  `status` int UNSIGNED NOT NULL DEFAULT '0',
  `remember_token` varchar(100) COLLATE utf8mb4_unicode_ci DEFAULT NULL,
  `last_activity` timestamp NULL DEFAULT NULL,
  `created_at` timestamp NULL DEFAULT NULL,
  `updated_at` timestamp NULL DEFAULT NULL
) ENGINE=InnoDB DEFAULT CHARSET=utf8mb4 COLLATE=utf8mb4_unicode_ci;

--
-- Dumping data for table `users`
--

INSERT INTO `users` (`id`, `username`, `fullname`, `email`, `email_verified_at`, `password`, `phone`, `cccd`, `sex`, `address`, `birthday`, `image`, `qr_code`, `position_id`, `status`, `remember_token`, `last_activity`, `created_at`, `updated_at`) VALUES
('0853b6db-db10-48e7-ac45-45f728a3d6e4', 'nhanvieng', 'Nhn vin g', 'nvg@gmail.com', NULL, '$2y$12$4jFLX62uBCiGhNkI6O7elORymSBohv4iukdoSbl2oEVoBUrjcGxYK', NULL, NULL, 0, NULL, NULL, 'avatar-7.jpg', NULL, 'a7a8a131-fc40-4151-b03a-fa847a4771e5', 0, 'nuEjLVwwPn', NULL, '2024-05-12 16:13:09', '2024-05-12 16:13:09'),
('233d626d-de50-4244-8dd1-6d598f6f9360', 'nhanviena', 'Nhn vin A', 'nva@gmail.com', NULL, '$2y$12$j5Agxf7GIsTWmTz9lFGrxuuu7Oqyg/srf.bWNwf1TyF.LPMjpmJFS', NULL, NULL, 0, NULL, NULL, 'avatar-1.jpg', NULL, 'a2f9c6e8-ffeb-4038-b94b-cb0d4599c00b', 1, 'ziTnlGvdyw', NULL, '2024-05-12 16:13:08', '2024-05-12 16:13:23'),
('3fe8dad9-94db-40e9-86e8-be95c868f550', 'nhanvienb', 'Nhn vin B', 'nvb@gmail.com', NULL, '$2y$12$6IJu4XDf5p5btPSAoIzyZupnArV68jzlfLIDJEsdckoCxgaAgTg3O', NULL, NULL, 0, NULL, NULL, 'avatar-2.jpg', NULL, '0483c9a8-0af3-4228-bf0b-6d13f2d94f0c', 0, 'MhqGjoUrGI', NULL, '2024-05-12 16:13:08', '2024-05-12 16:13:08'),
('60258b59-f1ec-4873-985c-f5008d33410c', 'nhanvienc', 'Nhn vin C', 'nvc@gmail.com', NULL, '$2y$12$/6VkqLx50/yyi89XxL8mo.IEO8DWe/hzNP4AlZ29xnkbNbWsXryA6', NULL, NULL, 0, NULL, NULL, 'avatar-3.jpg', NULL, 'a7a8a131-fc40-4151-b03a-fa847a4771e5', 0, '41XwAxFQwJ', NULL, '2024-05-12 16:13:08', '2024-05-12 16:13:08'),
('8af006cf-b93d-4f6a-aad3-385e94fc0fd2', 'nhanvienh', 'Nhn vin h', 'nvh@gmail.com', NULL, '$2y$12$d8lNKtkrFfPr2UimSpavMOjUsWtUdyfc0k3rywyeaUHWwh9cZdIMC', NULL, NULL, 0, NULL, NULL, 'avatar-8.jpg', NULL, 'a7a8a131-fc40-4151-b03a-fa847a4771e5', 0, 'l75hG3Tfi4', NULL, '2024-05-12 16:13:10', '2024-05-12 16:13:10'),
('92e13d3c-4da1-4458-acb9-1ebd68c02cf0', 'nhanviend', 'Nhn vin D', 'nvd@gmail.com', NULL, '$2y$12$eMMlwBOmuANlrJl9a1AvkO0OICZXU10LaiSk2kTdpqd0zNsXkvEfu', NULL, NULL, 0, NULL, NULL, 'avatar-4.jpg', NULL, 'a7a8a131-fc40-4151-b03a-fa847a4771e5', 0, 'ie9hPI8emR', NULL, '2024-05-12 16:13:08', '2024-05-12 16:13:08'),
('9e248025-e7c5-4ff9-a470-c82184671297', 'nhanvieni', 'Nhn vin I', 'nvi@gmail.com', NULL, '$2y$12$tGHaCAoY7zVOxuZK8r.GA.fgJyTUSxZEZeKt8LfzkW0KTUMSTF2QS', NULL, NULL, 0, NULL, NULL, 'avatar-9.jpg', NULL, 'a2f9c6e8-ffeb-4038-b94b-cb0d4599c00b', 0, 'mCF8YmFxpA', NULL, '2024-05-12 16:13:10', '2024-05-12 16:13:10'),
('bc8b5621-1b7e-4654-90b0-dd27f64a5d47', 'nhanvienl', 'Nhn vin L', 'nvl@gmail.com', NULL, '$2y$12$HZNMAPX3KpnJH0vGzvJzP.2UuyyCFeJpD9uwYh4vbdnkf9S0AbfgO', NULL, NULL, 0, NULL, NULL, 'avatar-11.jpg', NULL, 'a2f9c6e8-ffeb-4038-b94b-cb0d4599c00b', 0, 'mny2c7WXxY', NULL, '2024-05-12 16:13:11', '2024-05-12 16:13:11'),
('d82a1f22-0fd6-47e6-a6de-baae5fbf017a', 'nhanvienf', 'Nhn vin F', 'nvf@gmail.com', NULL, '$2y$12$c0Ppwpb2.yNXcakPuo4t2enzqHecxHd8/QBZHbh1vfJLPLCGwQTrW', NULL, NULL, 0, NULL, NULL, 'avatar-6.jpg', NULL, 'a2f9c6e8-ffeb-4038-b94b-cb0d4599c00b', 0, 'YRDP5rOaXJ', NULL, '2024-05-12 16:13:09', '2024-05-12 16:13:09'),
('ec2625bf-612c-4f5a-a68b-081c946820a3', 'nhanviene', 'Nhn vin E', 'nve@gmail.com', NULL, '$2y$12$b1Uy0RpR8gerElCkY61mlOYNM0Ygr8IKSlkjkj4Ygo4RvDcjIjruG', NULL, NULL, 0, NULL, NULL, 'avatar-5.jpg', NULL, 'a2f9c6e8-ffeb-4038-b94b-cb0d4599c00b', 0, 'e63xmmLVhe', NULL, '2024-05-12 16:13:09', '2024-05-12 16:13:09'),
('ef6e1ec4-592a-4d6f-a795-e93f2e7acfc6', 'nhanvienk', 'Nhn vin K', 'nvk@gmail.com', NULL, '$2y$12$Er2FtW4XdBvdBNf.8I0d9OQJqpGaZ483nT2F1bsYmGC0aBYYYng3.', NULL, NULL, 0, NULL, NULL, 'avatar-10.jpg', NULL, 'a2f9c6e8-ffeb-4038-b94b-cb0d4599c00b', 0, 'UWo00IdPYv', NULL, '2024-05-12 16:13:10', '2024-05-12 16:13:10');

--
-- Indexes for dumped tables
--

--
-- Indexes for table `admins`
--
ALTER TABLE `admins`
  ADD PRIMARY KEY (`id`),
  ADD UNIQUE KEY `admins_username_unique` (`username`),
  ADD UNIQUE KEY `admins_password_unique` (`password`);

--
-- Indexes for table `calendars`
--
ALTER TABLE `calendars`
  ADD PRIMARY KEY (`id`);

--
-- Indexes for table `calendar_users`
--
ALTER TABLE `calendar_users`
  ADD PRIMARY KEY (`id`),
  ADD KEY `calendar_users_calendar_id_foreign` (`calendar_id`),
  ADD KEY `calendar_users_user_id_foreign` (`user_id`);

--
-- Indexes for table `detail_timekeeps`
--
ALTER TABLE `detail_timekeeps`
  ADD PRIMARY KEY (`id`),
  ADD KEY `detail_timekeeps_timekeep_id_foreign` (`timekeep_id`),
  ADD KEY `detail_timekeeps_calendar_id_foreign` (`calendar_id`),
  ADD KEY `detail_timekeeps_user_id_foreign` (`user_id`);

--
-- Indexes for table `migrations`
--
ALTER TABLE `migrations`
  ADD PRIMARY KEY (`id`);

--
-- Indexes for table `password_reset_tokens`
--
ALTER TABLE `password_reset_tokens`
  ADD PRIMARY KEY (`email`);

--
-- Indexes for table `personal_access_tokens`
--
ALTER TABLE `personal_access_tokens`
  ADD PRIMARY KEY (`id`),
  ADD UNIQUE KEY `personal_access_tokens_token_unique` (`token`),
  ADD KEY `personal_access_tokens_tokenable_type_tokenable_id_index` (`tokenable_type`,`tokenable_id`);

--
-- Indexes for table `positions`
--
ALTER TABLE `positions`
  ADD PRIMARY KEY (`id`);

--
-- Indexes for table `qrcodes`
--
ALTER TABLE `qrcodes`
  ADD PRIMARY KEY (`id`);

--
-- Indexes for table `qrcode_user`
--
ALTER TABLE `qrcode_user`
  ADD PRIMARY KEY (`id`),
  ADD KEY `qrcode_user_qrcode_id_foreign` (`qrcode_id`),
  ADD KEY `qrcode_user_user_id_foreign` (`user_id`);

--
-- Indexes for table `salaries`
--
ALTER TABLE `salaries`
  ADD PRIMARY KEY (`id`),
  ADD KEY `salaries_user_id_foreign` (`user_id`),
  ADD KEY `salaries_position_id_foreign` (`position_id`);

--
-- Indexes for table `schedules`
--
ALTER TABLE `schedules`
  ADD PRIMARY KEY (`id`),
  ADD KEY `schedules_calendar_id_foreign` (`calendar_id`),
  ADD KEY `schedules_user_id_foreign` (`user_id`);

--
-- Indexes for table `timekeeps`
--
ALTER TABLE `timekeeps`
  ADD PRIMARY KEY (`id`),
  ADD KEY `timekeeps_calendar_id_foreign` (`calendar_id`),
  ADD KEY `timekeeps_user_id_foreign` (`user_id`);

--
-- Indexes for table `users`
--
ALTER TABLE `users`
  ADD PRIMARY KEY (`id`),
  ADD UNIQUE KEY `users_email_unique` (`email`),
  ADD KEY `users_position_id_foreign` (`position_id`);

--
-- AUTO_INCREMENT for dumped tables
--

--
-- AUTO_INCREMENT for table `calendars`
--
ALTER TABLE `calendars`
  MODIFY `id` bigint UNSIGNED NOT NULL AUTO_INCREMENT, AUTO_INCREMENT=11;

--
-- AUTO_INCREMENT for table `calendar_users`
--
ALTER TABLE `calendar_users`
  MODIFY `id` bigint UNSIGNED NOT NULL AUTO_INCREMENT, AUTO_INCREMENT=111;

--
-- AUTO_INCREMENT for table `detail_timekeeps`
--
ALTER TABLE `detail_timekeeps`
  MODIFY `id` bigint UNSIGNED NOT NULL AUTO_INCREMENT, AUTO_INCREMENT=792;

--
-- AUTO_INCREMENT for table `migrations`
--
ALTER TABLE `migrations`
  MODIFY `id` int UNSIGNED NOT NULL AUTO_INCREMENT, AUTO_INCREMENT=466;

--
-- AUTO_INCREMENT for table `personal_access_tokens`
--
ALTER TABLE `personal_access_tokens`
  MODIFY `id` bigint UNSIGNED NOT NULL AUTO_INCREMENT;

--
-- AUTO_INCREMENT for table `qrcode_user`
--
ALTER TABLE `qrcode_user`
  MODIFY `id` bigint UNSIGNED NOT NULL AUTO_INCREMENT, AUTO_INCREMENT=12;

--
-- AUTO_INCREMENT for table `salaries`
--
ALTER TABLE `salaries`
  MODIFY `id` bigint UNSIGNED NOT NULL AUTO_INCREMENT, AUTO_INCREMENT=34;

--
-- AUTO_INCREMENT for table `schedules`
--
ALTER TABLE `schedules`
  MODIFY `id` bigint UNSIGNED NOT NULL AUTO_INCREMENT, AUTO_INCREMENT=771;

--
-- AUTO_INCREMENT for table `timekeeps`
--
ALTER TABLE `timekeeps`
  MODIFY `id` bigint UNSIGNED NOT NULL AUTO_INCREMENT, AUTO_INCREMENT=771;

--
-- Constraints for dumped tables
--

--
-- Constraints for table `calendar_users`
--
ALTER TABLE `calendar_users`
  ADD CONSTRAINT `calendar_users_calendar_id_foreign` FOREIGN KEY (`calendar_id`) REFERENCES `calendars` (`id`),
  ADD CONSTRAINT `calendar_users_user_id_foreign` FOREIGN KEY (`user_id`) REFERENCES `users` (`id`) ON DELETE CASCADE;

--
-- Constraints for table `detail_timekeeps`
--
ALTER TABLE `detail_timekeeps`
  ADD CONSTRAINT `detail_timekeeps_calendar_id_foreign` FOREIGN KEY (`calendar_id`) REFERENCES `calendars` (`id`) ON DELETE CASCADE,
  ADD CONSTRAINT `detail_timekeeps_timekeep_id_foreign` FOREIGN KEY (`timekeep_id`) REFERENCES `timekeeps` (`id`) ON DELETE CASCADE,
  ADD CONSTRAINT `detail_timekeeps_user_id_foreign` FOREIGN KEY (`user_id`) REFERENCES `users` (`id`) ON DELETE CASCADE;

--
-- Constraints for table `qrcode_user`
--
ALTER TABLE `qrcode_user`
  ADD CONSTRAINT `qrcode_user_qrcode_id_foreign` FOREIGN KEY (`qrcode_id`) REFERENCES `qrcodes` (`id`) ON DELETE CASCADE,
  ADD CONSTRAINT `qrcode_user_user_id_foreign` FOREIGN KEY (`user_id`) REFERENCES `users` (`id`) ON DELETE CASCADE;

--
-- Constraints for table `salaries`
--
ALTER TABLE `salaries`
  ADD CONSTRAINT `salaries_position_id_foreign` FOREIGN KEY (`position_id`) REFERENCES `positions` (`id`) ON DELETE CASCADE,
  ADD CONSTRAINT `salaries_user_id_foreign` FOREIGN KEY (`user_id`) REFERENCES `users` (`id`) ON DELETE CASCADE;

--
-- Constraints for table `schedules`
--
ALTER TABLE `schedules`
  ADD CONSTRAINT `schedules_calendar_id_foreign` FOREIGN KEY (`calendar_id`) REFERENCES `calendars` (`id`) ON DELETE CASCADE,
  ADD CONSTRAINT `schedules_user_id_foreign` FOREIGN KEY (`user_id`) REFERENCES `users` (`id`) ON DELETE CASCADE;

--
-- Constraints for table `timekeeps`
--
ALTER TABLE `timekeeps`
  ADD CONSTRAINT `timekeeps_calendar_id_foreign` FOREIGN KEY (`calendar_id`) REFERENCES `calendars` (`id`) ON DELETE CASCADE,
  ADD CONSTRAINT `timekeeps_user_id_foreign` FOREIGN KEY (`user_id`) REFERENCES `users` (`id`) ON DELETE CASCADE;

--
-- Constraints for table `users`
--
ALTER TABLE `users`
  ADD CONSTRAINT `users_position_id_foreign` FOREIGN KEY (`position_id`) REFERENCES `positions` (`id`);
COMMIT;

/*!40101 SET CHARACTER_SET_CLIENT=@OLD_CHARACTER_SET_CLIENT */;
/*!40101 SET CHARACTER_SET_RESULTS=@OLD_CHARACTER_SET_RESULTS */;
/*!40101 SET COLLATION_CONNECTION=@OLD_COLLATION_CONNECTION */;
